codigo,codigo_barras,clave,descripcion,marca,categoria
60136,,DOM-TR,Dominó TRUPER,TRUPER,"Artículos promocionales / Silla, toldo, parasol, paraguas, balones, barajas, dominó, relojes y cordón portagafete"
60445,,CUBI-T,Cubilete TRUPER,TRUPER,"Artículos promocionales / Silla, toldo, parasol, paraguas, balones, barajas, dominó, relojes y cordón portagafete"
55565,,EXT-BAV,Exhibidor TRUPER de brocas de alta velocidad,TRUPER,Muestrarios para identificar medidas
55564,,EXT-BCT,Exhibidor TRUPER de brocas de concreto,TRUPER,Muestrarios para identificar medidas
55566,,EXT-CARB,Exhibidor TRUPER de carbones de repuesto,TRUPER,Muestrarios para identificar medidas
55559,,EXT-LA,Exhibidor TRUPER de lijas de agua,TRUPER,Muestrarios para identificar medidas
55560,,EXT-LM,Exhibidor TRUPER de lijas de madera,TRUPER,Muestrarios para identificar medidas
55561,,EXT-MAN,"Exhibidor TRUPER de mangueras para jardín, nivel y gas",TRUPER,Muestrarios para identificar medidas
68093,,CATA-26D,Catálogo TRUPER 2026 Precio Distribuidor,TRUPER,Artículos promocionales y para tienda
68096,,CATA-26P,Catálogo TRUPER 2026 Precio Público,TRUPER,Artículos promocionales y para tienda
68097,,CATA-26S,Catálogo TRUPER 2026 Sin Precios,TRUPER,Artículos promocionales y para tienda
68098,,CATA-26FD,Catálogo TRUPER 2026 Frontera Precio Distribuidor,TRUPER,Artículos promocionales y para tienda
68099,,CATA-26FP,Catálogo TRUPER 2026 Frontera Precio Publico,TRUPER,Artículos promocionales y para tienda
51574,,BANCO,Banco metálico TRUPER,TRUPER,Artículos promocionales y para tienda
101281,,MOHE-17,"Mochila portaherramientas, 33 compartimientos, TRUPER EXPERT",TRUPER EXPERT,"Cajas para herramienta, maletas y mochilas portaherramienta"
56014,,R-GAV,Rack organizador multi gavetas TRUPER,TRUPER,Racks exhibidores
14489,,CEPP-50,"Cepillo para pintor, superficies semirrugosas, TRUPER",TRUPER,"Cepillos para picar pintura e impermeabilizar, pinta pads y extensiones para rodillo"
59995,,R-TUB,Rack para tubos TRUPER,FOSET,Racks exhibidores
59994,,R-GEN,Rack para Generadores TRUPER,TRUPER,Racks exhibidores
102264,,MA-H2000X,"Manguera para HILA-2000X, TRUPER EXPERT",TRUPER EXPERT,Hidrolavadoras eléctricas
101967,,POHE-1NX,"Cinturón de trabajo, TRUPER EXPERT",TRUPER EXPERT,Portaherramientas
55252,,R-P-CAT,"Rack parado para carretilla Truper, Truper",TRUPER,Racks exhibidores
102262,,PI-H2000X,"Pistola para HILA-2000X, TRUPER EXPERT",TRUPER EXPERT,Hidrolavadoras eléctricas
102992,,TRAV-50X/60X,Travesaño para carretillas TRUPER EXPERT,TRUPER EXPERT,Refacciones para carretillas bastidor tubular
100433,,BOAC-1AX,"Bomba centrífuga para agua, 1 HP, TRUPER EXPERT",TRUPER EXPERT,"Bombas eléctricas para agua, centrífugas, sumergible para fuente y para enfriadores evaporativos"
13415,,LIREX-480,"Linterna recargable con luz emergencia, 480lm, TRUPER EXPERT",TRUPER EXPERT,"Linternas LED de emergencia, lámparas de trabajo y de taller"
15158,,GU-665,"Guantes para mecánico con antiimpacto,unitalla,TRUPER EXPERT",TRUPER EXPERT,"Guantes antiimpacto, para mecánico y motociclista"
100417,,CAT-60X,"Carretilla 6ft3 Imponchable, bastidor tubular, TRUPER EXPERT",TRUPER EXPERT,"Carretillas bastidor tubular, Truper Expert y Truper"
100416,,CAT-50X,"Carretilla 5.5ft3 Imponchable bastidor tubular,TRUPER EXPERT",TRUPER EXPERT,"Carretillas bastidor tubular, Truper Expert y Truper"
100333,,REX-8,"Remachadora profesional 8"", TRUPER EXPERT",TRUPER EXPERT,Remachadoras
13730,,KIT-RES-MU,"Kit respirador con cartuchos multigas, TRUPER EXPERT",TRUPER EXPERT,Respiradores y goggles
16777,,LIXR-2AA,"Linterna LED recargable, de aluminio, 500 lm, TRUPER EXPERT",TRUPER EXPERT,Linternas LED de aluminio y plásticas
102530,,RES-600,"Respirador de cara completa, reutilizable, TRUPER EXPERT",TRUPER EXPERT,Respiradores y goggles
103614,,BOM-MAX,"Bomba manual con manómetro, 120 PSI, TRUPER EXPERT",TRUPER EXPERT,"Bombas para inflar, adaptadores y bombas extractoras"
100915,,PONCHO-X,"Poncho o capamanga doble capa, TRUPER EXPERT",TRUPER EXPERT,Gabardinas impermeables y ponchos
62140,,MARO-20,"Maleta de cabina ligera negra 49 L, Truper",TRUPER,"Artículos promocionales / Maletas, mochilas, portafolio, bolsos y saco de avío"
16778,,LIXR-2D,"Linterna LED recargable, de aluminio,1,300 lm, TRUPER EXPERT",TRUPER EXPERT,Linternas LED de aluminio y plásticas
101132,,IMPER-L-X,"Gabardina impermeable triple capa, talla G, TRUPER EXPERT",TRUPER EXPERT,Gabardinas impermeables y ponchos
16779,,LIXR-3D,"Linterna LED recargable, de aluminio,2,000 lm, TRUPER EXPERT",TRUPER EXPERT,Linternas LED de aluminio y plásticas
18564,,TIMU-8E,"Tijera 8"" multiusos,cuchilla dentada,acero inoxidable,TRUPER",TRUPER,"Tijeras multiusos, para oficina, estilista y escolar"
101131,,IMPER-M-X,"Gabardina impermeable triple capa, talla M, TRUPER EXPERT",TRUPER EXPERT,Gabardinas impermeables y ponchos
101133,,IMPER-XL-X,"Gabardina impermeable triple capa, talla XG, TRUPER EXPERT",TRUPER EXPERT,Gabardinas impermeables y ponchos
100913,,TRA-PRO-L-X,"Conjunto impermeable triple capa, talla G, TRUPER EXPERT",TRUPER EXPERT,Conjuntos impermeables y overoles
100955,,BACA-LT,Larguero de bastidor calibre 16 para carretillas TRUPER,TRUPER,Refacciones para carretillas bastidor tubular
13732,,RES-X,"Respirador profesional media cara, TRUPER EXPERT",TRUPER EXPERT,Respiradores y goggles
19915,,MART-20X,"Martelina forjada talacho-pico 20 oz, mango con TPR, EXPERT",TRUPER EXPERT,Martillos especiales y martelinas
101902,,MALE-22R,"Maleta portaherramientas 18-1/2"", con ruedas, TRUPER EXPERT",TRUPER EXPERT,"Cajas para herramienta, maletas y mochilas portaherramienta"
11876,,J-CH,Chumaceras para carretillas de 1 llanta EXPERT/TRUPER/PRETUL,TRUPER,Refacciones para carretillas bastidor tubular
101954,,LESO-X,"Sobrelente de seguridad claros con antiempaño, TRUPER EXPERT",TRUPER EXPERT,Lentes de seguridad
50138,,R-BRT-C,Exhibidor despachador con 156 brochas mango plástico TRUPER,TRUPER,"Brochas, exhibidores y pinceles"
100914,,TRA-PRO-XL-X,"Conjunto impermeable triple capa, talla XG, TRUPER EXPERT",TRUPER EXPERT,Conjuntos impermeables y overoles
103804,,GU-520,"Guantes negros reforzados para soldador, TRUPER EXPERT",TRUPER EXPERT,Guantes de piel y carnaza
100912,,TRA-PRO-M-X,"Conjunto impermeable triple capa, talla M, TRUPER EXPERT",TRUPER EXPERT,Conjuntos impermeables y overoles
101130,,IMPER-S-X,"Gabardina impermeable triple capa, talla CH, TRUPER EXPERT",TRUPER EXPERT,Gabardinas impermeables y ponchos
103806,,TAV-RX,"Tijera de aviación 10"" corte recto, TRUPER EXPERT",TRUPER EXPERT,"Tijeras de aviación, para hojalatero, industriales, para sastre y electricista"
11863,,TN-AZ-9X,"Tenaza 9"" para azulejo, TRUPER EXPERT",TRUPER EXPERT,Tenazas | Tiroleras
18375,,MA-TX21,"Mariposa de repuesto para tijera TX-21, TRUPER EXPERT",TRUPER EXPERT,Tijeras para poda
100911,,TRA-PRO-S-X,"Conjunto impermeable triple capa, talla CH, TRUPER EXPERT",TRUPER EXPERT,Conjuntos impermeables y overoles
59993,,PARA-240,Panel ranurado 120 x 240 cm TRUPER,TRUPER,"Artículos para tienda / Ganchos, canastillas, gaveta, paneles, candados para gancho y llave magnética"
17937,,VASO-440X,"Vaso plástico de repuesto para PIPI-440X/420X, TRUPER EXPERT",TRUPER EXPERT,"Pistolas de aire de GRAVEDAD, flujo de aire controlado"
103808,,TAV-IX,"Tijera de aviación 10"" corte izquierdo, TRUPER EXPERT",TRUPER EXPERT,"Tijeras de aviación, para hojalatero, industriales, para sastre y electricista"
59990,,PAPE-240,Panel perfocel 120 x 240 cm TRUPER,TRUPER,"Artículos para tienda / Ganchos, canastillas, gaveta, paneles, candados para gancho y llave magnética"
101030,,BACA-UT,Nariz de bastidor calibre 18 p/ carretillas TRUPER y PRETUL,TRUPER,Refacciones para carretillas bastidor tubular
103807,,TAV-DX,"Tijera de aviación 10"" corte derecho, TRUPER EXPERT",TRUPER EXPERT,"Tijeras de aviación, para hojalatero, industriales, para sastre y electricista"
11882,,SL-45/50/60,2 soportes calibre 15 para carretillas TRUPER,TRUPER,Refacciones para carretillas bastidor tubular
104166,,CHS-950N-L,"Chaleco brigadista reforzado, naranja, G, TRUPER EXPERT",TRUPER EXPERT,Chalecos
102993,,CO-50X,"Concha metálica para carretilla CAT- 50X, TRUPER EXPERT",TRUPER EXPERT,Refacciones para carretillas
11884,,JSD-45/50/60,2 tirantes calibre 15 para carretillas TRUPER y EXPERT,TRUPER EXPERT,Refacciones para carretillas bastidor tubular
11886,,RT,Puente 580 kg para carretillas TRUPER,TRUPER,Refacciones para carretillas bastidor tubular
13007,,CT-10C,"Cuchara para albañil 10"" forjada tipo Centroamericana,TRUPER",TRUPER,Cucharas para albañil
102994,,CO-60X,"Concha metálica para carretilla CAT- 60X, TRUPER EXPERT",TRUPER EXPERT,Refacciones para carretillas
104165,,CHS-950N-M,"Chaleco brigadista reforzado, naranja, M, TRUPER EXPERT",TRUPER EXPERT,Chalecos
104167,,CHS-950N-XL,"Chaleco brigadista reforzado, naranja, EG, TRUPER EXPERT",TRUPER EXPERT,Chalecos
59992,,PARA-80,Panel ranurado 80 x 80 cm TRUPER,TRUPER,"Artículos para tienda / Ganchos, canastillas, gaveta, paneles, candados para gancho y llave magnética"
100679,,GRIP-CAT,2 puños para bastidor tubular p/carretillas TRUPER y EXPERT,TRUPER EXPERT,Refacciones para carretillas bastidor tubular
100153,,EST-45/50/60,2 estabilizadores calibre 15 p/carretillas TRUPER y EXPERT,TRUPER EXPERT,Refacciones para carretillas bastidor tubular
12065,,RE-PIPI-440X,"Repuestos de pistolas para pintar, PIPI-440X, TRUPER EXPERT",TRUPER EXPERT,"Pistolas de aire de GRAVEDAD, flujo de aire controlado"
59991,,PARA-60,Panel ranurado 60 x 60 cm TRUPER,TRUPER,"Artículos para tienda / Ganchos, canastillas, gaveta, paneles, candados para gancho y llave magnética"
18374,,MA-TX19,"Mariposa de repuesto para tijera TX-19, TRUPER EXPERT",TRUPER EXPERT,Tijeras para poda
103361,,CO-70PX,"Concha plástica para carretilla TP-7X, TRUPER EXPERT",TRUPER EXPERT,Refacciones para carretillas
59988,,PAPE-60,Panel perfocel 60 x 60 cm TRUPER,TRUPER,"Artículos para tienda / Ganchos, canastillas, gaveta, paneles, candados para gancho y llave magnética"
103362,,CO-60PX,"Concha plástica para carretilla CAT-60PLX, TRUPER EXPERT",TRUPER EXPERT,Refacciones para carretillas
11789,,RE-PIPI-420X,"Repuestos de pistolas para pintar, PIPI-420X, TRUPER EXPERT",TRUPER EXPERT,"Pistolas de aire de GRAVEDAD, flujo de aire controlado"
102265,,BT-H2000X,"Boquilla turbo para HILA-2000X, TRUPER EXPERT",TRUPER EXPERT,Hidrolavadoras eléctricas
102263,,LA-H2000X,"Lanza ajustable para HILA-2000X, TRUPER EXPERT",TRUPER EXPERT,Hidrolavadoras eléctricas
103574,,EMFD-2X,"Empaques de repuesto para FDO-2X, TRUPER EXPERT",TRUPER EXPERT,Fumigadores I Juegos de herramientas básicas
17936,,VASO-340X,"Vaso aluminio de repuesto para PIPI-340X, TRUPER EXPERT",TRUPER EXPERT,Pistolas de aire para pintar
11225,,NHD,Defensa para bastidor de madera de carretillas TRUPER/PRETUL,TRUPER,Refacciones para carretillas
12064,,RE-PIPI-340X,"Repuestos de pistolas para pintar, PIPI-340X, TRUPER EXPERT",TRUPER EXPERT,Pistolas de aire para pintar
103384,,CB-ASP-04N,"Bolsa con 2 carbones de repuesto para ASP-04N,TRUPER",TRUPER,Carbones de repuesto
101594,,HILA-1800,"Hidrolavadora eléctrica 1800 PSI, TRUPER",TRUPER,Hidrolavadoras eléctricas
101593,,HILA-1500,"Hidrolavadora eléctrica 1500 PSI, TRUPER",TRUPER,Hidrolavadoras eléctricas
101595,,HILA-2000,"Hidrolavadora eléctrica 2000 PSI, TRUPER",TRUPER,Hidrolavadoras eléctricas
18100,,SBI-18,"Segueta bimetálica de 12"", 18 DPP, TRUPER EXPERT",TRUPER EXPERT,Arcos para segueta y seguetas
11134,,BAV-1/4,"Broca HSS 1/4"" Trugold para metal, TRUPER EXPERT",TRUPER EXPERT,Brocas para metal
17550,,PICA-E,"Pistola calafateadora tipo esqueleto, TRUPER",TRUPER,"Serruchos / Caja de inglete, trabador y serruchos para muros de yeso | Selladores / Pistolas calafateadoras"
18101,,SBI-24,"Segueta bimetálica de 12"", 24 DPP, TRUPER EXPERT",TRUPER EXPERT,Arcos para segueta y seguetas
17923,,BOT-27J,"Botas jardineras 27, TRUPER",TRUPER,Botas y rodilleras
61025,,SILLA-30,"Silla plegable portátil, TRUPER",TRUPER,"Artículos promocionales / Silla, toldo, parasol, paraguas, balones, barajas, dominó, relojes y cordón portagafete"
11150,,BAV-3/8,"Broca HSS 3/8"" Trugold para metal, TRUPER EXPERT",TRUPER EXPERT,Brocas para metal
17932,,BOT-27S,"Botas sanitarias 27, TRUPER",TRUPER,Botas y rodilleras
11126,,BAV-3/16,"Broca HSS 3/16"" Trugold para metal, TRUPER EXPERT",TRUPER EXPERT,Brocas para metal
19954,,M-33X,"Cinta de aislar 19mm x 18m, TRUPER EXPERT",TRUPER EXPERT,Cintas aislantes y sella roscas
17924,,BOT-28J,"Botas jardineras 28, TRUPER",TRUPER,Botas y rodilleras
11118,,BAV-1/8,"Broca HSS 1/8"" Trugold para metal, TRUPER EXPERT",TRUPER EXPERT,Brocas para metal
17933,,BOT-28S,"Botas sanitarias 28, TRUPER",TRUPER,Botas y rodilleras
17913,,BOT-27I,"Botas industriales 27, TRUPER",TRUPER,Botas y rodilleras
17922,,BOT-26J,"Botas jardineras 26, TRUPER",TRUPER,Botas y rodilleras
100431,,BOAC-1/2AX,"Bomba centrífuga para agua, 1/2 HP, TRUPER EXPERT",TRUPER EXPERT,"Bombas eléctricas para agua, centrífugas, sumergible para fuente y para enfriadores evaporativos"
10400,,MUT-830,"Multímetro digital escolar, TRUPER",TRUPER,"Multímetros digitales, medidor láser de temperatura y detector de materiales"
11166,,BAV-1/2,"Broca HSS 1/2"" Trugold para metal, TRUPER EXPERT",TRUPER EXPERT,Brocas para metal
12126,,BES-10,"Broca escalonada óxido negro 10escalones 1/4 a 1-3/8"",Truper",TRUPER,"Brocas escalonadas, para vidrio, azulejo y multimaterial"
11142,,BAV-5/16,"Broca HSS 5/16"" Trugold para metal, TRUPER EXPERT",TRUPER EXPERT,Brocas para metal
100893,,MADE-20NX,"Martillo demoledor HEX 20 kg, 55J, 1600W, TRUPER EXPERT",TRUPER EXPERT,"Martillos de demolición Hex, diablo transportador y mueble exhibidor"
101519,,MEZ-150N,"Mezcladora eléctrica 1500W, TRUPER INDUSTRIAL",TRUPER INDUSTRIAL,"Mezcladoras eléctricas, sierra ranuradora de concreto y rectificador"
10401,,MUT-33,"Multímetro digital junior, TRUPER",TRUPER,"Multímetros digitales, medidor láser de temperatura y detector de materiales"
17279,,PISCA-A2,"Pistola de calor 1500W, TRUPER PRO",TRUPER,Pistolas de calor | Llaves de impacto
17931,,BOT-26S,"Botas sanitarias 26, TRUPER",TRUPER,Botas y rodilleras
17914,,BOT-28I,"Botas industriales 28, TRUPER",TRUPER,Botas y rodilleras
100432,,BOAC-3/4AX,"Bomba centrífuga para agua, 3/4 HP, TRUPER EXPERT",TRUPER EXPERT,"Bombas eléctricas para agua, centrífugas, sumergible para fuente y para enfriadores evaporativos"
12815,,AM-VA,"Amarrador de varillas, TRUPER",TRUPER,"Barretas, barras, grifas y amarrador de varillas"
13891,,R-ROPI-930,"Felpa para rodillo 9x1-1/4"" superficies extra rugosas,TRUPER",TRUPER,Felpas para rodillos
62129,,HIEL-46,"Hielera de 46 L, TRUPER",TRUPER,"Artículos promocionales / Termos, hieleras, lonchera y radio"
17960,,RE-9,"Remachadora profesional 10"", TRUPER",TRUPER,Remachadoras
68002,,HIEL-45X,"Hielera de 44 L, TRUPER EXPERT",TRUPER EXPERT,"Artículos promocionales / Termos, hieleras, lonchera y radio"
17964,,ET-50,"Engrapadora / clavadora tipo pistola, TRUPER",TRUPER,Engrapadoras y embudos
100894,,MADE-30NX,"Martillo demoledor HEX 30 kg, 62J, 2000W, TRUPER EXPERT",TRUPER EXPERT,"Martillos de demolición Hex, diablo transportador y mueble exhibidor"
17912,,BOT-26I,"Botas industriales 26, TRUPER",TRUPER,Botas y rodilleras
103012,,PMU-8EX,"Pinza multiuso 9"" electricista, comfort grip, TRUPER EXPERT",TRUPER EXPERT,"Pinzas mango Comfort Grip, Truper Expert"
11122,,BAV-5/32,"Broca HSS 5/32"" Trugold para metal, TRUPER EXPERT",TRUPER EXPERT,Brocas para metal
60179,,MAL-TOP,"Mochila para laptop, TRUPER",TRUPER,"Artículos promocionales / Maletas, mochilas, portafolio, bolsos y saco de avío"
14221,,PF-500,"Protector facial, TRUPER",TRUPER,"Cubrebocas, respiradores N95 y protectores faciales"
15164,,LMO-5/32X,"Lima profesional para motosierra, 5/32"", TRUPER EXPERT",TRUPER EXPERT,Limas sin mango
17934,,BOT-29S,"Botas sanitarias 29, TRUPER",TRUPER,Botas y rodilleras
17925,,BOT-29J,"Botas jardineras 29, TRUPER",TRUPER,Botas y rodilleras
15166,,LMO-3/16X,"Lima profesional para motosierra, 3/16"", TRUPER EXPERT",TRUPER EXPERT,Limas sin mango
15421,,VOLT,"Volteador de aluminio, TRUPER",TRUPER,"Llanas, esquineros, volteador, rayador, charolas para mezcla, cajón mezclero y jalador para concreto"
11120,,BAV-9/64,"Broca HSS 9/64"" Trugold para metal, TRUPER EXPERT",TRUPER EXPERT,Brocas para metal
10895,,ORG-64,"Organizador con 64 gavetas, TRUPER",TRUPER,Cajas para herramienta / Gavetas y organizadores
12125,,BES-12,"Broca escalonada óxido negro 12escalones 3/16"" a 7/8"",Truper",TRUPER,"Brocas escalonadas, para vidrio, azulejo y multimaterial"
17921,,BOT-25J,"Botas jardineras 25, TRUPER",TRUPER,Botas y rodilleras
12147,,PUDE-1202,"Estuche con 5 puntas de cruz PH2 largo 2"", TRUPER EXPERT",TRUPER EXPERT,"Puntas para desarmador de cruz, de impacto y planas"
102642,,ORG-44,"Organizador con 44 gavetas, TRUPER",TRUPER,Cajas para herramienta / Gavetas y organizadores
17930,,BOT-25S,"Botas sanitarias 25, TRUPER",TRUPER,Botas y rodilleras
12874,,LLAP-12,"Llave 12"" para plomero, TRUPER",TRUPER,Llaves para filtro de aceite y universales
103662,,MEZ-140A,"Mezcladora eléctrica 1400W, TRUPER PRO",TRUPER,"Mezcladoras eléctricas, sierra ranuradora de concreto y rectificador"
100251,,PUDE-1202-50,"Estuche con 50 puntas de cruz PH2 largo 2"", TRUPER EXPERT",TRUPER EXPERT,"Puntas para desarmador de cruz, de impacto y planas"
14302,,LEDE-SN,"Lentes de seguridad panorámicos grises, TRUPER VISION",TRUPER,Lentes de seguridad
65012,,PARAG-130,"Paraguas de 135 cm, TRUPER",TRUPER,"Artículos promocionales / Silla, toldo, parasol, paraguas, balones, barajas, dominó, relojes y cordón portagafete"
17002,,CULI-6,"Cuchillo 7"" para linóleo, TRUPER",TRUPER,Cuchillos industriales y de cocina
11335,,JBAC-11,"Juego de 11 brocas para metal y concreto en estuche, TRUPER",TRUPER EXPERT,Brocas para madera y mixtas
101329,,MOG-130,"Motor a gasolina 13HP, TRUPER",TRUPER,Motores eléctricos y motores a gasolina
17962,,RE-AC,"Remachadora tipo acordeón, TRUPER",TRUPER,Remachadoras
100198,,STP-10PC,"Serrucho plegable 10"" hoja curva 5 DPP mango plástico,TRUPER",TRUPER,Serruchos de poda
50004,,DESP-BAV-29C,"Juego de 29 brocas HSS para metal en estuche, TRUPER EXPERT",TRUPER EXPERT,Brocas para metal (juegos) y despachadores
14252,,LEN-ST,"Lentes de seguridad transparentes, TRUPER Safe",TRUPER,Lentes de seguridad
14725,,MAL-2,"Malacate de 2 toneladas, TRUPER",TRUPER,Malacates
17915,,BOT-29I,"Botas industriales 29, TRUPER",TRUPER,Botas y rodilleras
11402,,JBAV-13,"Juego de 13 brocas HSS para metal en estuche, TRUPER EXPERT",TRUPER EXPERT,Brocas para metal (juegos) y despachadores
101827,,BVI-1/4X,"Broca para vidrio y azulejo 1/4"", TRUPER EXPERT",TRUPER EXPERT,"Brocas escalonadas, para vidrio, azulejo y multimaterial"
18501,,TH-10,"Tijera para hojalatero 10"", TRUPER",TRUPER,"Tijeras de aviación, para hojalatero, industriales, para sastre y electricista"
101280,,PICA-R,"Pistola calafateadora reforzada, TRUPER",TRUPER,"Serruchos / Caja de inglete, trabador y serruchos para muros de yeso | Selladores / Pistolas calafateadoras"
10499,,TABU-2,"Taburete de 2 peldaños, TRUPER",TRUPER,"Escalerillas plegables, escaleras multiposición y taburetes"
11170,,BAV-5/8,"Broca HSS 5/8"" Trugold para metal, TRUPER EXPERT",TRUPER EXPERT,Brocas para metal
16380,,LT-1217X,"Lona uso rudo 12x17 m, verde olivo, 240 g/m2, TRUPER EXPERT",TRUPER EXPERT,Lonas Truper Expert y Truper
11635,,DICOF-4510I,"Disco abrasivo de corte preciso acero inox 4-1/2""x1mm TRUPER",TRUPER,"Discos abrasivos de corte preciso para metal, acero inoxidable, multimaterial y de diamante"
17920,,BOT-24J,"Botas jardineras 24, TRUPER",TRUPER,Botas y rodilleras
16374,,LT-34X,"Lona uso rudo 3 x 4 m, verde olivo, 240 g/m2, TRUPER EXPERT",TRUPER EXPERT,Lonas Truper Expert y Truper
18651,,DICOF-4510M,"Disco abrasivo de corte preciso multimat 4-1/2"" x 1mm TRUPER",TRUPER,"Discos abrasivos de corte preciso para metal, acero inoxidable, multimaterial y de diamante"
15290,,LEN-LN,"Lentes de seguridad grises, TRUPER Ultralite",TRUPER,Lentes de seguridad
11130,,BAV-7/32,"Broca HSS 7/32"" Trugold para metal, TRUPER EXPERT",TRUPER EXPERT,Brocas para metal
100891,,MADE-10NX,"Martillo demoledor SDS Max 10kg, 25J, 1500W, TRUPER EXPERT",TRUPER EXPERT,Martillos y rotomartillos de demolición SDS Max
18372,,TX-21,"Tijera para poda 56 cm,forjada,mgos de madera, TRUPER EXPERT",TRUPER EXPERT,Tijeras para poda
10390,,PORMA-50,"Portamanguera de pared, TRUPER",TRUPER,Mangueras para jardín en combo | Portamangueras
16375,,LT-45X,"Lona uso rudo 4 x 5 m, verde olivo, 240 g/m2, TRUPER EXPERT",TRUPER EXPERT,Lonas Truper Expert y Truper
100890,,MADE-6NX,"Martillo demoledor SDS Max 6kg, 14J, 1200W, TRUPER EXPERT",TRUPER EXPERT,Martillos y rotomartillos de demolición SDS Max
18500,,TH-8,"Tijera para hojalatero 8"", TRUPER",TRUPER,"Tijeras de aviación, para hojalatero, industriales, para sastre y electricista"
11116,,BAV-7/64,"Broca HSS 7/64"" Trugold para metal, TRUPER EXPERT",TRUPER EXPERT,Brocas para metal
17865,,BRT-4X,"Brocha profesional de 4"" mango de plástico, TRUPER EXPERT",TRUPER EXPERT,"Brochas, exhibidores y pinceles"
11158,,BAV-7/16,"Broca HSS 7/16"" Trugold para metal, TRUPER EXPERT",TRUPER EXPERT,Brocas para metal
68038,,MOLTA-N2,"Mochila táctica negra, TRUPER",TRUPER,"Artículos promocionales / Maletas, mochilas, portafolio, bolsos y saco de avío"
11124,,BAV-11/64,"Broca HSS 11/64"" Trugold para metal, TRUPER EXPERT",TRUPER EXPERT,Brocas para metal
17113,,NAMU-100,"Multiherramienta con 13 funciones, TRUPER",TRUPER,Cuchillos tácticos y multiherramientas | Cutters / Exactos
17911,,BOT-25I,"Botas industriales 25, TRUPER",TRUPER,Botas y rodilleras
11556,,CEA-36,"Cepillo de alambre 114 pinceles,rectangular sin mango,TRUPER",TRUPER,Cepillos de alambre e industriales
22932,,SP-20,"Serrucho 20"" PRETUL",PRETUL,Serruchos
22930,,SP-16,"Serrucho 16"" PRETUL",PRETUL,Serruchos
22931,,SP-18,"Serrucho 18"" PRETUL",PRETUL,Serruchos
29974,,JFP-3,Juego de 3 formones PRETUL,PRETUL,"Formones y gurbias <span class=""Torange""> | </span> Guías, ganchos, mango para guadañas y hoces"
27188,,R35-COMP-40LP,Carcasa plástica para compresores PRETUL,PRETUL,Compresores de aire lubricados
28037,,ROPI-930P,"Rodillo para pintar 9x1-1/4""superficies extra rugosas,PRETUL",PRETUL,Rodillos para pintar
50195,,R-BRO-P-C,Exhibidor despachador con 156 brochas mango plástico PRETUL,PRETUL,"Brochas, exhibidores y pinceles"
22694,,BACA-LP,Larguero de bastidor calibre 18 para carretillas PRETUL,PRETUL,Refacciones para carretillas bastidor tubular
55959,,EX-PRE-RD,Exhibidor de ruedas para diablo PRETUL,PRETUL,Despachadores y racks exhibidores
101891,,CB-GRUPO2,"Carburador para motobomba a gasolina MOTB-2P/MOTB-3P, PRETUL",PRETUL,"Refacciones para bombas, equipos hidroneumáticos y motobombas"
20637,,JSD-45/50P,2 tirantes calibre 18 para carretillas PRETUL,PRETUL,Refacciones para carretillas bastidor tubular
20632,,SL-45/50-GP,2 soportes calibre 16 para carretillas grises PRETUL,PRETUL,Refacciones para carretillas bastidor tubular
20635,,RT-GP,Puente 250 kg para carretillas concha gris PRETUL,PRETUL,Refacciones para carretillas bastidor tubular
23397,,FIL-ASP-P,Bolsa con 2 filtros para aspiradora ASP-12V-P PRETUL,PRETUL,"Aspiradora canister, para auto, sopladoras eléctricas e inalámbricas"
29004,,HILA-1350P,"Hidrolavadora eléctrica 1350 PSI, PRETUL",PRETUL,"Hidrolavadoras eléctricas, Truper y Pretul"
20401,,LEN-ST-P,"Lentes de seguridad transparentes, PRETUL LITE",PRETUL,Lentes de seguridad
20402,,LEN-SN-P,"Lentes de seguridad grises, PRETUL LITE",PRETUL,Lentes de seguridad
22801,,PICA-9C,"Pistola calafateadora con cremallera, PRETUL",PRETUL,"Serruchos / Caja de inglete, trabador y serruchos para muros de yeso | Selladores / Pistolas calafateadoras"
22405,,CUT-6PB,"Cutter 18 mm plástico, PRETUL",PRETUL,Cutters
22235,,ROD-100,"Rodilleras ultraligeras de espuma, PRETUL",PRETUL,Botas y rodilleras
27241,,ROD-200,"Rodilleras antiderrapantes doble cápsula, PRETUL",PRETUL,Botas y rodilleras
22850,,RE-10P,"Remachadora 10"", PRETUL",PRETUL,Remachadoras
21830,,GU-425,"Guantes de algodón con puntos de PVC en palma y dorso,PRETUL",PRETUL,Guantes y manga anticorte y textiles
22851,,RE-10PX,"Remachadora 10"" con remaches, PRETUL",PRETUL,Remachadoras
23070,,TIRO-G-P,"Tirolera galvanizada, PRETUL",PRETUL,Tenazas | Tiroleras
20654,,CHAP-14P,"Charola para rodillo 9"", PRETUL",PRETUL,"Manerales, kits con charola para rodillo, destapador de cubetas y rejilla escurridora"
26050,,TH-10P,"Tijera para hojalatero 10"", PRETUL",PRETUL,"Tijeras de aviación, para hojalatero, industriales, para sastre y electricista"
22450,,NT-9P,"Nivel torpedo de 9"", PRETUL",PRETUL,Niveles y gota de acrílico
26052,,TH-8P,"Tijera para hojalatero 8"", PRETUL",PRETUL,"Tijeras de aviación, para hojalatero, industriales, para sastre y electricista"
19784,,BAS-2B,"Juego de 2 baleros para carretillas EXPERT, TRUPER y PRETUL",TRUPER,Refacciones para carretillas bastidor tubular
22800,,PICA-9L,"Pistola calafateadora lisa, PRETUL",PRETUL,"Serruchos / Caja de inglete, trabador y serruchos para muros de yeso | Selladores / Pistolas calafateadoras"
26007,,PF-500P,"Protector facial, PRETUL",PRETUL,"Cubrebocas, respiradores N95 y protectores faciales"
24105,,NAMU-13P,"Multiherramienta con 13 funciones, PRETUL",PRETUL,Cuchillos tácticos y multiherramientas | Cutters / Exactos
22403,,CUT-5PB,"Cutter 9 mm plástico, PRETUL",PRETUL,Cutters
21668,,FT-1P,"Formón 1"", PRETUL",PRETUL,"Formones y gurbias <span class=""Torange""> | </span> Guías, ganchos, mango para guadañas y hoces"
21662,,FT-3/4P,"Formón 3/4"", PRETUL",PRETUL,"Formones y gurbias <span class=""Torange""> | </span> Guías, ganchos, mango para guadañas y hoces"
28115,,MOG-130P,"Motor a gasolina 13HP, PRETUL",PRETUL,Motores eléctricos y motores a gasolina
21656,,FT-1/2P,"Formón 1/2"", PRETUL",PRETUL,"Formones y gurbias <span class=""Torange""> | </span> Guías, ganchos, mango para guadañas y hoces"
28229,,UNA-350P,"Alicate para pedicure 5"" cabeza plana punta extrafina,PRETUL",PRETUL,"Tijeras para costura, para bordar, para peluquero y estilista, para manicure, cortaúñas y alicates"
26089,,EC-12P,"Escuadra 12"" para carpintero, PRETUL",PRETUL,"Escuadras para cantero, de combinación, para muros de yeso, carpintero y multiángulo"
26088,,EC-10P,"Escuadra 10"" para carpintero, PRETUL",PRETUL,"Escuadras para cantero, de combinación, para muros de yeso, carpintero y multiángulo"
20403,,LEN-SA-P,"Lentes de seguridad ámbar, PRETUL LITE",PRETUL,Lentes de seguridad
26051,,TH-12P,"Tijera para hojalatero 12"", PRETUL",PRETUL,"Tijeras de aviación, para hojalatero, industriales, para sastre y electricista"
21372,,DES-6P,"Desarmador con 6 puntas, PRETUL",PRETUL,"Destornillador, desarmadores y juegos multipunta"
11868,,R,"Rin, eje y baleros para carretillas EXPERT, TRUPER y PRETUL",TRUPER,Refacciones para carretillas bastidor tubular
26087,,EC-8P,"Escuadra 8"" para carpintero, PRETUL",PRETUL,"Escuadras para cantero, de combinación, para muros de yeso, carpintero y multiángulo"
27104,,MALE-16P,"Maletín portaherramientas 16"", PRETUL",PRETUL,"Cajas para herramienta, maletas y mochilas portaherramienta"
28045,,R-ROPI-930P,"Felpa para rodillo 9x1-1/4"" superficies extra rugosas,PRETUL",PRETUL,Felpas para rodillos
26009,,LEN-SZ-P,"Lentes de seguridad azules, PRETUL LITE",PRETUL,Lentes de seguridad
28307,,UNA-530P,"Cortaúñas 3"" acero inoxidable, PRETUL",PRETUL,"Tijeras para costura, para bordar, para peluquero y estilista, para manicure, cortaúñas y alicates"
26086,,EC-6P,"Escuadra 6"" para carpintero, PRETUL",PRETUL,"Escuadras para cantero, de combinación, para muros de yeso, carpintero y multiángulo"
27216,,MALE-14P,"Maletín portaherramientas 14"", PRETUL",PRETUL,"Cajas para herramienta, maletas y mochilas portaherramienta"
11870,,E,"Eje corto para carretillas 1 llanta EXPERT, TRUPER y PRETUL",TRUPER,Refacciones para carretillas bastidor tubular
21659,,FT-5/8P,"Formón 5/8"", PRETUL",PRETUL,"Formones y gurbias <span class=""Torange""> | </span> Guías, ganchos, mango para guadañas y hoces"
21650,,FT-1/4P,"Formón 1/4"", PRETUL",PRETUL,"Formones y gurbias <span class=""Torange""> | </span> Guías, ganchos, mango para guadañas y hoces"
21665,,FT-7/8P,"Formón 7/8"", PRETUL",PRETUL,"Formones y gurbias <span class=""Torange""> | </span> Guías, ganchos, mango para guadañas y hoces"
28308,,UNA-520P,"Cortaúñas 2"" acero inoxidable, PRETUL",PRETUL,"Tijeras para costura, para bordar, para peluquero y estilista, para manicure, cortaúñas y alicates"
20067,,ASP-8P,"Aspersor plástico 5 funciones, PRETUL",PRETUL,Aspersores
27105,,MALE-20P,"Maletín portaherramientas 20"", PRETUL",PRETUL,"Cajas para herramienta, maletas y mochilas portaherramienta"
27013,,MA3-HILAP,"Manguera para HILA-1300P, PRETUL",PRETUL,"Hidrolavadoras eléctricas, Truper y Pretul"
21653,,FT-3/8P,"Formón 3/8"", PRETUL",PRETUL,"Formones y gurbias <span class=""Torange""> | </span> Guías, ganchos, mango para guadañas y hoces"
27217,,MALE-18P,"Maletín portaherramientas 18"", PRETUL",PRETUL,"Cajas para herramienta, maletas y mochilas portaherramienta"
20683,,CT-5AP,"Cuchara para azulejo 5"", PRETUL",PRETUL,Cucharas para albañil
26026,,TN-8AP,"Tenaza de armador 8"", PRETUL",PRETUL,Tenazas | Tiroleras
25010,,CO-5P,"Concha para carretilla CAP-5NB, PRETUL",PRETUL,Refacciones para carretillas
24100,,CO-4P,"Concha para carretilla CAP-4NB, PRETUL",PRETUL,Refacciones para carretillas
26027,,TN-9AP,"Tenaza de armador 9"", PRETUL",PRETUL,Tenazas | Tiroleras
26028,,TN-10AP,"Tenaza de armador 10"", PRETUL",PRETUL,Tenazas | Tiroleras
20639,,JT-RP,"Tornilleria,chumaceras y eje,carretilla TP-5N y rojas PRETUL",PRETUL,Refacciones para carretillas bastidor tubular
20633,,SL-45/50-RP,2 soportes calibre 16 para carretilla TP-5N y rojas PRETUL,PRETUL,Refacciones para carretillas bastidor tubular
28304,,CA-POL-3P,"Cadena para polipasto POL-3P, PRETUL",PRETUL,Polipastos y cadenas para polipastos
28302,,CA-POL-1P,"Cadena para polipasto POL-1P, PRETUL",PRETUL,Polipastos y cadenas para polipastos
28303,,CA-POL-2P,"Cadena para polipasto POL-2P, PRETUL",PRETUL,Polipastos y cadenas para polipastos
20636,,RT-RP,Puente 350 kg para carretillas concha roja y plástica PRETUL,PRETUL,Refacciones para carretillas bastidor tubular
23003,,CB-GRUPO9,"Bolsa con 2 carbones d/repuesto p/generadores Grupo 9,PRETUL",PRETUL,Carbones de repuesto
23004,,CB-GRUPO10,"Bolsa con 2 carbones d/repuesto p/generadores Grupo10,PRETUL",PRETUL,Carbones de repuesto
26034,,GEN-25P,"Generador portátil 2.5 kW motor a gasolina, PRETUL",PRETUL,Generadores con motor a gasolina e inversores
20017,,APS-12,"Arco 12"" de solera para segueta, PRETUL",PRETUL,Arcos para segueta
29966,,BASE-40P,"Báscula electrónica multifunciones 40 kg, PRETUL",PRETUL,"Básculas multifunciones, romanas y para equipaje"
21815,,PET-8P,"Llave ajustable (perico) 8"" cromada, PRETUL",PRETUL,Llaves ajustables (pericos) y llaves stilson
22344,,DICOF-4512P,"Disco abrasivo de corte preciso metal 4-1/2"" x 1.2 mm PRETUL",PRETUL,"Discos abrasivos de corte preciso para metal, acero inoxidable, multimaterial y de diamante"
21816,,PET-10P,"Llave ajustable (perico) 10"" cromada, PRETUL",PRETUL,Llaves ajustables (pericos) y llaves stilson
22011,,STI-10P,"Llave stilson 10"" cuerpo de hierro maleable, PRETUL",PRETUL,Llaves ajustables (pericos) y llaves stilson
26033,,GEN-10P,"Generador portátil 1 kW motor a gasolina, PRETUL",PRETUL,Generadores con motor a gasolina e inversores
21053,,CT-9P,"Cuchara para albañil 9"" tipo Filadelfia, PRETUL",PRETUL,Cucharas para albañil
26036,,GEN-70P,"Generador portátil 7 kW motor a gasolina, PRETUL",PRETUL,Generadores con motor a gasolina e inversores
26104,,DES-52P,"Desmalezadora a gasolina 52 cc mango tipo ""bici"" , PRETUL",PRETUL,"Desmalezadoras, desbrozadoras y arnés"
22012,,STI-12P,"Llave stilson 12"" cuerpo de hierro maleable, PRETUL",PRETUL,Llaves ajustables (pericos) y llaves stilson
24588,,FUM-20P,"Fumigador de 20 L manual de mochila, PRETUL",PRETUL,Fumigadores de mochila
24583,,FM-15P,"Fumigador de 15 L manual de mochila, PRETUL",PRETUL,Fumigadores de mochila
20050,,AD-2P,"Conector ""Y"" 3/4"" plástico para manguera, PRETUL",PRETUL,"Llaves para manguera, conectores ""Y"", chiflones y válvula de globo"
22507,,PRD-L,"Pala redonda mango largo 44"", PRETUL",PRETUL,Palas redondas
27119,,BASE-30P,"Báscula electrónica multifunciones 30 kg, PRETUL",PRETUL,"Básculas multifunciones, romanas y para equipaje"
27010,,CTF-1/2P,"Cinta sella roscas 1/2"" x 7m, PRETUL",PRETUL,Cintas aislantes y sella roscas
22700,,PP-10C,"Pinza de presión 10"" mordaza curva, PRETUL",PRETUL,Pinzas de presión
26035,,GEN-55P,"Generador portátil 5.5 kW motor a gasolina, PRETUL",PRETUL,Generadores con motor a gasolina e inversores
22609,,PEL-8P,"Pinza para electricista 8"" mango de PVC, PRETUL",PRETUL,"Pinzas mango de PVC y juegos de pinzas, Pretul"
22881,,DECA-25P,"Destapacaños de 7.6 m manual con mango, PRETUL",PRETUL,Destapacaños | Dobladores de tubo
22396,,CUT-6P,"Cutter 18 mm plástico con alma metálica, PRETUL",PRETUL,Cutters
21054,,CT-10P,"Cuchara para albañil 10"" tipo Filadelfia, PRETUL",PRETUL,Cucharas para albañil
23103,,T-45P,"Tijera para poda 8"" cuchilla de paso, PRETUL",PRETUL,Tijeras para poda a una mano y funda
22013,,STI-14P,"Llave stilson 14"" cuerpo de hierro maleable, PRETUL",PRETUL,Llaves ajustables (pericos) y llaves stilson
29003,,CALA-P4,"Sierra caladora de 400 W, PRETUL",PRETUL,Sierras caladoras y sierra sable
22463,,PLOM-3Z,"Plomada metálica de 340 g con centro, PRETUL",PRETUL,Pisones y punzones | Plomadas
21052,,CT-8P,"Cuchara para albañil 8"" tipo Filadelfia, PRETUL",PRETUL,Cucharas para albañil
22010,,STI-8P,"Llave stilson 8"" cuerpo de hierro maleable, PRETUL",PRETUL,Llaves ajustables (pericos) y llaves stilson
22702,,PP-10R,"Pinza de presión 10"" mordaza recta, PRETUL",PRETUL,Pinzas de presión
21517,,E-4F,"Espátula flexible 4"" con mango de plástico, PRETUL",PRETUL,Espátulas
21814,,PET-6P,"Llave ajustable (perico) 6"" cromada, PRETUL",PRETUL,Llaves ajustables (pericos) y llaves stilson
22018,,J-2022MP,"Juego de 22 llaves combinadas std y mm, PRETUL",PRETUL,"Llaves combinadas, españolas y juegos"
21817,,PET-12P,"Llave ajustable (perico) 12"" cromada, PRETUL",PRETUL,Llaves ajustables (pericos) y llaves stilson
22880,,DECA-15P,"Destapacaños de 4.5 m manual, PRETUL",PRETUL,Destapacaños | Dobladores de tubo
21824,,PET-10PP,"Llave ajustable (perico) 10"" pavonada, PRETUL",PRETUL,Llaves ajustables (pericos) y llaves stilson
20002,,MAT-12P,"Mini arco 12"" de plástico para segueta, PRETUL",PRETUL,Arcos para segueta
21516,,E-3F,"Espátula flexible 3"" con mango de plástico, PRETUL",PRETUL,Espátulas
21823,,PET-8PP,"Llave ajustable (perico) 8"" pavonada, PRETUL",PRETUL,Llaves ajustables (pericos) y llaves stilson
21850,,ALL-P8P,"Juego de 8 llaves hexagonales std, tipo llavero,PRETUL",PRETUL,Llaves hexagonales
26030,,CF-1/2P,"Conector 1/2"" hembra de latón laminado, PRETUL",PRETUL,"Conexiones para manguera de jardín, abrazaderas y accesorios para riego"
20630,,CAP-50FB,"Carretilla 5.5 ft3 roja,imponchable,bastidor tubular, PRETUL",PRETUL,"Carretillas bastidor tubular, Pretul"
23104,,T-67P,"Tijera para poda 8"" forjada cuchilla de paso, PRETUL",PRETUL,Tijeras para poda a una mano y funda
20996,,CAZ-40P,"Cortador de azulejo de 16"" (40 cm), PRETUL",PRETUL,"Cortadores de azulejo, cuchillas y separadores de loseta"
22462,,PLOM-2Z,"Plomada metálica de 310 g con centro, PRETUL",PRETUL,Pisones y punzones | Plomadas
22460,,NP-24P,"Nivel de 24"" con cuerpo de aluminio, PRETUL",PRETUL,Niveles y gota de acrílico
22603,,PEL-7P,"Pinza para electricista 7"" mango de PVC, PRETUL",PRETUL,"Pinzas mango de PVC y juegos de pinzas, Pretul"
24584,,FUM-16P,"Fumigador de 16 L manual de mochila, PRETUL",PRETUL,Fumigadores de mochila
22400,,NM-6P,"Navaja retráctil 6"" cuerpo de aluminio, PRETUL",PRETUL,Cutters / Navajas
21541,,PONCHO-P,"Poncho o capamanga ligero de PVC, PRETUL",PRETUL,Gabardinas impermeables y ponchos
22345,,DICOF-4516P,"Disco abrasivo de corte preciso metal 4-1/2"" x 1.6 mm PRETUL",PRETUL,"Discos abrasivos de corte preciso para metal, acero inoxidable, multimaterial y de diamante"
20213,,JD-8TP,"Juego de 8 desarmadores mango de PVC, PRETUL",PRETUL,"Desarmadores y juegos (punta fija), mango de PVC y magnetizador"
22674,,PEL-8PX,"Pinza para electricista 8"" mango Comfort Grip, PRETUL",PRETUL,"Pinzas, mango de PVC Truper y Comfort Grip Pretul"
20960,,COT-P,"Cortador de tubo de cobre 1/8"" a 1-1/8"" cuchilla 17mm PRETUL",PRETUL,Cortadores de tubo y avellanadores
24740,,JPIN-5P,"Juego de pinceles en blíster con 5 piezas, PRETUL",PRETUL,"Brochas, exhibidores y pinceles"
21160,,M-3852P,"Matraca cuadro 3/8"" cabeza redonda, PRETUL",PRETUL,"Matracas y juegos de dados, Pretul"
24200,,CUÑ-4P,"Juego de 4 cuñas con mango de plástico, PRETUL",PRETUL,"Espátulas, cuñas, espumas expansivas y aplicador de repuesto"
29089,,LI-CA-125RP,"Linterna de minero LED 160 lm recargable, PRETUL",PRETUL,"Linternas LED, tipo minero"
21050,,CT-6P,"Cuchara para albañil 6"" tipo Filadelfia, PRETUL",PRETUL,Cucharas para albañil
20323,,E-5F,"Espátula flexible 5"" con mango de plástico, PRETUL",PRETUL,Espátulas
22701,,PP-7C,"Pinza de presión 7"" mordaza curva, PRETUL",PRETUL,Pinzas de presión
21825,,PET-12PP,"Llave ajustable (perico) 12"" pavonada, PRETUL",PRETUL,Llaves ajustables (pericos) y llaves stilson
22014,,STI-18P,"Llave stilson 18"" cuerpo de hierro maleable, PRETUL",PRETUL,Llaves ajustables (pericos) y llaves stilson
20602,,CHP-13CP,"Caja para herramienta de 13"" con compartimentos, PRETUL",PRETUL,"Cajas para herramienta, pesca, cosmetiquera y charola de usos múltiples"
20603,,CHP-16CP,"Caja para herramienta de 16"" con compartimentos, PRETUL",PRETUL,"Cajas para herramienta, pesca, cosmetiquera y charola de usos múltiples"
22971,,JGO-PIN5,"Juego de 4 pinzas y 1 llave ajustable, PRETUL",PRETUL,"Pinzas mango de PVC y juegos de pinzas, Pretul"
20212,,JD-4TP,"Juego de 4 desarmadores mango de PVC, PRETUL",PRETUL,"Desarmadores y juegos (punta fija), mango de PVC y magnetizador"
21515,,E-2F,"Espátula flexible 2"" con mango de plástico, PRETUL",PRETUL,Espátulas
22021,,TENS-8,"Juego de 8 tensores elásticos, PRETUL",PRETUL,"Accesorios para auto / Eslingas y tensores <span class=""Torange"">|</span> Afiladores, piedras para asentar y para afilar"
20604,,CHP-19CP,"Caja para herramienta de 19"" con compartimentos, PRETUL",PRETUL,"Cajas para herramienta, pesca, cosmetiquera y charola de usos múltiples"
22703,,TP-5N,"Carretilla concha plástica 5 ft3 Neumática b/tubular, PRETUL",PRETUL,"Carretillas bastidor tubular, Pretul"
22458,,NP-18P,"Nivel de 18"" con cuerpo de aluminio, PRETUL",PRETUL,Niveles y gota de acrílico
21026,,CHS-200V,"Chaleco de seguridad con cintas reflejantes, amarillo,PRETUL",PRETUL,Chalecos
22654,,PCH-8P,"Pinza de chofer 8"" mango de PVC, PRETUL",PRETUL,"Pinzas mango de PVC y juegos de pinzas, Pretul"
20643,,CA-34F,"Cavador mangos de fibra de vidrio 44"", PRETUL",PRETUL,"Cavadores, coas y luco platanero"
25093,,TENS-2L,"Bolsa con 2 tensores elásticos azules de 90 cm, PRETUL",PRETUL,"Accesorios para auto / Eslingas y tensores <span class=""Torange"">|</span> Afiladores, piedras para asentar y para afilar"
22806,,CAU-30P2,"Cautín 30 W tipo lápiz para trabajo ligero, PRETUL",PRETUL,"Cautines para electrónica, tipo lápiz y pistola para soldar plástico"
22698,,CA-34,"Cavador mangos de madera 48"", PRETUL",PRETUL,"Cavadores, coas y luco platanero"
20670,,MSK-1P,"Cinta masking tape de 1"" x 50 m, PRETUL",PRETUL,"Cintas masking tape, para empaque, flejadoras, playos y despachador de cinta"
22810,,CAU-60P2,"Cautín 60 W tipo lápiz para trabajo pesado, PRETUL",PRETUL,"Cautines para electrónica, tipo lápiz y pistola para soldar plástico"
23549,,KIT-3P,"Juego de 3 piezas para instalar cerraduras, PRETUL",PRETUL,"Brocasierras bimetálicas, mandriles y brocasierras de acero"
29953,,SOPM-42P,"Mechero recargable de 15 ml para flamear alimentos, PRETUL",PRETUL,"Sopletes / Cilindros de gas, sopletes y encendedores"
29024,,ESME-602,"Estante metálico 5 repisas capacidad 60kg,120x60x180, PRETUL",PRETUL,Estantes
21051,,CT-7P,"Cuchara para albañil 7"" tipo Filadelfia, PRETUL",PRETUL,Cucharas para albañil
28152,,JCE-3P,"Juego de 3 cepillos multiusos para taladro, PRETUL",PRETUL,"Cepillos de carpintero, para muros de yeso, escochebres y cepillos multiusos para taladro"
26038,,KIT-4P,"Juego de 4 piezas para instalar cerraduras, PRETUL",PRETUL,"Brocasierras bimetálicas, mandriles y brocasierras de acero"
24232,,PPE-300P,"Pinza porta electrodos de 300 Amperes, PRETUL",PRETUL,"Pinzas portaelectrodo y para tierra, equipo de oxicorte y soldadura, accesorios"
21378,,J-DIMP-7,"Juego de 7 desarmadores de impacto, PRETUL",PRETUL,"Desarmadores mango de PVC, de golpe y dieléctricos"
20214,,JD-6TP,"Juego de 6 desarmadores mango de PVC, PRETUL",PRETUL,"Desarmadores y juegos (punta fija), mango de PVC y magnetizador"
27011,,CTF-3/4P,"Cinta sella roscas 3/4"" x 7m, PRETUL",PRETUL,Cintas aislantes y sella roscas
20672,,MSK-2P,"Cinta masking tape de 2"" x 50 m, PRETUL",PRETUL,"Cintas masking tape, para empaque, flejadoras, playos y despachador de cinta"
22636,,PCD-6P,"Pinza de corte diagonal 6"" mango de PVC, PRETUL",PRETUL,"Pinzas mango de PVC y juegos de pinzas, Pretul"
22639,,PCD-8P,"Pinza de corte diagonal 8"" mango de PVC, PRETUL",PRETUL,"Pinzas mango de PVC y juegos de pinzas, Pretul"
21990,,J-2011P,"Juego de 11 llaves combinadas std, PRETUL",PRETUL,"Llaves combinadas, españolas y juegos"
21150,,M-1252P,"Matraca cuadro 1/2"" cabeza redonda, PRETUL",PRETUL,"Matracas y juegos de dados, Pretul"
20219,,JD-8BP,"Juego de 8 desarmadores mango Comfort Grip, PRETUL",PRETUL,"Desarmadores y juegos (punta fija), mango Comfort Grip"
22706,,PP-5C,"Pinza de presión 5"" mordaza curva, PRETUL",PRETUL,Pinzas de presión
27201,,PNT-3P,"Prensa 3"" de hierro dúctil para carpintería, PRETUL",PRETUL,Prensas
20679,,ORG-18P,"Organizador 14"" con 18 compartimentos, PRETUL",PRETUL,Cajas para herramienta / Gavetas y organizadores
27202,,PNT-4P,"Prensa 4"" de hierro dúctil para carpintería, PRETUL",PRETUL,Prensas
21822,,PET-6PP,"Llave ajustable (perico) 6"" pavonada, PRETUL",PRETUL,Llaves ajustables (pericos) y llaves stilson
24233,,PPE-500P,"Pinza porta electrodos de 500 Amperes, PRETUL",PRETUL,"Pinzas portaelectrodo y para tierra, equipo de oxicorte y soldadura, accesorios"
26042,,TB-5P,"Tornillo de banco 5"" de hierro gris, PRETUL",PRETUL,Tornillos de banco
25090,,TENS-20,"Juego de 20 tensores elásticos, PRETUL",PRETUL,"Accesorios para auto / Eslingas y tensores <span class=""Torange"">|</span> Afiladores, piedras para asentar y para afilar"
26039,,TB-4P,"Tornillo de banco 4"" de hierro gris, PRETUL",PRETUL,Tornillos de banco
22461,,PLOM-1Z,"Plomada metálica de 200 g con centro, PRETUL",PRETUL,Pisones y punzones | Plomadas
24490,,LMO-5/32P,"Lima para motosierra 5/32"", PRETUL",PRETUL,Limas sin mango
22656,,PACE-11P,"Pinza de hacendado 11"" mango de PVC, PRETUL",PRETUL,"Pinzas mango de PVC y juegos de pinzas, Pretul"
22809,,CAU-45P2,"Cautín 45 W tipo lápiz para trabajo medio, PRETUL",PRETUL,"Cautines para electrónica, tipo lápiz y pistola para soldar plástico"
21991,,J-2011M,"Juego de 11 llaves combinadas mm, PRETUL",PRETUL,"Llaves combinadas, españolas y juegos"
29885,,PRE-1/6P,"Bomba presurizadora 1/6 HP, PRETUL",PRETUL,"Bombas eléctricas para agua, presurizadoras"
55886,,EXVK-CAB,Exhibidor VOLTECK de cables y cordones,VOLTECK,Muestrarios para identificar medidas
55885,,EXVK-AUO,Exhibidor VOLTECK de abrazaderas para tubo,VOLTECK,Muestrarios para identificar medidas
46812,,MUL-340,"Multicontacto triple,tipo bisagra,entradas laterales VOLTECK",VOLTECK,Multicontactos y adaptadores
48542,,EMP-402L,Luminario LED plafón 18W 6500K ultradelgado cuadrado VOLTECK,VOLTECK LAIT,Iluminación interior / Luminarios LED
48541,,EMP-401L,Luminario LED plafón 12W 6500K ultradelgado cuadrado VOLTECK,VOLTECK LAIT,Iluminación interior / Luminarios LED
46533,,POBA-18,Portalámpara de baquelita con interruptor de cadena VOLTECK,VOLTECK,Portalámparas
55983,,EX-PI-LAMP,Exhibidor de piso de Lámparas VOLTECK,VOLTECK,Racks exhibidores
48540,,EMP-400L,Luminario LED plafón 6W 6500K ultradelgado cuadrado VOLTECK,VOLTECK LAIT,Iluminación interior / Luminarios LED
43541,,EMP-403L,Luminario LED plafón 24W 6500K ultradelgado cuadrado VOLTECK,VOLTECK,Iluminación interior / Luminarios LED
46122,,CL-H,"2 Clavijas de PVC, VOLTECK",VOLTECK,Clavijas y contactos industriales con y sin tierra
46200,,CLI-S,"Clavija industrial blindada polarizada, VOLTECK",VOLTECK,Clavijas y contactos industriales con y sin tierra
46520,,POPL-11,"Portalámpara 4"" de baquelita, VOLTECK",VOLTECK,Portalámparas
46201,,CLR-S,"Clavija industrial reforzada polarizada, VOLTECK",VOLTECK,Clavijas y contactos industriales con y sin tierra
43010,,LAE-120,Lámpara de emergencia de 120 Leds 1000 lm recargable VOLTECK,VOLTECK,"Iluminación interior / Paneles, luminarios lineales y lámparas de emergencia LED"
46004,,APSO-S,"Interruptor de sobreponer sencillo, VOLTECK",VOLTECK,"Artefactos eléctricos Línea de Sobreponer <span class=""Torange"">|</span> Artefactos eléctricos Línea Económica"
46950,,CONCO-1/2,"Conector conduit 1/2"", VOLTECK",VOLTECK,"Tubos / Componentes para Kit CFE, perfiles monocanales y abrazaderas"
46123,,CO-H,"2 Contactos de PVC, VOLTECK",VOLTECK,Clavijas y contactos industriales con y sin tierra
46204,,CLP-S,"Clavija industrial plástica polarizada, VOLTECK",VOLTECK,Clavijas y contactos industriales con y sin tierra
46951,,CONCO-3/4,"Conector conduit 3/4"", VOLTECK",VOLTECK,Conectores metálicos para tubo conduit
49199,,SEFO-LSI,"Interruptor fotoeléctrico 127 V, VOLTECK",VOLTECK,Iluminación exterior / Luminarios suburbanos con sensor de luz y accesorios
46953,,COPCO-1/2,"Cople conduit 1/2"", VOLTECK",VOLTECK,Conectores metálicos para tubo conduit
47276,,FUS-30,"Fusible 30 A, VOLTECK",VOLTECK,"Centros de carga / Interruptores enchufables y para riel DIN <span class=""Torange"">|</span> Fusibles renovables"
46179,,LED-166EC,Foco LED MR16 GU5.3 6W (40W) 3000K luz blanca cálida VOLTECK,VOLTECK,"Lámparas LED tipo MR 16, PAR, OVNI y cápsula"
46954,,COPCO-3/4,"Cople conduit 3/4"", VOLTECK",VOLTECK,Conectores metálicos para tubo conduit
27107,,COA-B,"Contacto 2 polos + tierra, VOLTECK BASIC",VOLTECK BASIC,Artefactos eléctricos
46112,,COI-S,"Contacto industrial blindado polarizado, VOLTECK",VOLTECK,Clavijas y contactos industriales con y sin tierra
46809,,MUL-330,"Multicontacto triple, tipo bisagra VOLTECK",VOLTECK,Multicontactos y adaptadores
27108,,APSE-B,"Interruptor sencillo, VOLTECK BASIC",VOLTECK BASIC,Artefactos eléctricos
46991,,CL-PB,"Clavija sencilla tipo bisagra, VOLTECK",VOLTECK,Clavijas y contactos industriales con y sin tierra
45864,,MUL-3E,"Multicontacto doméstico 3 entradas, VOLTECK",VOLTECK,Multicontactos de barra y de niño
46119,,COR-S,"Contacto industrial reforzado polarizado, VOLTECK",VOLTECK,Clavijas y contactos industriales con y sin tierra
48041,,CINM-20036,"Bolsa con 10 cinchos de 36 cm,acero inoxidable,99 lb,VOLTECK",VOLTECK,Cinchos de acero inoxidable y plásticos
46177,,LED-164EC,Foco LED MR16 GU5.3 4W (30W) 3000K luz blanca cálida VOLTECK,VOLTECK,"Lámparas LED tipo MR 16, PAR, OVNI y cápsula"
47277,,FUS-60,"Fusible 60 A, VOLTECK",VOLTECK,"Centros de carga / Interruptores enchufables y para riel DIN <span class=""Torange"">|</span> Fusibles renovables"
46116,,COP-S,"Contacto industrial plástico polarizado, VOLTECK",VOLTECK,Clavijas y contactos industriales con y sin tierra
55887,,EX-DES-PIL1,"Exhibidor despachador de pilas, VOLTECK",VOLTECK,Pilas
46952,,CONCO-1,"Conector conduit 1"", VOLTECK",VOLTECK,Conectores metálicos para tubo conduit
27109,,APSE-3B,"Interruptor de 3 vías, VOLTECK BASIC",VOLTECK BASIC,Artefactos eléctricos
48040,,CINM-20029,"Bolsa con 10 cinchos de 29 cm,acero inoxidable,99 lb,VOLTECK",VOLTECK,Cinchos de acero inoxidable y plásticos
46955,,COPCO-1,"Cople conduit 1"", VOLTECK",VOLTECK,Conectores metálicos para tubo conduit
48052,,LED-60FA,Foco LED 8W (60W) A19 6500K 3 niveles de iluminación VOLTECK,VOLTECK,Focos LED especiales
48039,,CINM-20020,"Bolsa con 10 cinchos de 20 cm,acero inoxidable,99 lb,VOLTECK",VOLTECK,Cinchos de acero inoxidable y plásticos
47355,,APSO-D,"Interruptor de sobreponer dúplex, VOLTECK",VOLTECK,"Artefactos eléctricos Línea de Sobreponer <span class=""Torange"">|</span> Artefactos eléctricos Línea Económica"
49498,,EMP-700L,Luminario LED empotrable de cortesía 1W 3000K blanco VOLTECK,VOLTECK LAIT,Iluminación interior / Luminarios LED
56019,,EX-LB-VK,"Exhibidor línea Lisboa, VOLTECK",VOLTECK,Despachadores y racks exhibidores
55884,,EX-COX-VK,"Exhibidor de conexiones, VOLTECK",VOLTECK,Racks exhibidores de producto para panel ranurado o perfocel
55890,,EX-ACC-VK,"Exhibidor de accesorios, VOLTECK",VOLTECK,Racks exhibidores de producto para panel ranurado o perfocel
47805,,APPI,"Interruptor de pie, VOLTECK",VOLTECK,"Artefactos eléctricos Línea de Sobreponer <span class=""Torange"">|</span> Artefactos eléctricos Línea Económica"
57025,,EX-ES-VK,"Exhibidor de Línea Española, VOLTECK",VOLTECK,Despachadores y racks exhibidores
51589,,EX-TIM-VK,"Exhibidor probador de timbres, VOLTECK",VOLTECK,Racks exhibidores de producto para panel ranurado o perfocel
57063,,EX-LIB-VK,"Exhibidor línea italiana blanco, VOLTECK",VOLTECK,Despachadores y racks exhibidores
51588,,EX-LO-VK,"Exhibidor de línea Oslo, VOLTECK",VOLTECK,Despachadores y racks exhibidores
51585,,EX-LS-VK,"Exhibidor línea standard, VOLTECK",VOLTECK,Despachadores y racks exhibidores
51584,,EX-LE-VK,"Exhibidor línea económica, VOLTECK",VOLTECK,Despachadores y racks exhibidores
51586,,EX-LI-VK,"Exhibidor línea italiana, VOLTECK",VOLTECK,Despachadores y racks exhibidores
57062,,EX-LIN-VK,"Exhibidor línea italiana negro, VOLTECK",VOLTECK,Despachadores y racks exhibidores
46079,,CDU-12E,"Rollo de 100 m cordón dúplex 12 AWG, VOLTECK",VOLTECK,"Cordones de uso extra rudo, dúplex flexibles SPT y cables desnudos"
46318,,AL-D,"Blíster con 2 pilas alcalinas D, VOLTECK",VOLTECK,Pilas
45006,,CCH-2X4E,"Caja tipo chalupa 2 x 4"" metálica, VOLTECK BASIC",VOLTECK,"Chalupas, cajas de registro y botes integrales"
25077,,PA-APCO-B,"Placa armada contacto e interruptor sencillo, VOLTECK BASIC",VOLTECK BASIC,Artefactos eléctricos
47188,,MUL-6E,"Multicontacto 16 AWG doméstico 6 entradas, VOLTECK",VOLTECK,Multicontactos de barra y de niño
47182,,MUL-6,"Multicontacto 16 AWG uso rudo con 6 entradas, VOLTECK",VOLTECK,Multicontactos de barra y de niño
28016,,REF-404L,"Reflector LED para exteriores 100W 6500K, VOLTECK BASIC",VOLTECK BASIC,Iluminación exterior / Reflectores
45005,,CCH-2X4P,"Caja tipo chalupa 2 x 4"" plástica, VOLTECK",VOLTECK,"Chalupas, cajas de registro y botes integrales"
46985,,COLET-1/2-FS,"Condulet 1/2"" conexión tipo FS, VOLTECK",VOLTECK,Conectores metálicos para tubo conduit
22043,,REF-403L,"Reflector LED para exteriores 50W 6500K, VOLTECK BASIC",VOLTECK BASIC,Iluminación exterior / Reflectores
46316,,AL-AAA,"Blíster con 4 pilas alcalinas AAA, VOLTECK",VOLTECK,Pilas
46315,,AL-AA,"Blíster con 4 pilas alcalinas AA, VOLTECK",VOLTECK,Pilas
28018,,REF-406L,"Reflector LED para exteriores 200W 6500K, VOLTECK BASIC",VOLTECK BASIC,Iluminación exterior / Reflectores
46319,,AL-9V,"Blíster con 1 pila alcalina 9V, VOLTECK",VOLTECK,Pilas
48547,,EMP-201L,"Luminario LED plafón 12W 6500K ultradelgado redondo, VOLTECK",VOLTECK LAIT,Iluminación interior / Luminarios LED
46320,,CCH-2X4,"Caja tipo chalupa 2 x 4"" metálica reforzada, VOLTECK",VOLTECK,"Chalupas, cajas de registro y botes integrales"
48069,,ERA-30X14,"Extensión reforzada aterrizada 30 m 3x14 AWG, VOLTECK",VOLTECK,Extensiones eléctricas
47181,,MUL-4,"Multicontacto 16 AWG uso rudo con 4 entradas, VOLTECK",VOLTECK,Multicontactos de barra y de niño
47144,,POLCA-10,"Portalámparas con cable de 10 m, VOLTECK",VOLTECK,Portalámparas
48068,,ERA-15X14,"Extensión reforzada aterrizada 15 m 3x14 AWG, VOLTECK",VOLTECK,Extensiones eléctricas
45007,,CCH-4X4E,"Caja de registro cuadrada 4"" metálica, VOLTECK BASIC",VOLTECK,"Chalupas, cajas de registro y botes integrales"
48548,,EMP-202L,"Luminario LED plafón 18W 6500K ultradelgado redondo, VOLTECK",VOLTECK LAIT,Iluminación interior / Luminarios LED
46794,,HB-200L,"Luminario LED High Bay 200 W 6500 K, VOLTECK",VOLTECK LAIT,Iluminación interior / Luminarios LED High Bay y para garage
48546,,EMP-200L,"Luminario LED plafón 6W 6500K ultradelgado redondo, VOLTECK",VOLTECK LAIT,Iluminación interior / Luminarios LED
22042,,REF-402L,"Reflector LED para exteriores 30W 6500K, VOLTECK BASIC",VOLTECK BASIC,Iluminación exterior / Reflectores
47143,,POLCA-6,"Portalámparas con cable de 6 m, VOLTECK",VOLTECK,Portalámparas
46012,,AL-AA-D,"Despachador con 16 pilas alcalinas AA, VOLTECK",VOLTECK,Pilas
47186,,MUL-8,"Multicontacto 14 AWG uso rudo con 8 entradas, VOLTECK",VOLTECK,Multicontactos de barra y de niño
28209,,LED-450B,"Foco LED alta potencia 40W (450W) 6500 K, VOLTECK BASIC",VOLTECK BASIC,Focos LED alta potencia y tubos LED
46322,,CCH-4X4O,"Caja de registro octagonal 4"" metálica reforzada, VOLTECK",VOLTECK,"Chalupas, cajas de registro y botes integrales"
46013,,AL-AAA-D,"Despachador con 16 pilas alcalinas AAA, VOLTECK",VOLTECK,Pilas
28017,,REF-405L,"Reflector LED para exteriores 150W 6500K, VOLTECK BASIC",VOLTECK BASIC,Iluminación exterior / Reflectores
46509,,POIN-10,"Portalámpara de PVC para intemperie, VOLTECK",VOLTECK,Portalámparas
48428,,TVSM-40,"Soporte para pantallas de 14"" a 40"" articulado, VOLTECK",VOLTECK,Soportes para pantallas y monitores
46534,,POBA-21,"Portalámpara con sensor de luz, VOLTECK",VOLTECK,Portalámparas
25078,,PA-APSE-B,"Placa armada con 1 interruptor sencillo, VOLTECK BASIC",VOLTECK BASIC,Artefactos eléctricos
48023,,ALHU-132,"Detector de humo con alarma, VOLTECK",VOLTECK,"Centros de carga / Bases para medidor <span class=""Torange"">|</span> Calentadores de inmersión y fusibles automotrices | Detectores de humo y de billetes falsos"
45008,,CCH-3X3E,"Caja de registro cuadrada 3"" metálica, VOLTECK BASIC",VOLTECK,"Chalupas, cajas de registro y botes integrales"
47280,,FUS-30A,"Fusible 30 A con agarradera, VOLTECK",VOLTECK,"Centros de carga / Interruptores enchufables y para riel DIN <span class=""Torange"">|</span> Fusibles renovables"
46274,,POSE-360,"Portalámpara con sensor de movimiento 360°, VOLTECK",VOLTECK,Portalámparas
48221,,REF-303L,"Reflector LED para exteriores 50W 6500K, VOLTECK",VOLTECK LAIT,Iluminación exterior / Reflectores
47142,,POLCA-4,"Portalámparas con cable de 4 m, VOLTECK",VOLTECK,Portalámparas
28208,,LED-350B,"Foco LED alta potencia 35W (350W) 6500 K, VOLTECK BASIC",VOLTECK BASIC,Focos LED alta potencia y tubos LED
46280,,CAN-1020,"Canaleta de 1 vía 10 x 20 mm, VOLTECK",VOLTECK,"Accesorios de audio y video <span class=""Torange"">|</span> Antenas interiores"
46096,,TVSM-65,"Soporte para pantallas de 26"" a 65"" articulado, VOLTECK",VOLTECK,Soportes para pantallas y monitores
25082,,PA-COTR-B,"Placa armada con 3 contactos, VOLTECK BASIC",VOLTECK BASIC,Artefactos eléctricos
45110,,MAST-280,"Mástil de 2.8 m para antena aérea, VOLTECK",VOLTECK,Antenas aéreas y mástiles
46199,,CLI-B,"Clavija industrial blindada no polarizada, VOLTECK",VOLTECK,Clavijas y contactos industriales con y sin tierra
46986,,COLET-3/4-FS,"Condulet 3/4"" conexión tipo FS, VOLTECK",VOLTECK,Conectores metálicos para tubo conduit
25080,,PA-APDO-B,"Placa armada con 2 interruptores sencillos, VOLTECK BASIC",VOLTECK BASIC,Artefactos eléctricos
28207,,LED-250B,"Foco LED alta potencia 25W (250W) 6500 K, VOLTECK BASIC",VOLTECK BASIC,Focos LED alta potencia y tubos LED
48066,,ERA-4X14,"Extensión reforzada aterrizada 4 m 3x14 AWG, VOLTECK",VOLTECK,Extensiones eléctricas
46210,,CL-HR,"2 Clavijas no polarizadas redondas de PVC, VOLTECK",VOLTECK,Clavijas y contactos industriales con y sin tierra
40194,,ERA-10X14,"Extensión reforzada aterrizada 10 m calibre 14, VOLTECK",VOLTECK,Extensiones eléctricas
48067,,ERA-8X14,"Extensión reforzada aterrizada 8 m 3x14 AWG, VOLTECK",VOLTECK,Extensiones eléctricas
22041,,REF-401L,"Reflector LED para exteriores 20W 6500K, VOLTECK BASIC",VOLTECK BASIC,Iluminación exterior / Reflectores
48220,,REF-302L,"Reflector LED para exteriores 30W 6500K, VOLTECK",VOLTECK LAIT,Iluminación exterior / Reflectores
46793,,HB-150L,"Luminario LED High Bay 150 W 6500 K, VOLTECK",VOLTECK LAIT,Iluminación interior / Luminarios LED High Bay y para garage
46792,,HB-100L,"Luminario LED High Bay 100 W 6500 K, VOLTECK",VOLTECK LAIT,Iluminación interior / Luminarios LED High Bay y para garage
28206,,LED-170B,"Foco LED alta potencia 20W (170W) 6500 K, VOLTECK BASIC",VOLTECK BASIC,Focos LED alta potencia y tubos LED
46444,,APAL-2C,"Interruptor de palanca con cable, 1 polo, on-off, VOLTECK",VOLTECK,"Extractores de aire <span class=""Torange""> |</span> Interruptores de palanca y tipo botonera"
48076,,POPL-17,"Portalámpara 4-1/2"" de baquelita, VOLTECK",VOLTECK,Portalámparas
49837,,REF-506SL,"Reflector LED con panel solar 200W 6500K, VOLTECK",VOLTECK,Iluminación exterior / Reflectores
40195,,ERA-20X14,"Extensión reforzada aterrizada 20 m calibre 14, VOLTECK",VOLTECK,Extensiones eléctricas
47234,,MUL-10,"Multicontacto 14 AWG uso rudo con 10 entradas, VOLTECK",VOLTECK,Multicontactos de barra y de niño
49895,,REF-304L,"Reflector LED para exteriores 100W 6500K, VOLTECK",VOLTECK LAIT,Iluminación exterior / Reflectores
46097,,MUFAR-1-1/4,"Mufa roscada 1-1/4"" para tubo, VOLTECK",VOLTECK,"Tubos / Componentes para Kit CFE, perfiles monocanales y abrazaderas"
45004,,CCH-4X4P,"Caja de registro cuadrada 4"" plástica, VOLTECK",VOLTECK,"Chalupas, cajas de registro y botes integrales"
46312,,ZI-9V,"Blíster con 1 pila zinc-carbón 9 V, VOLTECK",VOLTECK,Pilas
46317,,AL-C,"Blíster con 2 pilas alcalinas C, VOLTECK",VOLTECK,Pilas
46595,,SEMO-AL,"Sensor de movimiento con alarma y timbre, VOLTECK",VOLTECK,"Temporizadores<span class=""Torange"">|</span>Termómetro digital y sensores de movimiento"
26113,,REF-408L,"Reflector LED para exteriores 400W 6500K, VOLTECK BASIC",VOLTECK BASIC,Iluminación exterior / Reflectores
46282,,CAN-1735,"Canaleta de 1 vía 17 x 35 mm, VOLTECK",VOLTECK,"Accesorios de audio y video <span class=""Torange"">|</span> Antenas interiores"
46321,,CCH-4X4C,"Caja de registro cuadrada 4"" metálica reforzada, VOLTECK",VOLTECK,"Chalupas, cajas de registro y botes integrales"
48219,,REF-301L,"Reflector LED para exteriores 20W 6500K, VOLTECK",VOLTECK LAIT,Iluminación exterior / Reflectores
46979,,COLET-1/2-T,"Condulet 1/2"" conexión tipo T, VOLTECK",VOLTECK,Conectores metálicos para tubo conduit
46106,,COSO-D,"Contacto de sobreponer dúplex sin tierra, VOLTECK",VOLTECK,"Artefactos eléctricos Línea de Sobreponer <span class=""Torange"">|</span> Artefactos eléctricos Línea Económica"
46095,,TVSM-42,"Soporte para pantallas de 23"" a 42"" articulado, VOLTECK",VOLTECK,Soportes para pantallas y monitores
47351,,COSO-T,"Contacto de sobreponer triple sin tierra, VOLTECK",VOLTECK,"Artefactos eléctricos Línea de Sobreponer <span class=""Torange"">|</span> Artefactos eléctricos Línea Económica"
48142,,TERA-K55,"Juego de 55 terminales aisladas para cable, VOLTECK",VOLTECK,"Accesorios de audio y video <span class=""Torange"">|</span> Antenas interiores"
46311,,ZI-D,"Blíster con 2 pilas zinc-carbón D, VOLTECK",VOLTECK,Pilas
46557,,ERA-30X12,"Extensión reforzada aterrizada 30 m 3x12 AWG, VOLTECK",VOLTECK,Extensiones eléctricas
40193,,ERA-6X14,"Extensión reforzada aterrizada 6 m calibre 14, VOLTECK",VOLTECK,Extensiones eléctricas
46588,,ABA-701L,"Lámpara LED 100W 6500K con 4 paneles abatibles, VOLTECK",VOLTECK LAIT,Iluminación interior / Luminarios LED High Bay y para garage
26112,,REF-407L,"Reflector LED para exteriores 300W 6500K, VOLTECK BASIC",VOLTECK BASIC,Iluminación exterior / Reflectores
46980,,COLET-3/4-T,"Condulet 3/4"" conexión tipo T, VOLTECK",VOLTECK,Conectores metálicos para tubo conduit
25083,,PA-APTR-B,"Placa armada con 3 interruptores sencillos, VOLTECK BASIC",VOLTECK BASIC,Artefactos eléctricos
46127,,REF-306L,"Reflector LED para exteriores 200W 6500K, VOLTECK",VOLTECK LAIT,Iluminación exterior / Reflectores
59998,,GON-100V,"Góndola de pared 100 x 220 cm, VOLTECK",VOLTECK,Exhibidores tipo góndola
49836,,REF-504SL,"Reflector LED con panel solar 100W 6500K, VOLTECK",VOLTECK,Iluminación exterior / Reflectores
46125,,CVT,"Conector para varilla a tierra, VOLTECK",VOLTECK,"Tubos / Componentes para Kit CFE, perfiles monocanales y abrazaderas"
46592,,EXA-12I,"Extractor de aire de 12"",blanco, VOLTECK",VOLTECK,"Extractores de aire <span class=""Torange""> |</span> Interruptores de palanca y tipo botonera"
46943,,MUFA-1-1/4,"Mufa con abrazadera para tubo 1-1/4"", VOLTECK",VOLTECK,"Tubos / Componentes para Kit CFE, perfiles monocanales y abrazaderas"
22040,,REF-400L,"Reflector LED para exteriores 10W 6500K, VOLTECK BASIC",VOLTECK BASIC,Iluminación exterior / Reflectores
46209,,CL-PL,"2 Clavijas no polarizadas planas de policarbonato, VOLTECK",VOLTECK,Clavijas y contactos industriales con y sin tierra
46971,,COLET-3/4-LB,"Condulet 3/4"" conexión tipo LB, VOLTECK",VOLTECK,Conectores metálicos para tubo conduit
44298,,BCIN-650,"Bote con 650 cinchos plásticos en colores surtidos, VOLTECK",VOLTECK,"Cinchos plásticos, tubos termocontráctiles, cinta de aislar y de contacto doble"
46250,,AD-270,"Adaptador con supresor de picos 270 joules, VOLTECK",VOLTECK,Multicontactos con supresor de picos y contacto inteligente WiFi
46279,,CAN-1212,"Canaleta de 1 vía 12 x 12 mm, VOLTECK",VOLTECK,"Accesorios de audio y video <span class=""Torange"">|</span> Antenas interiores"
49835,,REF-503SL,"Reflector LED con panel solar 60W 6500K, VOLTECK",VOLTECK,Iluminación exterior / Reflectores
48101,,TIMC-2,"Timbre industrial tipo campana de 2-3/4"", VOLTECK",VOLTECK,"Timbres, ventiladores y contactos"
25084,,PA-APSE-EB,"Placa armada con 1 interruptor de 3 vías, VOLTECK BASIC",VOLTECK BASIC,Artefactos eléctricos
46245,,AD-RP,"Adaptador barra redonda a plana, VOLTECK",VOLTECK,Multicontactos y adaptadores
46554,,ERA-10X12,"Extensión reforzada aterrizada 10 m 3x12 AWG, VOLTECK",VOLTECK,Extensiones eléctricas
46515,,POBA-17,"Portalámpara de baquelita, con interruptor de cadena VOLTECK",VOLTECK,Portalámparas
46555,,ERA-15X12,"Extensión reforzada aterrizada 15 m 3x12 AWG, VOLTECK",VOLTECK,Extensiones eléctricas
46253,,AD-32N,"Bolsa con 2 adaptadores 3 a 2 naranjas, VOLTECK",VOLTECK,Multicontactos y adaptadores
46094,,TVSM-37,"Soporte para pantallas de 23"" a 37"" articulado, VOLTECK",VOLTECK,Soportes para pantallas y monitores
46309,,ZI-AA,"Blíster con 4 pilas zinc-carbón AA, VOLTECK",VOLTECK,Pilas
46281,,CAN-1720,"Canaleta de 1 vía 17 x 20 mm, VOLTECK",VOLTECK,"Accesorios de audio y video <span class=""Torange"">|</span> Antenas interiores"
46931,,CLQ-3/4R,"Conector recto 3/4"" para tubo liquid tight, VOLTECK",VOLTECK,"Tubos / Poliductos <span class=""Torange"">|</span> Tubos flexibles y conectores"
49859,,MUL-6N,"Multicontacto 16 AWG doméstico con 6 entradas, negro VOLTECK",VOLTECK,Multicontactos de barra y de niño
46126,,REF-305L,"Reflector LED para exteriores 150W 6500K, VOLTECK",VOLTECK LAIT,Iluminación exterior / Reflectores
46607,,TIMC-4,"Timbre industrial tipo campana de 4"", VOLTECK",VOLTECK,"Timbres, ventiladores y contactos"
47283,,REP-FUS30,"Repuesto para fusible de 30 A, VOLTECK",VOLTECK,"Centros de carga / Interruptores enchufables y para riel DIN <span class=""Torange"">|</span> Fusibles renovables"
46098,,RB-114-12,"Reducción bushing de 1-1/4"" a 1/2"", VOLTECK",VOLTECK,"Tubos / Componentes para Kit CFE, perfiles monocanales y abrazaderas"
46556,,ERA-20X12,"Extensión reforzada aterrizada 20 m 3x12 AWG, VOLTECK",VOLTECK,Extensiones eléctricas
47340,,CTF-1/2R,"Conector recto 1/2"" para tubo flexible metálico, VOLTECK",VOLTECK,"Tubos / Poliductos <span class=""Torange"">|</span> Tubos flexibles y conectores"
47104,,FIV-40E,"Lámpara incandescente vintage 40 W tipo Edison, VOLTECK",VOLTECK,Focos incandescentes
46970,,COLET-1/2-LB,"Condulet 1/2"" conexión tipo LB, VOLTECK",VOLTECK,Conectores metálicos para tubo conduit
46558,,ERA-4X12,"Extensión reforzada aterrizada 4 m calibre 12, VOLTECK",VOLTECK,Extensiones eléctricas
28092,,REF-403LC,"Reflector LED para exteriores 50W 3000K, VOLTECK BASIC",VOLTECK BASIC,Iluminación exterior / Reflectores
46108,,COSO-S,"Contacto de sobreponer sencillo sin tierra, VOLTECK",VOLTECK,"Artefactos eléctricos Línea de Sobreponer <span class=""Torange"">|</span> Artefactos eléctricos Línea Económica"
46591,,EXA-10I,"Extractor de aire de 10"",blanco, VOLTECK",VOLTECK,"Extractores de aire <span class=""Torange""> |</span> Interruptores de palanca y tipo botonera"
47281,,FUS-60A,"Fusible 60 A con agarradera, VOLTECK",VOLTECK,"Centros de carga / Interruptores enchufables y para riel DIN <span class=""Torange"">|</span> Fusibles renovables"
47231,,SEMO-EX,"Sensor de movimiento para exterior, VOLTECK",VOLTECK,"Temporizadores<span class=""Torange"">|</span>Termómetro digital y sensores de movimiento"
46611,,TIMC-10,"Timbre industrial tipo campana de 10"", VOLTECK",VOLTECK,"Timbres, ventiladores y contactos"
46189,,LES-100L,"Lámpara de LED 5W cuello flexible para escritorio, VOLTECK",VOLTECK LAIT,Luces de noche
46930,,CLQ-1/2R,"Conector recto 1/2"" para tubo liquid tight, VOLTECK",VOLTECK,"Tubos / Poliductos <span class=""Torange"">|</span> Tubos flexibles y conectores"
45368,,TER-25C,"Bolsa con 25 piezas de tubo termocontráctil, VOLTECK",VOLTECK,"Cinchos plásticos, tubos termocontráctiles, cinta de aislar y de contacto doble"
46598,,LUZ-N,"Luz de noche con sensor de luz, VOLTECK",VOLTECK,Luces de noche
44017,,BCIN-1000C,"Bote con 1000 cinchos plásticos en colores surtidos, VOLTECK",VOLTECK,"Cinchos plásticos, tubos termocontráctiles, cinta de aislar y de contacto doble"
45367,,TER-580C,"Estuche con 580 piezas de tubo termocontráctil, VOLTECK",VOLTECK,"Cinchos plásticos, tubos termocontráctiles, cinta de aislar y de contacto doble"
46587,,ABA-700L,"Lámpara LED 50W 6500K con 3 paneles abatibles, VOLTECK",VOLTECK LAIT,Iluminación interior / Luminarios LED High Bay y para garage
28093,,REF-404LC,"Reflector LED para exteriores 100W 3000K, VOLTECK BASIC",VOLTECK BASIC,Iluminación exterior / Reflectores
47341,,CTF-3/4R,"Conector recto 3/4"" para tubo flexible metálico, VOLTECK",VOLTECK,"Tubos / Poliductos <span class=""Torange"">|</span> Tubos flexibles y conectores"
55575,,EX-FOS-G2,Exhibidor de productos FOSET genérico,FOSET,Racks exhibidores de producto para panel ranurado o perfocel
49146,,E-052S,"Juego llaves empotrar roscables,compresión,sin maneral FOSET",FOSET,Llaves de empotrar para regadera y regaderas eléctricas
49729,,CC-862,"Codo 45° de cobre 3/4"",FOSET",FOSET COPPERFLOW,Conexiones de cobre y latón cobrizado
49145,,E-652S,"Juego llaves empotrar soldables,compresión,sin maneral FOSET",FOSET,Llaves de empotrar para regadera y regaderas eléctricas
49486,,CARCE-324,Bolsa con 2 cartuchos cerámicos para mezcladora AQF-86 FOSET,FOSET AQUA,"Cartuchos (árbol) de repuesto, accesorios para regaderas de teléfono y grifería en blíster"
49227,,LLI-20,"Llave economizadora para lavabo, FOSET",FOSET,Productos institucionales / Grifería y barras de seguridad
47918,,LLI-10,"Llave temporizadora para lavabo, FOSET",FOSET,Productos institucionales / Grifería y barras de seguridad
49601,,E-052SCE,"Juego llaves empotrar roscables,1/4 vuelta,sin maneral FOSET",FOSET,Llaves de empotrar para regadera y regaderas eléctricas
49851,,CV-563,"Codo 90° PPR, 1"", FOSET",FOSET TERMOFLOW,Tubos y conexiones de PPR
55980,,EX-BAQ-GO,"Exhibidor tipo góndola, FOSET BASIC AQUA",FOSET,Exhibidores tipo góndola
56010,,EX-TB-GO,"Exhibidor tipo góndola, FOSET TÚBIG",FOSET TUBIG,Exhibidores tipo góndola
47906,,RES-4V,"Juego de 4 repisas esquineras de vidrio, FOSET",FOSET BASIC,Llaves de empotrar para regadera y regaderas eléctricas
55857,,R-CPVC-FOS,"Rack con conexiones CPVC, FOSET",FOSET,Accesorios para tinaco y racks
55975,,EX-BA-GO,"Exhibidor tipo góndola, FOSET BASIC",FOSET,Exhibidores tipo góndola
49671,,ELA-72,"Portarrollo metálico acabado cromo, FOSET ELEMENT",FOSET ELEMENT,Accesorios para baño
49600,,E-652SCE,"Juego llaves empotrar soldables,1/4 vuelta,sin maneral FOSET",FOSET,Llaves de empotrar para regadera y regaderas eléctricas
55976,,EX-AQ-GO,"Exhibidor tipo góndola, FOSET AQUA",FOSET,Exhibidores tipo góndola
56368,,R-TAR,"Rack para tarjas, FOSET",FOSET,Racks exhibidores
47932,,ABP-20X,"Portarrollo de acero inoxidable, FOSET",FOSET,Accesorios para sanitarios institucionales
55979,,EX-RI-GO,"Exhibidor tipo góndola, FOSET RIVIERA",FOSET,Exhibidores tipo góndola
45958,,TBA-72,"Portarrollo metálico acabado cromo, FOSET TÚBIG",FOSET TUBIG,Regaderas y accesorios para baño
49677,,ELA-72N,"Portarrollo metálico acabado satín, FOSET ELEMENT",FOSET ELEMENT,Accesorios para baño
45960,,TBA-72M,"Portarrollo metálico acabado negro, FOSET TÚBIG",FOSET TUBIG,Regaderas y accesorios para baño
55978,,EX-EL-GO,"Exhibidor tipo góndola, FOSET ELEMENT",FOSET,Exhibidores tipo góndola
49875,,CV-363,"Tapón de PPR 1"", FOSET",FOSET TERMOFLOW,Tubos y conexiones de PPR
45425,,PVC-363,"Tapón de PVC 1"", FOSET",FOSET SANIFLOW,"Tubos y conexiones de PVC, serie inglesa"
45541,,PVC-366,"Tapón de PVC 2"", FOSET",FOSET SANIFLOW,"Tubos y conexiones de PVC, serie inglesa"
45120,,CPVC-363,"Tapón de CPVC 1"", FOSET",FOSET HIDROFLOW,Conexiones de CPVC
55977,,EX-AE-GO,"Exhibidor tipo góndola, FOSET AERO",FOSET,Exhibidores tipo góndola
45959,,TBA-72N,"Portarrollo metálico acabado satín, FOSET TÚBIG",FOSET TUBIG,Regaderas y accesorios para baño
45461,,CV-566,"Codo 90° PPR, 2"", FOSET",FOSET TERMOFLOW,Tubos y conexiones de PPR
49210,,TECO-60R,"Termocople 60 cm roscable, FOSET",FOSET,"Termopares, termocoples y válvulas"
49639,,AEA-77,"Toallero metálico de argolla, FOSET AERO",FOSET AERO,Regaderas y accesorios para baño
55577,,EX-VAL-FOS2,"Exhibidor de válvulas, FOSET",FOSET,Exhibidores para panel ranurado o perfocel
49211,,TECO-60S,"Termocople 60 cm soldable, FOSET",FOSET,"Termopares, termocoples y válvulas"
48907,,CPVC-783,"Cruz de CPVC 1"", FOSET",FOSET HIDROFLOW,Conexiones de CPVC
56011,,EXF-CAR,"Exhibidor de cartuchos, FOSET",FOSET,Muestrarios para identificar medidas
55579,,EX-WC-FOS2,"Exhibidor WC, FOSET",FOSET,Racks exhibidores de producto para panel ranurado o perfocel
48958,,CPVC-606,"Conector hembra CPVC 2"", FOSET",FOSET HIDROFLOW,Tubos y conexiones de CPVC
55576,,EX-MAN-FOS2,"Exhibidor de mangueras, FOSET",FOSET,Exhibidores para panel ranurado o perfocel
48955,,CPVC-616,"Conector macho CPVC 2"", FOSET",FOSET HIDROFLOW,Tubos y conexiones de CPVC
56013,,EX-PALP,"Exhibidor de conexiones PE-AL-PE, FOSET",FOSET,Racks exhibidores de producto para panel ranurado o perfocel
55578,,EX-CES-FOS2,"Exhibidor de céspoles, FOSET",FOSET,Racks exhibidores de producto para panel ranurado o perfocel
48949,,CPVC-366,"Tapón de CPVC 2"", FOSET",FOSET HIDROFLOW,Conexiones de CPVC
55597,,EX-FP-318,"Exhibidor con mezcladora FP-318, FOSET",FOSET BASIC,Exhibidores de grifería para panel ranurado o perfocel
55596,,EX-MP-050,"Exhibidor con mezcladora MP-050, FOSET",FOSET BASIC,Exhibidores de grifería para panel ranurado o perfocel
55599,,EX-FP-317,"Exhibidor con mezcladora FP-317, FOSET",FOSET BASIC,Exhibidores de grifería para panel ranurado o perfocel
55604,,EX-R-511,"Exhibidor con regadera R-511, FOSET",FOSET AERO,Exhibidores de grifería para panel ranurado o perfocel
55603,,EX-R-510,"Exhibidor con regadera R-510, FOSET",FOSET AERO,Exhibidores de grifería para panel ranurado o perfocel
56004,,EX-R-415,"Exhibidor con regadera R-415, FOSET",FOSET,Exhibidores de grifería para panel ranurado o perfocel
55454,,EX-M-060P,"Exhibidor con mezcladora M-060P, FOSET",FOSET BASIC,Exhibidores de grifería para panel ranurado o perfocel
55598,,EX-MP-060,"Exhibidor con mezcladora MP-060, FOSET",FOSET BASIC,Exhibidores de grifería para panel ranurado o perfocel
55458,,EX-F-AQM-42,"Exhibidor con monomando AQM-42, FOSET",FOSET AQUA,Exhibidores de grifería para panel ranurado o perfocel
47919,,R1-LLI-10,"Repuesto cartucho temporizador, FOSET",FOSET,Productos institucionales / Grifería y barras de seguridad
56003,,EX-R-414,"Exhibidor con regadera R-414, FOSET",FOSET,Exhibidores de grifería para panel ranurado o perfocel
55721,,EX-AQF-82,"Exhibidor con mezcladora AQF-82, FOSET",FOSET AQUA,Exhibidores de grifería para panel ranurado o perfocel
55592,,EX-F-319P,"Exhibidor con mezcladora F-319P, FOSET",FOSET BASIC,Exhibidores de grifería para panel ranurado o perfocel
55939,,EX-R-401,"Exhibidor con Regadera R-401, FOSET",FOSET,Exhibidores de grifería para panel ranurado o perfocel
55940,,EX-R-402,"Exhibidor con Regadera R-402, FOSET",FOSET,Exhibidores de grifería para panel ranurado o perfocel
55457,,EX-R-007,"Exhibidor con regadera R-007, FOSET",FOSET BASIC,Exhibidores de grifería para panel ranurado o perfocel
48922,,CPVC-413,"Puente de CPVC 1"", FOSET",FOSET HIDROFLOW,Conexiones de CPVC
55607,,EX-REGEL-4,"Exhibidor con regadera REGEL-4, FOSET",FOSET,Exhibidores de grifería para panel ranurado o perfocel
45282,,CARMO-23,"Cartucho cerámico monomando, FOSET",FOSET,"Cartuchos (árbol) de repuesto, accesorios para regaderas de teléfono y grifería en blíster"
55996,,EX-TBF-84,"Exhibidor con monomando TBF-84, FOSET",FOSET,Exhibidores de grifería para panel ranurado o perfocel
55281,,EX-F-317,"Exhibidor con mezcladora F-317, FOSET",FOSET BASIC,Exhibidores de grifería para panel ranurado o perfocel
55479,,EX-F-318P,"Exhibidor con mezcladora F-318-P, FOSET",FOSET BASIC,Exhibidores de grifería para panel ranurado o perfocel
55707,,EX-R-504,"Exhibidor con regadera R-504, FOSET",FOSET AQUA,Exhibidores de grifería para panel ranurado o perfocel
45458,,CV-366,"Tapón de PPR 2"", FOSET",FOSET TERMOFLOW,Tubos y conexiones de PPR
55590,,EX-F-319I,"Exhibidor con mezcladora F-319I, FOSET",FOSET BASIC,Exhibidores de grifería para panel ranurado o perfocel
55988,,EX-TBM-62M,"Exhibidor con mezcladora TBM-62M, FOSET",FOSET,Exhibidores de grifería para panel ranurado o perfocel
55992,,EX-TBF-82M,"Exhibidor con mezcladora TBF-82M, FOSET",FOSET,Exhibidores de grifería para panel ranurado o perfocel
55594,,EX-F-312,"Exhibidor con mezcladora F-312, FOSET",FOSET BASIC,Exhibidores de grifería para panel ranurado o perfocel
55586,,EX-M-060I,"Exhibidor con mezcladora M-060I, FOSET",FOSET BASIC,Exhibidores de grifería para panel ranurado o perfocel
55588,,EX-F-AQF-92,"Exhibidor con mezcladora AQF-92, FOSET",FOSET AQUA,Exhibidores de grifería para panel ranurado o perfocel
55595,,EX-MP-048,"Exhibidor con mezcladora MP-048, FOSET",FOSET BASIC,Exhibidores de grifería para panel ranurado o perfocel
55589,,EX-F-318I,"Exhibidor con mezcladora F-318I, FOSET",FOSET BASIC,Exhibidores de grifería para panel ranurado o perfocel
55705,,EX-R-507,"Exhibidor con regadera R-507, FOSET",FOSET BASIC,Exhibidores de grifería para panel ranurado o perfocel
55452,,EX-M-060,"Exhibidor con mezcladora M-060, FOSET",FOSET BASIC,Exhibidores de grifería para panel ranurado o perfocel
55459,,EX-F-AQF-85,"Exhibidor con mezcladora AQF-85, FOSET",FOSET AQUA,Exhibidores de grifería para panel ranurado o perfocel
55282,,EX-F-318,"Exhibidor con mezcladora F-318, FOSET",FOSET BASIC,Exhibidores de grifería para panel ranurado o perfocel
55968,,EX-R-516,"Exhibidor con regadera R-516, FOSET",FOSET,Exhibidores de grifería para panel ranurado o perfocel
55997,,EX-TBF-87,"Exhibidor con monomando TBF-87, FOSET",FOSET,Exhibidores de grifería para panel ranurado o perfocel
55724,,EX-AQM-52,"Exhibidor con mezcladora AQM-52, FOSET",FOSET AQUA,Exhibidores de grifería para panel ranurado o perfocel
55585,,EX-M-050I,"Exhibidor con mezcladora M-050I, FOSET",FOSET BASIC,Exhibidores para panel ranurado o perfocel
55704,,EX-R-506,"Exhibidor con regadera R-506, FOSET",FOSET BASIC,Exhibidores de grifería para panel ranurado o perfocel
55456,,EX-M-050P,"Exhibidor con mezcladora M-050P, FOSET",FOSET BASIC,Exhibidores para panel ranurado o perfocel
55279,,EX-E-652,"Exhibidor para llaves E-652, FOSET",FOSET BASIC,Exhibidores de grifería para panel ranurado o perfocel
55994,,EX-TBM-45,"Exhibidor con monomando TBM-45, FOSET",FOSET,Exhibidores de grifería para panel ranurado o perfocel
55291,,EX-M-048,"Exhibidor con mezcladora M-048, FOSET",FOSET BASIC,Exhibidores para panel ranurado o perfocel
55708,,EX-R-501,"Exhibidor con regadera R-501, FOSET",FOSET AQUA,Exhibidores de grifería para panel ranurado o perfocel
55453,,EX-M-060A,"Exhibidor con mezcladora M-060A, FOSET",FOSET BASIC,Exhibidores de grifería para panel ranurado o perfocel
55451,,EX-M-048P,"Exhibidor con mezcladora M-048P, FOSET",FOSET BASIC,Exhibidores para panel ranurado o perfocel
55591,,EX-F-319,"Exhibidor con mezcladora F-319, FOSET",FOSET BASIC,Exhibidores de grifería para panel ranurado o perfocel
55297,,EX-M-242-A,"Exhibidor para llaves M-242-A, FOSET",FOSET BASIC,Exhibidores de grifería para panel ranurado o perfocel
55722,,EX-AQF-81,"Exhibidor con mezcladora AQF-81, FOSET",FOSET AQUA,Exhibidores de grifería para panel ranurado o perfocel
55602,,EX-R-509,"Exhibidor con regadera R-509, FOSET",FOSET AQUA,Exhibidores de grifería para panel ranurado o perfocel
56002,,EX-R-413,"Exhibidor con regadera R-413, FOSET",FOSET,Exhibidores de grifería para panel ranurado o perfocel
55723,,EX-AQM-51,"Exhibidor con mezcladora AQM-51, FOSET",FOSET AQUA,Exhibidores de grifería para panel ranurado o perfocel
55455,,EX-M-050A,"Exhibidor con mezcladora M-050A, FOSET",FOSET BASIC,Exhibidores para panel ranurado o perfocel
55970,,EX-AQM-52N,"Exhibidor con mezcladora AQM-52N, FOSET",FOSET,Exhibidores de grifería para panel ranurado o perfocel
55726,,EX-AQM-62,"Exhibidor con mezcladora AQM-62, FOSET",FOSET AQUA,Exhibidores de grifería para panel ranurado o perfocel
55969,,EX-AQF-82N,"Exhibidor con mezcladora AQF-82N, FOSET",FOSET,Exhibidores de grifería para panel ranurado o perfocel
55593,,EX-F-319A,"Exhibidor con mezcladora F-319A, FOSET",FOSET BASIC,Exhibidores de grifería para panel ranurado o perfocel
55995,,EX-TBF-83,"Exhibidor con monomando TBF-83, FOSET",FOSET,Exhibidores de grifería para panel ranurado o perfocel
55584,,EX-M-048I,"Exhibidor con mezcladora M-048I, FOSET",FOSET BASIC,Exhibidores para panel ranurado o perfocel
55293,,EX-M-050,"Exhibidor para mezcladora M-050, FOSET",FOSET BASIC,Exhibidores para panel ranurado o perfocel
55965,,EX-F-318E,"Exhibidor con mezcladora F-318E, FOSET",FOSET,Exhibidores de grifería para panel ranurado o perfocel
55941,,EX-R-502,"Exhibidor con Regadera R-502, FOSET",FOSET AQUA,Exhibidores de grifería para panel ranurado o perfocel
55991,,EX-TBF-82N,"Exhibidor con mezcladora TBF-82N, FOSET",FOSET,Exhibidores de grifería para panel ranurado o perfocel
55283,,EX-F-318A,"Exhibidor con mezcladora F-318A, FOSET",FOSET BASIC,Exhibidores de grifería para panel ranurado o perfocel
55972,,EX-R-509G,"Exhibidor con regadera R-509G, FOSET",FOSET,Exhibidores de grifería para panel ranurado o perfocel
55601,,EX-R-508,"Exhibidor con regadera R-508, FOSET",FOSET AQUA,Exhibidores de grifería para panel ranurado o perfocel
55292,,EX-M-048A,"Exhibidor con mezcladora M-048A, FOSET",FOSET BASIC,Exhibidores para panel ranurado o perfocel
55600,,EX-F-AQF-86,"Exhibidor con mezcladora AQF-86, FOSET",FOSET,Exhibidores de grifería para panel ranurado o perfocel
55966,,EX-F-319E,"Exhibidor con mezcladora F-319E, FOSET",FOSET,Exhibidores de grifería para panel ranurado o perfocel
55725,,EX-AQM-61,"Exhibidor con mezcladora AQM-61, FOSET",FOSET AQUA,Exhibidores de grifería para panel ranurado o perfocel
55990,,EX-TBF-82,"Exhibidor con mezcladora TBF-82, FOSET",FOSET,Exhibidores de grifería para panel ranurado o perfocel
55986,,EX-TBM-62,"Exhibidor con mezcladora TBM-62, FOSET",FOSET,Exhibidores de grifería para panel ranurado o perfocel
55587,,EX-F-317A,"Exhibidor con mezcladora F-317A, FOSET",FOSET BASIC,Exhibidores de grifería para panel ranurado o perfocel
55993,,EX-TBF-81,"Exhibidor con mezcladora TBF-81, FOSET",FOSET,Exhibidores de grifería para panel ranurado o perfocel
55989,,EX-TBM-61,"Exhibidor con mezcladora TBM-61, FOSET",FOSET,Exhibidores de grifería para panel ranurado o perfocel
46722,,CARMO-3,"Cartucho para monomando MP-421, FOSET",FOSET,"Cartuchos (árbol) de repuesto, accesorios para regaderas de teléfono y grifería en blíster"
55280,,EX-E-652A,"Exhibidor para llaves E-652A, FOSET",FOSET BASIC,Exhibidores de grifería para panel ranurado o perfocel
48107,,CILG-9,"Cilindro portátil para gas LP, 20lb (9kg) FOSET",FOSET,Cilindros para gas y accesorios
45890,,CILG-20,"Cilindro portátil para gas LP, 20kg (44lb) FOSET",FOSET,Cilindros para gas y accesorios
49879,,CV-611,"Adaptador PPR 1/2"" macho con inserto metálico, FOSET",FOSET TERMOFLOW,Conexiones y válvulas de PPR
49077,,VACHE-3/4,"Válvula check de latón de 3/4"", FOSET",FOSET,Válvulas y filtros
45891,,CILG-30,"Cilindro portátil para gas LP, 30kg (66lb) FOSET",FOSET,Cilindros para gas y accesorios
49880,,CV-612,"Adaptador PPR 3/4"" macho con inserto metálico, FOSET",FOSET TERMOFLOW,Conexiones y válvulas de PPR
49886,,CV-602,"Adaptador PPR 3/4"" hembra con inserto metálico, FOSET",FOSET TERMOFLOW,Conexiones y válvulas de PPR
49365,,CE-235,"Céspol flexible de polietileno con contra, para lavabo,FOSET",FOSET,Céspoles plásticos para lavabo y fregadero
49885,,CV-601,"Adaptador PPR 1/2"" hembra con inserto metálico, FOSET",FOSET TERMOFLOW,Conexiones y válvulas de PPR
49034,,VAFLO-1/2,"Válvula de flotador de latón 1/2"", FOSET",FOSET,Válvulas y filtros
45171,,CV-TER,"Termofusora de 600 W para PPR, FOSET",FOSET TERMOFLOW,Kits de PPR para regadera y termofusoras
49714,,CC-561,"Codo 90° de cobre de 1/2"", FOSET",FOSET COPPERFLOW,Conexiones de cobre y latón cobrizado
49506,,CE-292,"Céspol de bote con contracanasta de acero inoxidable, FOSET",FOSET,Céspoles plásticos para lavabo y fregadero
49046,,PICHA-1,"Pichancha con rejilla de latón 1"", FOSET",FOSET,"Llaves para jardín y lavadora <span class=""Torange"">|</span> Válvulas"
49849,,CV-561,"Codo 90° PPR, 1/2"", FOSET",FOSET TERMOFLOW,Tubos y conexiones de PPR
49076,,VACHE-1/2,"Válvula check de latón de 1/2"", FOSET",FOSET,Válvulas y filtros
49881,,CV-613,"Adaptador PPR 1"" macho con inserto metálico, FOSET",FOSET TERMOFLOW,Conexiones y válvulas de PPR
49298,,TUIZ-7/8G,"Tuerca izquierda de latón 7/8"" a granel, FOSET",FOSET,Conexiones para gas
49056,,PICHA-1X,"Pichancha con rejilla acero inoxidable 1"", FOSET",FOSET,"Llaves para jardín y lavadora <span class=""Torange"">|</span> Válvulas"
45083,,CPVC-562,"Codo 90° de CPVC de 3/4"", FOSET",FOSET HIDROFLOW,Tubos y conexiones de CPVC
49358,,CUG-WC,"Cuello de cera con guía para WC, FOSET",FOSET,"Accesorios para WC / Cuellos de cera, kit de instalación, bridas, acoples y flotadores"
49850,,CV-562,"Codo 90° PPR, 3/4"", FOSET",FOSET TERMOFLOW,Tubos y conexiones de PPR
49537,,FPOL-6,"Flotador de poliuretano # 6 con varilla, FOSET",FOSET,"Accesorios para WC / Cuellos de cera, kit de instalación, bridas, acoples y flotadores"
45082,,CPVC-561,"Codo 90° de CPVC de 1/2"", FOSET",FOSET HIDROFLOW,Tubos y conexiones de CPVC
45048,,CPVC-ES-3/4,"Válvula de esfera de CPVC de 3/4"", FOSET",FOSET HIDROFLOW,Válvulas y kits de CPVC para regadera
40012,,VPA-01,"Válvula de purga de aire 1/2"", FOSET",FOSET,"Llaves para jardín y lavadora <span class=""Torange"">|</span> Válvulas"
49035,,VAFLO-3/4,"Válvula de flotador de latón 3/4"", FOSET",FOSET,Válvulas y filtros
49305,,ADPO-1/2M,"Adaptador macho de latón 1/2"" para manguera, FOSET",FOSET,Conexiones para manguera
40131,,ATIN-002,"Tapa de 18"" con arillo para tinaco, FOSET",FOSET,Accesorios para tinaco
49715,,CC-562,"Codo 90° de cobre de 3/4"", FOSET",FOSET COPPERFLOW,Conexiones de cobre y latón cobrizado
49096,,CARCO-1,"Cartucho de compresión para llaves de empotrar, FOSET",FOSET,"Cartuchos (árbol) de repuesto, accesorios para regaderas de teléfono y grifería en blíster"
45888,,CILG-4,"Cilindro portátil para gas LP, 4kg (9lb) FOSET",FOSET,Cilindros para gas y accesorios
45276,,CALE-TUB,"Tubo de repuesto para calentador solar, FOSET",FOSET,Calentadores de agua solares
48553,,CM-262,"Cople inserción de 1/2"" de polipropileno, FOSET",FOSET,Conexiones para manguera
45047,,CPVC-ES-1/2,"Válvula de esfera de CPVC de 1/2"", FOSET",FOSET HIDROFLOW,Válvulas y kits de CPVC para regadera
49348,,PW-019,"Palanca frontal metálica cromada para WC, FOSET",FOSET,"Accesorios para WC / Cuellos de cera, kit de instalación, bridas, acoples y flotadores"
49215,,FILA-P1,"Filtro de sedimentos para agua, FOSET",FOSET,"Filtros, dispensador de agua, purificadores y repuestos para purificadores"
45889,,CILG-6,"Cilindro portátil para gas LP, 6kg (13lb) FOSET",FOSET,Cilindros para gas y accesorios
49735,,CC-761,"Tee sencilla de cobre 1/2"", FOSET",FOSET COPPERFLOW,"Tubos de cobre, conexiones de cobre y de latón cobrizado"
49078,,VACHE-1,"Válvula check de latón de 1"", FOSET",FOSET,Válvulas y filtros
47525,,CG-410,"Niple de acero galvanizado 1/2"" x 40"", FOSET",FOSET GALVAFLOW,Conexiones galvanizadas
47557,,CG-501,"Codo 90° acero galvanizado de 1/2"", FOSET",FOSET GALVAFLOW,Conexiones galvanizadas
45411,,PVC-561,"Codo 90° de PVC de 1/2"", FOSET",FOSET SANIFLOW,"Tubos y conexiones de PVC, serie inglesa"
49887,,CV-603,"Adaptador PPR 1"" hembra con inserto metálico, FOSET",FOSET TERMOFLOW,Conexiones y válvulas de PPR
49736,,CC-762,"Tee sencilla de cobre 3/4"", FOSET",FOSET COPPERFLOW,"Tubos de cobre, conexiones de cobre y de latón cobrizado"
47550,,CG-201,"Cople reforzado de acero galvanizado de 1/2"", FOSET",FOSET GALVAFLOW,Conexiones galvanizadas
49450,,R-007,"Regadera 2-1/2"" con extensión tipo teléfono, FOSET BASIC",FOSET BASIC,Regaderas y accesorios para baño
49833,,CV-762,"Tee sencilla de PPR 3/4"", FOSET",FOSET TERMOFLOW,Tubos y conexiones de PPR
49660,,CC-972,"Tuerca unión de latón cobrizado 3/4"", FOSET",FOSET COPPERFLOW,"Tubos de cobre, conexiones de cobre y de latón cobrizado"
48005,,CV-TER06,"Termofusora de 800 W para PPR, FOSET BASIC",FOSET BASIC,Kits de PPR para regadera y termofusoras
49246,,R-507,"Regadera redonda 3"" brazo y chapetón de acero, FOSET BASIC",FOSET BASIC,Regaderas y accesorios para baño
49045,,PICHA-3/4,"Pichancha con rejilla de latón 3/4"", FOSET",FOSET,"Llaves para jardín y lavadora <span class=""Torange"">|</span> Válvulas"
47485,,CG-701,"Tee sencilla 1/2"" acero galvanizado, FOSET",FOSET GALVAFLOW,Conexiones galvanizadas
46023,,COL-52,"Coladera 5"" universal,ABS,rejilla cromada 3 tornillos, FOSET",FOSET,"Válvulas antirretorno, coladeras, rejilla, tapas y resumideros"
49832,,CV-761,"Tee sencilla de PPR 1/2"", FOSET",FOSET TERMOFLOW,Tubos y conexiones de PPR
49311,,ADPO-1/2H,"Adaptador hembra de latón 1/2"" para manguera, FOSET",FOSET,Conexiones para manguera
45101,,CPVC-601,"Conector hembra de CPVC 1/2"", FOSET",FOSET HIDROFLOW,Tubos y conexiones de CPVC
49536,,FPOL-5,"Flotador de poliuretano # 5 con varilla, FOSET",FOSET,"Accesorios para WC / Cuellos de cera, kit de instalación, bridas, acoples y flotadores"
49066,,VARE-3/4,"Válvula de retención de latón de 3/4"", FOSET",FOSET,Válvulas y filtros
49047,,PICHA-1-1/4,"Pichancha con rejilla de latón 1-1/4"", FOSET",FOSET,"Llaves para jardín y lavadora <span class=""Torange"">|</span> Válvulas"
45056,,CPVC-972,"Tuerca unión lisa de CPVC 3/4"", FOSET",FOSET HIDROFLOW,Conexiones de CPVC
49371,,CE-291,"Céspol de bote con contrarrejilla de PP, FOSET",FOSET,Céspoles plásticos para lavabo y fregadero
45070,,CPVC-762,"Tee sencilla de CPVC de 3/4"", FOSET",FOSET HIDROFLOW,Tubos y conexiones de CPVC
47505,,CG-233,"Reducción bushing acero galvanizado 1""x 3/4"", FOSET",FOSET GALVAFLOW,Conexiones galvanizadas
49370,,CE-233,"Céspol flexible con contrarrejilla de PP, FOSET",FOSET,Céspoles plásticos para lavabo y fregadero
45887,,CILG-2,"Cilindro portátil para gas LP, 2kg (4.5lb) FOSET",FOSET,Cilindros para gas y accesorios
55548,,EXF-PIJ,Exhibidor FIERO de pijas multiusos,FIERO,Muestrarios para identificar medidas
55547,,EXF-PILA,Exhibidor FIERO de pijas para lámina,FIERO,Muestrarios para identificar medidas
55550,,EXF-AR,Exhibidor FIERO de armellas,FIERO,Muestrarios para identificar medidas
55551,,EXF-AB,Muestrario FIERO para identificar medidas de abrazaderas,FIERO,Muestrarios para identificar medidas
55974,,EXF-EXP,Exhibidor FIERO de taquetes expansivos,FIERO,Muestrarios para identificar medidas
55696,,EXF-CL-2,Exhibidor FIERO de clavos,FIERO,Muestrarios para identificar medidas
55557,,EXF-RE,Exhibidor FIERO de remaches,FIERO,Muestrarios para identificar medidas
55694,,EXF-CUE,Exhibidor FIERO de cuerdas de polipropileno,FIERO,Muestrarios para identificar medidas
55552,,EXF-TORE,Muestrario FIERO para identificar medidas tornillos estufa,FIERO,Muestrarios para identificar medidas
55896,,EXF-TORM-1/4,"Exhibidor FIERO con tornillos tipo máquina, 1/4""",FIERO,Muestrarios para identificar medidas
55973,,EXF-ARP,Exhibidor FIERO de taquetes arpón,FIERO,Muestrarios para identificar medidas
55897,,EXF-TORM-5/16,"Exhibidor FIERO con tornillos tipo máquina, 5/16""",FIERO,Muestrarios para identificar medidas
55898,,EXF-TORM-3/8,"Exhibidor FIERO con tornillos tipo máquina, 3/8""",FIERO,Muestrarios para identificar medidas
55698,,EXF-TORA-1,"Exhibidor FIERO de tornillos #1, grado 5",FIERO,Muestrarios para identificar medidas
55699,,EXF-TORA-2,"Exhibidor FIERO de tornillos #2, grado 5",FIERO,Muestrarios para identificar medidas
55902,,EXF-TORM-1/2,"Exhibidor FIERO con tornillos tipo máquina, 1/2""",FIERO,Muestrarios para identificar medidas
55701,,EXF-TORC-1,"Exhibidor FIERO de tornillos #1, tipo coche",FIERO,Muestrarios para identificar medidas
55899,,EXF-TORM-7/16,"Exhibidor FIERO con tornillos tipo máquina, 7/16""",FIERO,Muestrarios para identificar medidas
55903,,EXF-TORM-5/8,"Exhibidor FIERO con tornillos tipo máquina, 5/8""",FIERO,Muestrarios para identificar medidas
55700,,EXF-TORA-3,"Exhibidor FIERO de tornillos #3, grado 5",FIERO,Muestrarios para identificar medidas
55702,,EXF-TORC-2,"Exhibidor FIERO de tornillos #2, tipo coche",FIERO,Muestrarios para identificar medidas
55904,,EXF-TORM-3/4,"Exhibidor FIERO con tornillos tipo máquina, 3/4""",FIERO,Muestrarios para identificar medidas
55703,,EXF-TORC-3,"Exhibidor FIERO de tornillos #3, tipo coche",FIERO,Muestrarios para identificar medidas
55960,,EX-FIE-ROD,Exhibidor de rodajas FIERO,FIERO,Exhibidores para panel ranurado o perfocel
55325,,EX-FIE,Exhibidor productos FIERO,FIERO,Exhibidores para panel ranurado o perfocel
48634,,RO-2211F,"Rodaja de polietileno 2-1/2"" placa giratoria con freno FIERO",FIERO,Rodajas y base universal
48627,,RO-224,Rodaja de polietileno 2-1/2 placa giratoria con balero FIERO,FIERO,Rodajas y base universal
47320,,TAE-5/16TG,"Caja con 100 taquetes expansivos de 5/16"" con tornillo FIERO",FIERO,Tornillería / Tuercas y arandelas
44115,,GANO-1-1/2,"Garrucha para noria giratoria 1-1/2""sencilla niquelada,FIERO",FIERO,"Bandolas, destorcedores, garruchas y ganchos"
55245,,R-MEN,"Rack para ménsulas, FIERO",FIERO,"Racks exhibidores de producto para panel ranurado o perfocel<span class=""Torange"">|</span>Rotulaciones y esmaltes"
47363,,TAE-3/16G,"Caja con 100 taquetes expansivos de 3/16"" sin tornillo FIERO",FIERO,Tornillería / Tuercas y arandelas
44070,,TENF-7/8,"Tensor de acero forjado 7/8x12"" ojo-gancho,galvanizado FIERO",FIERO,"Cadenas y cables / Nudos, grilletes y tensores"
56012,,EX-FIE-ME,"Exhibidor de ménsulas, FIERO",FIERO,Exhibidores para panel ranurado o perfocel
56018,,EXF-TUE,"Exhibidor de tuercas, FIERO",FIERO,Muestrarios para identificar medidas
43917,,TENF-5/8X12,"Tensor de acero forjado 5/8x12"" ojo-gancho,galvanizado FIERO",FIERO,"Cadenas y cables / Nudos, grilletes y tensores"
44199,,TAQ-1/4P,"Bolsa con 50 taquetes de plástico 1/4"", FIERO",FIERO,Tornillería / Tuercas y arandelas
44012,,ME-12B,"Ménsula de acero blanca 10 x 12"", FIERO",FIERO,"Ménsulas, cremalleras, repisas y escuadras"
44009,,ME-10B,"Ménsula de acero blanca 8 x 10"", FIERO",FIERO,"Ménsulas, cremalleras, repisas y escuadras"
44201,,TAQ-3/8P,"Bolsa con 50 taquetes de plástico 3/8"", FIERO",FIERO,Tornillería / Tuercas y arandelas
44014,,ME-14B,"Ménsula de acero blanca 12 x 14"", FIERO",FIERO,"Ménsulas, cremalleras, repisas y escuadras"
44200,,TAQ-5/16P,"Bolsa con 50 taquetes de plástico 5/16"", FIERO",FIERO,Tornillería / Tuercas y arandelas
44006,,ME-8B,"Ménsula de acero blanca 6 x 8"", FIERO",FIERO,"Ménsulas, cremalleras, repisas y escuadras"
42413,,VARO-3/8,"Varilla roscada de 1 m x 3/8"", FIERO",FIERO,Tornillería / Pijas y varillas roscadas
42415,,VARO-1/2,"Varilla roscada de 1 m x 1/2"", FIERO",FIERO,Tornillería / Pijas y varillas roscadas
44039,,BMA-5/16,"Bandola mosquetón de acero 5/16"", FIERO",FIERO,"Bandolas, destorcedores, garruchas y ganchos"
44038,,BMA-1/4,"Bandola mosquetón de acero 1/4"", FIERO",FIERO,"Bandolas, destorcedores, garruchas y ganchos"
44454,,ME-12N,"Ménsula de acero negra 10 x 12"", FIERO",FIERO,"Ménsulas, cremalleras, repisas y escuadras"
44453,,ME-10N,"Ménsula de acero negra 8"" x 10"", FIERO",FIERO,"Ménsulas, cremalleras, repisas y escuadras"
41032,,EESQ-2,"Bolsa con 24 escuadras esquineras 2"" x 2"", FIERO",FIERO,"Ménsulas, cremalleras, repisas y escuadras"
44033,,BDZ-4-1/4,"Bandola de zinc de 1"" giratoria, FIERO",FIERO,"Bandolas, destorcedores, garruchas y ganchos"
44067,,TENF-1/2,"Tensor de acero forjado 1/2x6"" ojo-gancho, galvanizado FIERO",FIERO,"Cadenas y cables / Nudos, grilletes y tensores"
44032,,BDZ-4,"Bandola de zinc de 7/8"" giratoria, FIERO",FIERO,"Bandolas, destorcedores, garruchas y ganchos"
44003,,ME-6B,"Ménsula de acero blanca 5 x 6"", FIERO",FIERO,"Ménsulas, cremalleras, repisas y escuadras"
44116,,GANO-2,"Garrucha para noria giratoria 2"" sencilla niquelada, FIERO",FIERO,"Bandolas, destorcedores, garruchas y ganchos"
44376,,AR-23C,"Bolsa con 72 armellas cerradas de 23 x 110, FIERO",FIERO,"Tornillería / Taquetes plásticos y de madera | Armellas, alcayatas, sujetadores tipo mariposa, colgadores y grapas"
44455,,ME-14N,"Ménsula de acero negra 12 x 14"", FIERO",FIERO,"Ménsulas, cremalleras, repisas y escuadras"
44040,,BMA-3/8,"Bandola mosquetón de acero 3/8"", FIERO",FIERO,"Bandolas, destorcedores, garruchas y ganchos"
44037,,BMA-3/16,"Bandola mosquetón de acero 3/16"", FIERO",FIERO,"Bandolas, destorcedores, garruchas y ganchos"
41034,,EESQ-3,"Bolsa con 24 escuadras esquineras 3"" x 3"", FIERO",FIERO,"Ménsulas, cremalleras, repisas y escuadras"
41030,,EESQ-1,"Bolsa con 24 escuadras esquineras 1"" x 1"", FIERO",FIERO,"Ménsulas, cremalleras, repisas y escuadras"
44022,,BSE-1/4,"Bandola de acero de 1/4"" con seguro, FIERO",FIERO,"Bandolas, destorcedores, garruchas y ganchos"
42412,,VARO-5/16,"Varilla roscada de 1 m x 5/16"", FIERO",FIERO,Tornillería / Pijas y varillas roscadas
44021,,BSE-3/16,"Bandola de acero de 3/16"" con seguro, FIERO",FIERO,"Bandolas, destorcedores, garruchas y ganchos"
44031,,BDZ-3-1/2,"Bandola de zinc de 5/8"" giratoria, FIERO",FIERO,"Bandolas, destorcedores, garruchas y ganchos"
44056,,TEN-3/8A,"Tensor zinc 3/8"" ojo-gancho, FIERO",FIERO,"Cadenas y cables / Nudos, grilletes y tensores"
44383,,AR-23A,"Bolsa con 72 armellas abiertas de 23 x 110, FIERO",FIERO,"Tornillería / Taquetes plásticos y de madera | Armellas, alcayatas, sujetadores tipo mariposa, colgadores y grapas"
42411,,VARO-1/4,"Varilla roscada de 1 m x 1/4"", FIERO",FIERO,Tornillería / Pijas y varillas roscadas
44000,,ME-5B,"Ménsula de acero blanca 4 x 5"", FIERO",FIERO,"Ménsulas, cremalleras, repisas y escuadras"
42416,,VARO-5/8,"Varilla roscada de 1 m x 5/8"", FIERO",FIERO,Tornillería / Pijas y varillas roscadas
46666,,TAE-3/8A3,"Bolsa con 6 taquetes arpón 3/8"" x 3"", FIERO",FIERO,"Tornillería / Taquetes plásticos y de madera | Armellas, alcayatas, sujetadores tipo mariposa, colgadores y grapas"
44023,,BSE-5/16,"Bandola de acero de 5/16"" con seguro, FIERO",FIERO,"Bandolas, destorcedores, garruchas y ganchos"
44054,,TEN-1/4A,"Tensor zinc 1/4"" ojo-gancho, FIERO",FIERO,"Cadenas y cables / Nudos, grilletes y tensores"
40163,,TAQ-3/16P,"Bolsa con 50 taquetes de plástico 3/16"", FIERO",FIERO,Tornillería / Tuercas y arandelas
44375,,AR-22C,"Bolsa con 72 armellas cerradas de 22 x 100, FIERO",FIERO,"Tornillería / Taquetes plásticos y de madera | Armellas, alcayatas, sujetadores tipo mariposa, colgadores y grapas"
44452,,ME-8N,"Ménsula de acero negra 6 x 8"", FIERO",FIERO,"Ménsulas, cremalleras, repisas y escuadras"
41036,,EESQ-4,"Bolsa con 24 escuadras esquineras 4"" x 4"", FIERO",FIERO,"Ménsulas, cremalleras, repisas y escuadras"
49301,,BARU-45,"Base universal con ruedas para línea blanca, FIERO",FIERO,Rodajas y base universal
40164,,TAQ-1/2P,"Bolsa con 50 taquetes de plástico 1/2"", FIERO",FIERO,Tornillería / Tuercas y arandelas
42417,,VARO-3/4,"Varilla roscada de 1 m x 3/4"", FIERO",FIERO,Tornillería / Pijas y varillas roscadas
44055,,TEN-5/16A,"Tensor zinc 5/16"" ojo-gancho, FIERO",FIERO,"Cadenas y cables / Nudos, grilletes y tensores"
44901,,CLV-17D,"Caja con 500 clavillos dorados de 17 mm, FIERO",FIERO,"Tornillería / Productos con presentación en blíster <span class=""Torange"">|</span> Clavillos, tachuelas y chinches | Racks para tornillería"
44068,,TENF-5/8,"Tensor de acero forjado 5/8x9"" ojo-gancho, galvanizado FIERO",FIERO,"Cadenas y cables / Nudos, grilletes y tensores"
48626,,RO-223,"Rodaja de polietileno 2-1/2"" placa giratoria con buje, FIERO",FIERO,Rodajas y base universal
51577,,R-CUE,"Rack modular para cuerda con carrete, FIERO",FIERO,Racks exhibidores
44382,,AR-22A,"Bolsa con 72 armellas abiertas de 22 x 100, FIERO",FIERO,"Tornillería / Taquetes plásticos y de madera | Armellas, alcayatas, sujetadores tipo mariposa, colgadores y grapas"
44101,,DESZ-5/16,"Destorcedor metálico de 5/16"", FIERO",FIERO,"Bandolas, destorcedores, garruchas y ganchos"
44114,,GANO-1,"Garrucha para noria giratoria 1"" sencilla niquelada, FIERO",FIERO,"Bandolas, destorcedores, garruchas y ganchos"
44024,,BSE-3/8,"Bandola de acero de 3/8"" con seguro, FIERO",FIERO,"Bandolas, destorcedores, garruchas y ganchos"
44555,,TUES-3/16,"Bolsa con 600 tuercas 3/16"" hexagonales tipo Sakamura, FIERO",FIERO,Tornillería / Tuercas y arandelas
44053,,TEN-3/16A,"Tensor zinc 3/16"" ojo-gancho, FIERO",FIERO,"Cadenas y cables / Nudos, grilletes y tensores"
44100,,DESZ-1/4,"Destorcedor metálico de 1/4"", FIERO",FIERO,"Bandolas, destorcedores, garruchas y ganchos"
44020,,BSE-1/8,"Bandola de acero de 1/8"" con seguro, FIERO",FIERO,"Bandolas, destorcedores, garruchas y ganchos"
44013,,ME-12G,"Ménsula de acero gris 10 x 12"", FIERO",FIERO,"Ménsulas, cremalleras, repisas y escuadras"
44374,,AR-21C,"Bolsa con 144 armellas cerradas de 21 x 80, FIERO",FIERO,"Tornillería / Taquetes plásticos y de madera | Armellas, alcayatas, sujetadores tipo mariposa, colgadores y grapas"
44041,,BMA-1/2,"Bandola mosquetón de acero 1/2"", FIERO",FIERO,"Bandolas, destorcedores, garruchas y ganchos"
55256,,R-CAD-C,"Rack para cadenas en cubeta o carrete, FIERO",FIERO,Racks exhibidores
44030,,BDZ-3,"Bandola de zinc de 1/2"" giratoria, FIERO",FIERO,"Bandolas, destorcedores, garruchas y ganchos"
44010,,ME-10G,"Ménsula de acero gris 8 x 10"", FIERO",FIERO,"Ménsulas, cremalleras, repisas y escuadras"
44061,,TEN-1/4G,"Tensor zinc 1/4"" gancho-gancho, FIERO",FIERO,"Cadenas y cables / Nudos, grilletes y tensores"
44069,,TENF-3/4,"Tensor de acero forjado 3/4x9"" ojo-gancho, galvanizado FIERO",FIERO,"Cadenas y cables / Nudos, grilletes y tensores"
44099,,DESZ-3/16,"Destorcedor metálico de 3/16"", FIERO",FIERO,"Bandolas, destorcedores, garruchas y ganchos"
44381,,AR-21A,"Bolsa con 144 armellas abiertas de 21 x 80, FIERO",FIERO,"Tornillería / Taquetes plásticos y de madera | Armellas, alcayatas, sujetadores tipo mariposa, colgadores y grapas"
46669,,TAE-3/8A6,"Bolsa con 6 taquetes arpón 3/8"" x 5"", FIERO",FIERO,"Tornillería / Taquetes plásticos y de madera | Armellas, alcayatas, sujetadores tipo mariposa, colgadores y grapas"
44015,,ME-14G,"Ménsula de acero gris 12 x 14"", FIERO",FIERO,"Ménsulas, cremalleras, repisas y escuadras"
42414,,VARO-7/16,"Varilla roscada de 1 m x 7/16"", FIERO",FIERO,Tornillería / Pijas y varillas roscadas
42419,,VARO-1,"Varilla roscada de 1 m x 1"", FIERO",FIERO,Tornillería / Pijas y varillas roscadas
40746,,TAQ-1/4PA,"Bolsa con 20 taquetes de plástico 1/4"", FIERO",FIERO,Tornillería / Tuercas y arandelas
44451,,ME-6N,"Ménsula de acero negra 5"" x 6"", FIERO",FIERO,"Ménsulas, cremalleras, repisas y escuadras"
44107,,DESF-5/16,"Destorcedor forjado de 5/16"", FIERO",FIERO,"Bandolas, destorcedores, garruchas y ganchos"
45868,,MEV-12N,"Ménsula vintage de acero negra 6 x 12"", FIERO",FIERO,Ménsulas decorativas
44900,,CLV-17N,"Caja con 500 clavillos niquelados de 17 mm, FIERO",FIERO,"Tornillería / Productos con presentación en blíster <span class=""Torange"">|</span> Clavillos, tachuelas y chinches | Racks para tornillería"
44025,,BSE-1/2,"Bandola de acero de 1/2"" con seguro, FIERO",FIERO,"Bandolas, destorcedores, garruchas y ganchos"
44450,,ME-5N,"Ménsula de acero negra 4 x 5"", FIERO",FIERO,"Ménsulas, cremalleras, repisas y escuadras"
44063,,TEN-3/8G,"Tensor zinc 3/8"" gancho-gancho, FIERO",FIERO,"Cadenas y cables / Nudos, grilletes y tensores"
44106,,DESF-1/4,"Destorcedor forjado de 1/4"", FIERO",FIERO,"Bandolas, destorcedores, garruchas y ganchos"
44992,,ALCA-110,"Bolsa con 72 alcayatas roscadas de 23 X 110, FIERO",FIERO,"Tornillería / Taquetes plásticos y de madera | Armellas, alcayatas, sujetadores tipo mariposa, colgadores y grapas"
44062,,TEN-5/16G,"Tensor zinc 5/16"" gancho-gancho, FIERO",FIERO,"Cadenas y cables / Nudos, grilletes y tensores"
44990,,ALCA-90,"Bolsa con 144 alcayatas roscadas de 22 X 90, FIERO",FIERO,"Tornillería / Taquetes plásticos y de madera | Armellas, alcayatas, sujetadores tipo mariposa, colgadores y grapas"
44049,,BDL-1-1/4,"Bandola destorcedora de latón 1-1/4"", FIERO",FIERO,"Bandolas, destorcedores, garruchas y ganchos"
44973,,GRI-3/4,"Grillete acero forjado 3/4"" carga 4750 kg, galvanizado FIERO",FIERO,"Cadenas y cables / Nudos, grilletes y tensores"
44991,,ALCA-100,"Bolsa con 144 alcayatas roscadas de 22 X 100, FIERO",FIERO,"Tornillería / Taquetes plásticos y de madera | Armellas, alcayatas, sujetadores tipo mariposa, colgadores y grapas"
40748,,TAQ-3/8PA,"Bolsa con 20 taquetes de plástico 3/8"", FIERO",FIERO,Tornillería / Tuercas y arandelas
44098,,DESZ-5/32,"Destorcedor metálico de 5/32"", FIERO",FIERO,"Bandolas, destorcedores, garruchas y ganchos"
44373,,AR-20C,"Bolsa con 144 armellas cerradas de 20 x 70, FIERO",FIERO,"Tornillería / Taquetes plásticos y de madera | Armellas, alcayatas, sujetadores tipo mariposa, colgadores y grapas"
44071,,TENF-1,"Tensor de acero forjado 1x12"" ojo-gancho, galvanizado FIERO",FIERO,"Cadenas y cables / Nudos, grilletes y tensores"
44060,,TEN-3/16G,"Tensor zinc 3/16"" gancho-gancho, FIERO",FIERO,"Cadenas y cables / Nudos, grilletes y tensores"
44007,,ME-8G,"Ménsula de acero gris 6 x 8"", FIERO",FIERO,"Ménsulas, cremalleras, repisas y escuadras"
44554,,TUES-5/32,"Bolsa con 700 tuercas 5/32"" hexagonales tipo Sakamura, FIERO",FIERO,Tornillería / Tuercas y arandelas
44047,,BDL-1,"Bandola destorcedora de latón 1"", FIERO",FIERO,"Bandolas, destorcedores, garruchas y ganchos"
44048,,BDL-1-1/8,"Bandola destorcedora de latón 1-1/8"", FIERO",FIERO,"Bandolas, destorcedores, garruchas y ganchos"
44380,,AR-20A,"Bolsa con 144 armellas abiertas de 20 x 70, FIERO",FIERO,"Tornillería / Taquetes plásticos y de madera | Armellas, alcayatas, sujetadores tipo mariposa, colgadores y grapas"
44972,,GRI-5/8,"Grillete acero forjado 5/8"" carga 3250 kg, galvanizado FIERO",FIERO,"Cadenas y cables / Nudos, grilletes y tensores"
44029,,BDZ-2,"Bandola de zinc de 7/16"" giratoria, FIERO",FIERO,"Bandolas, destorcedores, garruchas y ganchos"
44108,,DESF-3/8,"Destorcedor forjado de 3/8"", FIERO",FIERO,"Bandolas, destorcedores, garruchas y ganchos"
44971,,GRI-1/2,"Grillete acero forjado 1/2"" carga 2000 kg, galvanizado FIERO",FIERO,"Cadenas y cables / Nudos, grilletes y tensores"
44113,,GANO-3/4,"Garrucha para noria giratoria 3/4"" sencilla niquelada, FIERO",FIERO,"Bandolas, destorcedores, garruchas y ganchos"
44377,,AR-17A,"Bolsa con 144 armellas abiertas de 17 x 40, FIERO",FIERO,"Tornillería / Taquetes plásticos y de madera | Armellas, alcayatas, sujetadores tipo mariposa, colgadores y grapas"
41039,,ECAN-2,"Bolsa c/24 escuadras planas cantoneras 2"" x 2"", FIERO",FIERO,"Ménsulas, cremalleras, repisas y escuadras"
44688,,ARAP-3/8,"Bolsa con 150 arandelas de presión 3/8"" pavonadas, FIERO",FIERO,Tornillería / Tuercas y arandelas
42410,,VARO-3/16,"Varilla roscada de 1 m x 3/16"", FIERO",FIERO,Tornillería / Pijas y varillas roscadas
44046,,BDL-3/4,"Bandola destorcedora de latón 3/4"", FIERO",FIERO,"Bandolas, destorcedores, garruchas y ganchos"
44975,,GRI-1,"Grillete acero forjado 1"" carga 8500 kg, galvanizado FIERO",FIERO,"Cadenas y cables / Nudos, grilletes y tensores"
45869,,MEV-8N,"Ménsula vintage de acero negra 6 x 8"", FIERO",FIERO,Ménsulas decorativas
40742,,TAQ-7/32P,"Bolsa con 50 taquetes de plástico 7/32"", FIERO",FIERO,Tornillería / Tuercas y arandelas
44989,,ALCA-80,"Bolsa con 144 alcayatas roscadas de 21 X 80, FIERO",FIERO,"Tornillería / Taquetes plásticos y de madera | Armellas, alcayatas, sujetadores tipo mariposa, colgadores y grapas"
40231,,CLE-1A,"Blíster con 130 clavos estándar 1"" con cabeza, FIERO",FIERO,Tornillería / Productos con presentación en blíster
41250,,CHI-100X,"Caja con 100 chinches en 10 colores surtidos, FIERO",FIERO,"Tornillería / Productos con presentación en blíster <span class=""Torange"">|</span> Clavillos, tachuelas y chinches | Racks para tornillería"
44097,,DESZ-1/8,"Destorcedor metálico de 1/8"", FIERO",FIERO,"Bandolas, destorcedores, garruchas y ganchos"
44690,,ARAP-1/2,"Bolsa con 100 arandelas de presión 1/2"" pavonadas, FIERO",FIERO,Tornillería / Tuercas y arandelas
40225,,CLC-2GA,"Blíster con 20 clavos galvanizados para concreto 2"", FIERO",FIERO,Tornillería / Productos con presentación en blíster
45867,,MEV-16N,"Ménsula vintage de acero negra 6 x 16"", FIERO",FIERO,Ménsulas decorativas
44372,,AR-19C,"Bolsa con 144 armellas cerradas de 19 x 60, FIERO",FIERO,"Tornillería / Taquetes plásticos y de madera | Armellas, alcayatas, sujetadores tipo mariposa, colgadores y grapas"
44687,,ARAP-5/16,"Bolsa con 150 arandelas de presión 5/16"" pavonadas, FIERO",FIERO,Tornillería / Tuercas y arandelas
44371,,AR-18C,"Bolsa con 144 armellas cerradas de 18 x 50, FIERO",FIERO,"Tornillería / Taquetes plásticos y de madera | Armellas, alcayatas, sujetadores tipo mariposa, colgadores y grapas"
44105,,DESF-3/16,"Destorcedor forjado de 3/16"", FIERO",FIERO,"Bandolas, destorcedores, garruchas y ganchos"
40747,,TAQ-5/16PA,"Bolsa con 20 taquetes de plástico 5/16"", FIERO",FIERO,Tornillería / Tuercas y arandelas
40751,,ARA-1/4A,"Blíster con 30 arandelas planas de 1/4"", FIERO",FIERO,"Tornillería / Productos con presentación en blíster <span class=""Torange"">|</span> Clavillos, tachuelas y chinches | Racks para tornillería"
44988,,ALCA-70,"Bolsa con 144 alcayatas roscadas de 20 X 70, FIERO",FIERO,"Tornillería / Taquetes plásticos y de madera | Armellas, alcayatas, sujetadores tipo mariposa, colgadores y grapas"
44045,,BDL-5/8,"Bandola destorcedora de latón 5/8"", FIERO",FIERO,"Bandolas, destorcedores, garruchas y ganchos"
44109,,DESF-1/2,"Destorcedor forjado de 1/2"", FIERO",FIERO,"Bandolas, destorcedores, garruchas y ganchos"
40962,,ARA-1,"Bolsa de 1 kilo arandelas planas galvanizadas 1"", FIERO",FIERO,Tornillería / Tuercas y arandelas
44686,,ARAP-1/4,"Bolsa con 200 arandelas de presión 1/4"" pavonadas, FIERO",FIERO,Tornillería / Tuercas y arandelas
44969,,GRI-3/8,"Grillete acero forjado 3/8"" carga 1000 kg, galvanizado FIERO",FIERO,"Cadenas y cables / Nudos, grilletes y tensores"
44553,,TUES-1/8,"Bolsa con 1000 tuercas 1/8"" hexagonales tipo Sakamura, FIERO",FIERO,Tornillería / Tuercas y arandelas
41041,,ECAN-3,"Bolsa c/24 escuadras planas cantoneras 3"" x 3"", FIERO",FIERO,"Ménsulas, cremalleras, repisas y escuadras"
42418,,VARO-7/8,"Varilla roscada de 1 m x 7/8"", FIERO",FIERO,Tornillería / Pijas y varillas roscadas
44379,,AR-19A,"Bolsa con 144 armellas abiertas de 19 x 60, FIERO",FIERO,"Tornillería / Taquetes plásticos y de madera | Armellas, alcayatas, sujetadores tipo mariposa, colgadores y grapas"
49381,,COLCA-55,"Bolsa con 100 colgadores de 55 mm tipo caimán, FIERO",FIERO,"Tornillería / Taquetes plásticos y de madera | Armellas, alcayatas, sujetadores tipo mariposa, colgadores y grapas"
46659,,TAE-1/4A3,"Bolsa con 6 taquetes arpón 1/4"" x 3"", FIERO",FIERO,"Tornillería / Taquetes plásticos y de madera | Armellas, alcayatas, sujetadores tipo mariposa, colgadores y grapas"
40750,,ARA-3/16A,"Blíster con 35 arandelas planas de 3/16"", FIERO",FIERO,"Tornillería / Productos con presentación en blíster <span class=""Torange"">|</span> Clavillos, tachuelas y chinches | Racks para tornillería"
44987,,ALCA-60,"Bolsa con 144 alcayatas roscadas de 19 X 60, FIERO",FIERO,"Tornillería / Taquetes plásticos y de madera | Armellas, alcayatas, sujetadores tipo mariposa, colgadores y grapas"
40221,,CLC-2NA,"Blíster con 20 clavos negros para concreto 2"", FIERO",FIERO,Tornillería / Productos con presentación en blíster
44004,,ME-6G,"Ménsula de acero gris 5 x 6"", FIERO",FIERO,"Ménsulas, cremalleras, repisas y escuadras"
44986,,ALCA-50,"Bolsa con 144 alcayatas roscadas de 18 X 50, FIERO",FIERO,"Tornillería / Taquetes plásticos y de madera | Armellas, alcayatas, sujetadores tipo mariposa, colgadores y grapas"
44378,,AR-18A,"Bolsa con 144 armellas abiertas de 18 x 50, FIERO",FIERO,"Tornillería / Taquetes plásticos y de madera | Armellas, alcayatas, sujetadores tipo mariposa, colgadores y grapas"
44370,,AR-17C,"Bolsa con 144 armellas cerradas de 17 x 40, FIERO",FIERO,"Tornillería / Taquetes plásticos y de madera | Armellas, alcayatas, sujetadores tipo mariposa, colgadores y grapas"
49830,,MEP-12N,"Ménsula plegable de acero negra 6"" x 12"", FIERO",FIERO,Ménsulas decorativas
49382,,COLCA-65,"Bolsa con 100 colgadores de 65 mm tipo caimán, FIERO",FIERO,"Tornillería / Taquetes plásticos y de madera | Armellas, alcayatas, sujetadores tipo mariposa, colgadores y grapas"
44974,,GRI-7/8,"Grillete acero forjado 7/8""carga 6500 kg, galvanizado FIERO",FIERO,"Cadenas y cables / Nudos, grilletes y tensores"
49871,,MEP-12B,"Ménsula plegable de acero blanca 6"" x 12"", FIERO",FIERO,Ménsulas decorativas
44689,,ARAP-7/16,"Bolsa con 100 arandelas de presión 7/16"" pavonadas, FIERO",FIERO,Tornillería / Tuercas y arandelas
49829,,MEP-16N,"Ménsula plegable de acero negra 8"" x 16"", FIERO",FIERO,Ménsulas decorativas
40230,,CLE-2A,"Blíster con 35 clavos estándar 2"" con cabeza, FIERO",FIERO,Tornillería / Productos con presentación en blíster
41043,,ECAN-4,"Bolsa c/24 escuadras planas cantoneras 4"" x 4"", FIERO",FIERO,"Ménsulas, cremalleras, repisas y escuadras"
44001,,ME-5G,"Ménsula de acero gris 4 x 5"", FIERO",FIERO,"Ménsulas, cremalleras, repisas y escuadras"
40749,,TAQ-1/2PA,"Bolsa con 20 taquetes de plástico 1/2"", FIERO",FIERO,Tornillería / Tuercas y arandelas
40226,,CLC-3GA,"Blíster con 12 clavos galvanizados para concreto 3"", FIERO",FIERO,Tornillería / Productos con presentación en blíster
44985,,ALCA-20,"Bolsa con 144 alcayatas roscadas de 16 X 20, FIERO",FIERO,"Tornillería / Taquetes plásticos y de madera | Armellas, alcayatas, sujetadores tipo mariposa, colgadores y grapas"
49870,,MEP-16B,"Ménsula plegable de acero blanca 8"" x 16"", FIERO",FIERO,Ménsulas decorativas
40753,,ARA-3/8A,"Blíster con 14 arandelas planas de 3/8"", FIERO",FIERO,"Tornillería / Productos con presentación en blíster <span class=""Torange"">|</span> Clavillos, tachuelas y chinches | Racks para tornillería"
40752,,ARA-5/16A,"Blíster con 25 arandelas planas de 5/16"", FIERO",FIERO,"Tornillería / Productos con presentación en blíster <span class=""Torange"">|</span> Clavillos, tachuelas y chinches | Racks para tornillería"
46675,,TAE-1/2A6,"Bolsa con 4 taquetes arpón 1/2"" x 7"", FIERO",FIERO,"Tornillería / Taquetes plásticos y de madera | Armellas, alcayatas, sujetadores tipo mariposa, colgadores y grapas"
44970,,GRI-7/16,"Grillete acero forjado 7/16"" carga 1500kg, galvanizado FIERO",FIERO,"Cadenas y cables / Nudos, grilletes y tensores"
41251,,CHI-100N,"Caja con 100 chinches negras, FIERO",FIERO,"Tornillería / Productos con presentación en blíster <span class=""Torange"">|</span> Clavillos, tachuelas y chinches | Racks para tornillería"
49383,,COLCA-75,"Bolsa con 100 colgadores de 75 mm tipo caimán, FIERO",FIERO,"Tornillería / Taquetes plásticos y de madera | Armellas, alcayatas, sujetadores tipo mariposa, colgadores y grapas"
46661,,TAE-5/16A1,"Bolsa con 6 taquetes arpón 5/16"" x 2"", FIERO",FIERO,"Tornillería / Taquetes plásticos y de madera | Armellas, alcayatas, sujetadores tipo mariposa, colgadores y grapas"
57189,,EX-HE-CLO,Exhibidor HERMEX de accesorios para closet,HERMEX,Exhibidores para panel ranurado o perfocel
55981,,EX-HER-GO,Exhibidor tipo góndola HERMEX,HERMEX,Exhibidores tipo góndola
48975,,BTR-3,"Brida para tubo redondo de clóset, cromo brillante, HERMEX",HERMEX,Accesorios para clóset
43606,,CIPU,"Cierrapuertas hidráulico color aluminio, HERMEX",HERMEX,Cierrapuertas y bisagras
48978,,BTO-5,"Brida para tubo ovalado de clóset, niquelado, HERMEX",HERMEX,Accesorios para clóset
43607,,CIPU-H,"Cierrapuertas hidráulico color negro, HERMEX",HERMEX,Cierrapuertas y bisagras
43535,,CV-10,"Cerradura para vitrina, HERMEX",HERMEX,"Correderas para cajón, cerraduras para mueble y clips pelícano"
43608,,CIPU-B,"Cierrapuertas hidráulico color blanco, HERMEX",HERMEX,Cierrapuertas y bisagras
43820,,PER-B,"Perilla cerámica blanca, HERMEX",HERMEX,"Jaladeras y perillas para mueble <span class=""Torange"">|</span> Protectores para silla"
47980,,TRANS-CEM,"Transformador para cerradura electromecánica, HERMEX",HERMEX,"Cerraduras de sobreponer<span class=""Torange"">|</span>Cerraduras de barra"
47855,,NUCH-2N,"Número 2 de latón sólido 4"", negro, HERMEX",HERMEX,Cerrajería (accesorios)
56361,,EX-HE-CA,"Exhibidor con candados, HERMEX",HERMEX,Exhibidores para panel ranurado o perfocel
56363,,EX-HE-SB,"Exhibidor con cerraduras, HERMEX",HERMEX,Exhibidores para panel ranurado o perfocel
56362,,EX-HE-BI,"Exhibidor con bisagras, HERMEX",HERMEX,Exhibidores para panel ranurado o perfocel
43715,,BP-G,"Broche perico galvanizado, HERMEX",HERMEX,"Bisagras especiales, pistones y broche perico"
23540,,COR-70HP,"Candado antipalanca 70 mm cuerpo de hierro, HERMEX BASIC",HERMEX BASIC,Candados antipalanca | Candados de combinación
23524,,COR-75ZP,"Candado antipalanca 75 mm cuerpo metálico, HERMEX BASIC",HERMEX BASIC,Candados antipalanca | Candados de combinación
22517,,COR-80HP,"Candado antipalanca 80 mm cuerpo de hierro, HERMEX BASIC",HERMEX BASIC,Candados antipalanca | Candados de combinación
44637,,BSO-5/8,"Bisagra tubular soldable de 5/8"", HERMEX",HERMEX,Cierrapuertas y bisagras
22516,,COR-60HP,"Candado antipalanca 60 mm cuerpo de hierro, HERMEX BASIC",HERMEX BASIC,Candados antipalanca | Candados de combinación
23512,,COR-75P,"Candado antipalanca 75 mm cuerpo de latón, HERMEX BASIC",HERMEX BASIC,Candados antipalanca | Candados de combinación
43714,,PAC-36,"Pasador de barra plana 3"" acabado cromo, HERMEX",HERMEX,Cerrajería (accesorios)
44636,,BSO-1/2,"Bisagra tubular soldable de 1/2"", HERMEX",HERMEX,Cierrapuertas y bisagras
44638,,BSO-3/4,"Bisagra tubular soldable de 3/4"", HERMEX",HERMEX,Cierrapuertas y bisagras
43741,,POCZ-325,"Portacandado de acero galvanizado 3-1/4"", HERMEX",HERMEX,Cerrajería (accesorios)
22514,,COR-65ZP,"Candado antipalanca 65 mm cuerpo metálico, HERMEX BASIC",HERMEX BASIC,Candados antipalanca | Candados de combinación
27088,,COR-85ZP,"Candado antipalanca 85 mm cuerpo metálico, HERMEX BASIC",HERMEX BASIC,Candados antipalanca | Candados de combinación
43694,,PAS-36,"Pasador de barril 3"" de acero acabado negro, HERMEX",HERMEX,Cerrajería (accesorios)
43693,,PAS-26,"Pasador de barril 2"" de acero acabado negro, HERMEX",HERMEX,Cerrajería (accesorios)
43713,,PAC-35,"Pasador de barra plana 2"" acabado cromo, HERMEX",HERMEX,Cerrajería (accesorios)
49894,,GUPO-100AN,"Guardapolvo automático 100 cm negro, HERMEX",HERMEX,Cerrajería / Guardapolvos
43736,,POCZ-250,"Portacandado de acero galvanizado 2-1/2"", HERMEX",HERMEX,Cerrajería (accesorios)
43725,,PAL-36,"Pasador de barra plana 3"" acabado latón, HERMEX",HERMEX,Cerrajería (accesorios)
23525,,CD-50CP,"Candado de combinación de disco en blíster, HERMEX BASIC",HERMEX BASIC,Candados antipalanca | Candados de combinación
43720,,PAC-37,"Pasador de barra plana 4"" acabado cromo, HERMEX",HERMEX,Cerrajería (accesorios)
43695,,PAS-46,"Pasador de barril 4"" de acero acabado negro, HERMEX",HERMEX,Cerrajería (accesorios)
22515,,COR-50HP,"Candado antipalanca 50 mm cuerpo de hierro, HERMEX BASIC",HERMEX BASIC,Candados antipalanca | Candados de combinación
43724,,PAL-35,"Pasador de barra plana 2"" acabado latón, HERMEX",HERMEX,Cerrajería (accesorios)
59996,,GON-100H,"Góndola de pared 100 x 220 cm, HERMEX",HERMEX,Exhibidores tipo góndola
49884,,GUPO-100AA,"Guardapolvo automático 100 cm aluminio, HERMEX",HERMEX,Cerrajería / Guardapolvos
43746,,POCZ-450,"Portacandado de acero galvanizado 4-1/2"", HERMEX",HERMEX,Cerrajería (accesorios)
44639,,BSO-1,"Bisagra tubular soldable de 1"", HERMEX",HERMEX,Cierrapuertas y bisagras
22518,,COR-60P,"Candado antipalanca 60 mm cuerpo de latón, HERMEX BASIC",HERMEX BASIC,Candados antipalanca | Candados de combinación
49889,,GUPO-100AB,"Guardapolvo automático 100 cm blanco, HERMEX",HERMEX,Cerrajería / Guardapolvos
43500,,CB-35,"Cerradura de barra libre con 2 llaves estándar, HERMEX",HERMEX,"Cerraduras de sobreponer<span class=""Torange"">|</span>Cerraduras de barra"
48970,,SC-01,"Sistema corredizo para riel superior ""JJ"" de clóset, HERMEX",HERMEX,Accesorios para clóset
43726,,PAL-37,"Pasador de barra plana 4"" acabado latón, HERMEX",HERMEX,Cerrajería (accesorios)
43740,,POCL-325,"Portacandado de acero latonado 3-1/4"", HERMEX",HERMEX,Cerrajería (accesorios)
43696,,PAS-56,"Pasador de barril 5"" de acero acabado negro, HERMEX",HERMEX,Cerrajería (accesorios)
43735,,POCL-250,"Portacandado de acero latonado 2-1/2"", HERMEX",HERMEX,Cerrajería (accesorios)
43069,,CALLA-60,"Caja con 60 ganchos para llaves, HERMEX",HERMEX,"Cajas de seguridad, para dinero y para llaves <span class=""Torange"">|</span> Duplicadoras"
43731,,POCZ-175,"Portacandado de acero galvanizado 1-3/4"", HERMEX",HERMEX,Cerrajería (accesorios)
43021,,CEP-11PJ,"Jaladera/perilla, Lugo llave-mariposa,Latón Brillante,HERMEX",HERMEX,Cerraduras para entrada principal
49890,,GUPO-90AN,"Guardapolvo automático 90 cm negro, HERMEX",HERMEX,Cerrajería / Guardapolvos
49888,,GUPO-90AB,"Guardapolvo automático 90 cm blanco, HERMEX",HERMEX,Cerrajería / Guardapolvos
45733,,PAS-23,"Pasador de barril de acero cromo 2"", HERMEX",HERMEX,Cerrajería (accesorios)
49883,,GUPO-90AA,"Guardapolvo automático 90 cm aluminio, HERMEX",HERMEX,Cerrajería / Guardapolvos
45732,,PAS-33,"Pasador de barril de acero cromo 3"", HERMEX",HERMEX,Cerrajería (accesorios)
43679,,NUCH-1,"Número 1 de latón sólido 4"", latón brillante, HERMEX",HERMEX,Cerrajería (accesorios)
45731,,PAS-43,"Pasador de barril de acero cromo 4"", HERMEX",HERMEX,Cerrajería (accesorios)
43995,,CEMA-24R,"Cerradura manija ""Módena"" p/recámara, níquel satinado,HERMEX",HERMEX,Cerraduras de manija
23513,,CL-20P,"Blíster con 2 candados de latón de 20mm, HERMEX BASIC",HERMEX BASIC,Candados de latón
44635,,BSO-3/8,"Bisagra tubular soldable de 3/8"", HERMEX",HERMEX,Cierrapuertas y bisagras
49093,,CD-26,"Cerrojo Digital tubular color negro, HERMEX",HERMEX,"Cerraduras de sobreponer<span class=""Torange"">|</span>Cerraduras de barra"
43370,,LLCANGA-M,"Llave magnética para candado CANGA-100, HERMEX",HERMEX,"Artículos para tienda / Ganchos, canastillas, gaveta, paneles, candados para gancho y llave magnética"
43745,,POCL-450,"Portacandado de acero latonado 4-1/2"", HERMEX",HERMEX,Cerrajería (accesorios)
43680,,NUCH-2,"Número 2 de latón sólido 4"", latón brillante, HERMEX",HERMEX,Cerrajería (accesorios)
43751,,POCZ-600,"Portacandado de acero galvanizado 6"", HERMEX",HERMEX,Cerrajería (accesorios)
45721,,PAS-41,"Pasador de barril de acero latón 4"", HERMEX",HERMEX,Cerrajería (accesorios)
43697,,PAS-66,"Pasador de barril 6"" de acero acabado negro, HERMEX",HERMEX,Cerrajería (accesorios)
45722,,PAS-31,"Pasador de barril de acero latón 3"", HERMEX",HERMEX,Cerrajería (accesorios)
45723,,PAS-21,"Pasador de barril de acero latón 2"", HERMEX",HERMEX,Cerrajería (accesorios)
43681,,NUCH-3,"Número 3 de latón sólido 4"", latón brillante, HERMEX",HERMEX,Cerrajería (accesorios)
43068,,CALLA-36,"Caja con 36 ganchos para llaves, HERMEX",HERMEX,"Cajas de seguridad, para dinero y para llaves <span class=""Torange"">|</span> Duplicadoras"
43999,,CEMA-4R,"Cerradura manija ""Turín"" p/recámara níquel satinado, HERMEX",HERMEX,Cerraduras de manija
49882,,GUPO-100AD,"Guardapolvo automático 100 cm dorado, HERMEX",HERMEX,Cerrajería / Guardapolvos
43682,,NUCH-4,"Número 4 de latón sólido 4"", latón brillante, HERMEX",HERMEX,Cerrajería (accesorios)
43730,,POCL-175,"Portacandado de acero latonado 1-3/4"", HERMEX",HERMEX,Cerrajería (accesorios)
43678,,NUCH-0,"Número 0 de latón sólido 4"", latón brillante, HERMEX",HERMEX,Cerrajería (accesorios)
43683,,NUCH-5,"Número 5 de latón sólido 4"", latón brillante, HERMEX",HERMEX,Cerrajería (accesorios)
43026,,CEP-11JJ,"Doble jaladera, Lugo llave-mariposa,Latón Brillante,HERMEX",HERMEX,Cerraduras para entrada principal
47423,,CEMA-13R,"Cerradura manija ""Siena"" p/recámara cromo mate, HERMEX",HERMEX,Cerraduras de manija
43684,,NUCH-6,"Número 6 de latón sólido 4"", latón brillante, HERMEX",HERMEX,Cerrajería (accesorios)
47854,,NUCH-1N,"Número 1 de latón sólido 4"", negro, HERMEX",HERMEX,Cerrajería (accesorios)
45730,,PAS-53,"Pasador de barril de acero cromo 5"", HERMEX",HERMEX,Cerrajería (accesorios)
43685,,NUCH-7,"Número 7 de latón sólido 4"", latón brillante, HERMEX",HERMEX,Cerrajería (accesorios)
43686,,NUCH-8,"Número 8 de latón sólido 4"", latón brillante, HERMEX",HERMEX,Cerrajería (accesorios)
43687,,NUCH-9,"Número 9 de latón sólido 4"", latón brillante, HERMEX",HERMEX,Cerrajería (accesorios)
43750,,POCL-600,"Portacandado de acero latonado 6"", HERMEX",HERMEX,Cerrajería (accesorios)
45720,,PAS-51,"Pasador de barril de acero latón 5"", HERMEX",HERMEX,Cerrajería (accesorios)
44034,,CEMA-4B,"Cerradura manija ""Turín"" p/baño níquel satinado, HERMEX",HERMEX,Cerraduras de manija
45729,,PAS-63,"Pasador de barril de acero cromo 6"", HERMEX",HERMEX,Cerrajería (accesorios)
47856,,NUCH-3N,"Número 3 de latón sólido 4"", negro, HERMEX",HERMEX,Cerrajería (accesorios)
49878,,GUPO-90AD,"Guardapolvo automático 90 cm dorado, HERMEX",HERMEX,Cerrajería / Guardapolvos
47853,,NUCH-0N,"Número 0 de latón sólido 4"", negro, HERMEX",HERMEX,Cerrajería (accesorios)
47857,,NUCH-4N,"Número 4 de latón sólido 4"", negro, HERMEX",HERMEX,Cerrajería (accesorios)
47858,,NUCH-5N,"Número 5 de latón sólido 4"", negro, HERMEX",HERMEX,Cerrajería (accesorios)
45652,,PER-076,"Perilla estilo ""Moderno"" acabado negro, HERMEX",HERMEX,Jaladeras y perillas para mueble
47859,,NUCH-6N,"Número 6 de latón sólido 4"", negro, HERMEX",HERMEX,Cerrajería (accesorios)
45649,,PER-036,"Perilla estilo ""Cilindro"" acabado negro, HERMEX",HERMEX,Jaladeras y perillas para mueble
47860,,NUCH-7N,"Número 7 de latón sólido 4"", negro, HERMEX",HERMEX,Cerrajería (accesorios)
45719,,PAS-61,"Pasador de barril de acero latón 6"", HERMEX",HERMEX,Cerrajería (accesorios)
47861,,NUCH-8N,"Número 8 de latón sólido 4"", negro, HERMEX",HERMEX,Cerrajería (accesorios)
45651,,PER-026,"Perilla estilo ""Arco"" acabado negro, HERMEX",HERMEX,Jaladeras y perillas para mueble
47862,,NUCH-9N,"Número 9 de latón sólido 4"", negro, HERMEX",HERMEX,Cerrajería (accesorios)
45648,,PER-096,"Perilla estilo ""Andamio"" acabado negro, HERMEX",HERMEX,Jaladeras y perillas para mueble
43668,,CB-DUP-200,"Bolsa con 2 carbones de repuesto para DUP-200, HERMEX",HERMEX,Carbones de repuesto
45650,,PER-016,"Perilla estilo ""Contempo"" acabado negro, HERMEX",HERMEX,Jaladeras y perillas para mueble
43909,,CILE-704,"Cilindro Europeo de 70mm,llave-llave, HERMEX",HERMEX,"Cerraduras para entrada principal <span class=""Torange"">|</span> Cerraduras de embutir y para perfil de aluminio"
27047,,CS-75DP,"Cerradura sobreponer der instala-fácil, caja, HERMEX BASIC",HERMEX BASIC,Cerraduras de sobreponer
27046,,CS-75IP,"Cerradura sobreponer izq instala-fácil, caja, HERMEX BASIC",HERMEX BASIC,Cerraduras de sobreponer
43505,,CB-40D,"Cerradura de barra fija, derecha, HERMEX",HERMEX,"Cerraduras de sobreponer<span class=""Torange"">|</span>Cerraduras de barra"
43507,,CB-40I,"Cerradura de barra fija, izquierda, HERMEX",HERMEX,"Cerraduras de sobreponer<span class=""Torange"">|</span>Cerraduras de barra"
43518,,CB-45I,"Cerradura de barra libre, izquierda, HERMEX",HERMEX,"Cerraduras de sobreponer<span class=""Torange"">|</span>Cerraduras de barra"
43516,,CB-45D,"Cerradura de barra libre, derecha, HERMEX",HERMEX,"Cerraduras de sobreponer<span class=""Torange"">|</span>Cerraduras de barra"
43325,,CH-50L,"Candado de hierro 50 mm, gancho largo en caja, HERMEX",HERMEX,Candados de hierro
43324,,CH-45L,"Candado de hierro 45 mm, gancho largo en caja, HERMEX",HERMEX,Candados de hierro
43323,,CH-38L,"Candado de hierro 38 mm, gancho largo en caja, HERMEX",HERMEX,Candados de hierro
43327,,CHB-45L,"Candado de hierro 45 mm, gancho largo en blíster, HERMEX",HERMEX,Candados de hierro
43316,,CH-45,"Candado de hierro 45 mm, gancho corto en caja, HERMEX",HERMEX,Candados de hierro
43315,,CH-38,"Candado de hierro 38 mm, gancho corto en caja, HERMEX",HERMEX,Candados de hierro
43030,,GUPO-100A,"Guardapolvo fijo de 100 cm, aluminio, HERMEX",HERMEX,Cerrajería / Guardapolvos
43317,,CH-50,"Candado de hierro 50 mm, gancho corto en caja, HERMEX",HERMEX,Candados de hierro
43464,,CEPO-31R,"Cerradura tipo esfera para recámara, cromo mate, HERMEX",HERMEX,Cerraduras de pomo
43328,,CHB-50L,"Candado de hierro 50 mm, gancho largo en blíster, HERMEX",HERMEX,Candados de hierro
43470,,CEPO-21R,"Cerradura tipo esfera para recámara, latón antiguo, HERMEX",HERMEX,Cerraduras de pomo
43326,,CHB-38L,"Candado de hierro 38 mm, gancho largo en blíster, HERMEX",HERMEX,Candados de hierro
43196,,BR-301,"Bisagra rectangular 3 x 2"", acero latonado, HERMEX",HERMEX,Bisagras rectangulares en caja y pares de bisagras en bolsa
43033,,GUPO-100N,"Guardapolvo fijo de 100 cm, negro, HERMEX",HERMEX,Cerrajería / Guardapolvos
43195,,BR-251,"Bisagra rectangular 2-1/2 x 1-5/8"", acero latonado, HERMEX",HERMEX,Bisagras rectangulares en caja y pares de bisagras en bolsa
43031,,GUPO-100B,"Guardapolvo fijo de 100 cm, blanco, HERMEX",HERMEX,Cerrajería / Guardapolvos
20508,,CM-50X4P,"Juego de 4 candados cuerpo laminado, 50 mm, HERMEX BASIC",HERMEX BASIC,Candados de acero
43194,,BR-201,"Bisagra rectangular 2 x 1-1/2"", acero latonado, HERMEX",HERMEX,Bisagras rectangulares en caja y pares de bisagras en bolsa
43793,,CH-32L,"Candado de hierro 32 mm, gancho largo en caja, HERMEX",HERMEX,Candados de hierro
43473,,CEPO-11R,"Cerradura tipo esfera para recámara, latón brillante, HERMEX",HERMEX,Cerraduras de pomo
43318,,CHB-38,"Candado de hierro 38 mm, gancho corto en blíster, HERMEX",HERMEX,Candados de hierro
43319,,CHB-45,"Candado de hierro 45 mm, gancho corto en blíster, HERMEX",HERMEX,Candados de hierro
43037,,GUPO-120N,"Guardapolvo fijo de 120 cm, negro, HERMEX",HERMEX,Cerrajería / Guardapolvos
43034,,GUPO-120A,"Guardapolvo fijo de 120 cm, aluminio, HERMEX",HERMEX,Cerrajería / Guardapolvos
43320,,CHB-50,"Candado de hierro 50 mm, gancho corto en blíster, HERMEX",HERMEX,Candados de hierro
43198,,BR-401,"Bisagra rectangular 4 x 2-3/4"", acero latonado, HERMEX",HERMEX,Bisagras rectangulares en caja y pares de bisagras en bolsa
20507,,CM-40X4P,"Juego de 4 candados cuerpo laminado, 40 mm, HERMEX BASIC",HERMEX BASIC,Candados de acero
43794,,CHB-32L,"Candado de hierro 32 mm, gancho largo en blíster, HERMEX",HERMEX,Candados de hierro
43791,,CH-32,"Candado de hierro 32 mm, gancho corto en caja, HERMEX",HERMEX,Candados de hierro
43601,,CERO-31,"Cerrojo llave-mariposa cromo mate, llave puntos, HERMEX",HERMEX,Cerraduras / Cerrojos y juegos de pomo y cerrojo
43665,,DUP-200,"Duplicadora de llaves, 6 tipos, HERMEX",HERMEX,"Cajas de seguridad, para dinero y para llaves <span class=""Torange"">|</span> Duplicadoras"
43596,,CERO-21,"Cerrojo llave-mariposa latón antiguo, llave puntos, HERMEX",HERMEX,Cerraduras / Cerrojos y juegos de pomo y cerrojo
43193,,BR-151,"Bisagra rectangular 1-1/2 x 1-3/16"", acero latonado, HERMEX",HERMEX,Bisagras rectangulares en caja y pares de bisagras en bolsa
43642,,FIPU-3,"Fijapuerta metálico, acabado cromo, HERMEX",HERMEX,Cerrajería (accesorios)
43455,,CEPO-22R,"Cerradura tipo oval para recámara, latón antiguo, HERMEX",HERMEX,Cerraduras de pomo
23517,,CL-40LP,"Candado de latón 40 mm gancho largo en blíster, HERMEX BASIC",HERMEX BASIC,Candados de latón
43439,,CL-50L,"Candado de latón 50 mm gancho largo en blíster, HERMEX",HERMEX,Candados de latón
43203,,BR-304,"Bisagra rectangular 3 x 2"", acero inoxidable, HERMEX",HERMEX,Bisagras cuadradas y rectangulares en caja
43802,,CH-63L,"Candado de hierro 63 mm, gancho largo en caja, HERMEX",HERMEX,Candados de hierro
43462,,CEPO-31B,"Cerradura tipo esfera para baño, cromo mate, HERMEX",HERMEX,Cerraduras de pomo
43782,,TOMA-3,"Tope para puerta magnético, acabado cromo, HERMEX",HERMEX,Cerrajería (accesorios)
43035,,GUPO-120B,"Guardapolvo fijo de 120 cm, blanco, HERMEX",HERMEX,Cerrajería / Guardapolvos
23511,,CL-50XP,"Candado de latón 50 mm llave tetra en blíster, HERMEX BASIC",HERMEX BASIC,Candados de latón
43463,,CEPO-31E,"Cerradura tipo esfera para entrada, cromo mate, HERMEX",HERMEX,Cerraduras de pomo
43189,,BR-300,"Bisagra rectangular 3 x 2"", acero natural, HERMEX",HERMEX,Bisagras rectangulares en caja y pares de bisagras en bolsa
43801,,CH-63,"Candado de hierro 63 mm, gancho corto en caja, HERMEX",HERMEX,Candados de hierro
46581,,TR-530N,"Tubo redondo para clóset, 3 m, negro mate, HERMEX",HERMEX,Accesorios para clóset
43777,,TODO-3,"Tope tipo media luna para puerta, cromo, HERMEX",HERMEX,Cerrajería (accesorios)
43080,,CASE-31,"Caja de seguridad electrónica, chica, HERMEX",HERMEX,"Cajas de seguridad, para dinero y para llaves <span class=""Torange"">|</span> Duplicadoras"
43350,,CMA-3C,"Candado maletero de combinación 25 mm, blíster, HERMEX",HERMEX,Candados antipalanca | Candados de combinación
43452,,CEPO-32R,"Cerradura tipo oval para recámara, cromo mate, HERMEX",HERMEX,Cerraduras de pomo
43468,,CEPO-21B,"Cerradura tipo esfera para baño, latón antiguo, HERMEX",HERMEX,Cerraduras de pomo
43437,,CL-40L,"Candado de latón 40 mm gancho largo en blíster, HERMEX",HERMEX,Candados de latón
43197,,BR-351,"Bisagra rectangular 3-1/2 x 2-1/8"", acero latonado, HERMEX",HERMEX,Bisagras rectangulares en caja y pares de bisagras en bolsa
43236,,BC-251P,"Bisagra cuadrada 2-1/2"", acero latonado, cabeza plana HERMEX",HERMEX,Bisagras cuadradas y rectangulares en caja
43082,,CASE-43,"Caja de seguridad electrónica, Laptop, HERMEX",HERMEX,"Cajas de seguridad, para dinero y para llaves <span class=""Torange"">|</span> Duplicadoras"
43351,,CMA-4C,"Candado maletero de combinación 36 mm, blíster, HERMEX",HERMEX,Candados antipalanca | Candados de combinación
43602,,CERO-32,"Cerrojo llave-llave cromo mate, llave puntos, HERMEX",HERMEX,Cerraduras / Cerrojos y juegos de pomo y cerrojo
43792,,CHB-32,"Candado de hierro 32 mm, gancho corto en blíster, HERMEX",HERMEX,Candados de hierro
43797,,CH-25L,"Candado de hierro 25 mm, gancho largo en caja, HERMEX",HERMEX,Candados de hierro
43804,,CHB-63L,"Candado de hierro 63 mm, gancho largo en blíster, HERMEX",HERMEX,Candados de hierro
43795,,CH-25,"Candado de hierro 25 mm, gancho corto en caja, HERMEX",HERMEX,Candados de hierro
43441,,CL-40XL,"Candado de latón 40 mm gancho extra largo en blíster, HERMEX",HERMEX,Candados de latón
43209,,BR-301B,"Bolsa 2 bisagras rectangulares 3x2"", acero latonado, HERMEX",HERMEX,Bisagras rectangulares en caja y pares de bisagras en bolsa
43442,,CL-50XL,"Candado de latón 50 mm gancho extra largo en blíster, HERMEX",HERMEX,Candados de latón
45894,,TR-515,"Tubo redondo para clóset, 1.5 m, cromo brillante, HERMEX",HERMEX,Accesorios para clóset
43469,,CEPO-21E,"Cerradura tipo esfera para entrada, latón antiguo, HERMEX",HERMEX,Cerraduras de pomo
43798,,CHB-25L,"Candado de hierro 25 mm, gancho largo en blíster, HERMEX",HERMEX,Candados de hierro
43597,,CERO-22,"Cerrojo llave-llave latón antiguo, llave puntos, HERMEX",HERMEX,Cerraduras / Cerrojos y juegos de pomo y cerrojo
45328,,CALLA-12C,"Caja guardallaves de combinación para pared, 12 cm, HERMEX",HERMEX,"Cajas de seguridad, para dinero y para llaves <span class=""Torange"">|</span> Duplicadoras"
46364,,GUPO-102,"Guardapolvo con funda 95 cm, negro, HERMEX",HERMEX,Cerrajería / Guardapolvos
43187,,BR-200,"Bisagra rectangular 2 x 1-1/2"", acero natural, HERMEX",HERMEX,Bisagras rectangulares en caja y pares de bisagras en bolsa
43458,,CEPO-12R,"Cerradura tipo oval para recámara, latón brillante, HERMEX",HERMEX,Cerraduras de pomo
43081,,CASE-35,"Caja de seguridad electrónica, mediana, HERMEX",HERMEX,"Cajas de seguridad, para dinero y para llaves <span class=""Torange"">|</span> Duplicadoras"
55938,,ATO-100,"Atomizador de 1 litro, KLINTEK",KLINTEK,"Artículos de limpieza / Escobas, cepillos, atomizadores, recogedores y lazos"
55947,,LAZO-15,"Lazo para tendedero de polietileno de 15 m, KLINTEK",KLINTEK,"Artículos de limpieza / Escobas, cepillos, atomizadores, recogedores y lazos"
55946,,LAZO-10,"Lazo para tendedero de polietileno de 10 m, KLINTEK",KLINTEK,"Artículos de limpieza / Escobas, cepillos, atomizadores, recogedores y lazos"
57007,,CELI-30,"Cepillo grande de plástico, KLINTEK",KLINTEK,"Artículos de limpieza / Escobas, cepillos, atomizadores, recogedores y lazos"
57006,,CELI-20,"Cepillo chico de plástico, KLINTEK",KLINTEK,"Artículos de limpieza / Escobas, cepillos, atomizadores, recogedores y lazos"
57023,,RECO-9,"Recogedor de plástico, KLINTEK",KLINTEK,"Artículos de limpieza / Escobas, cepillos, atomizadores, recogedores y lazos"
55850,,BODE-6,"Bomba destapacaños de 15 cm, KLINTEK",KLINTEK,Artículos de limpieza para WC
55937,,ATO-50,"Atomizador de 1/2 litro, KLINTEK",KLINTEK,"Artículos de limpieza / Escobas, cepillos, atomizadores, recogedores y lazos"
57024,,RECO-11B,"Recogedor plástico con bastón de madera, KLINTEK",KLINTEK,"Artículos de limpieza / Escobas, cepillos, atomizadores, recogedores y lazos"
57029,,CESA-14,"Cepillo sanitario de plástico con base, KLINTEK",KLINTEK,Artículos de limpieza para WC
55961,,CUBE-8E,"Cubeta plástica con exprimidor, 8L KLINTEK",KLINTEK,"Artículos de limpieza / Jaladores, trapeadores, cubeta y letrero"
57065,,MIC-40,"Toalla de microfibra de 40 X 40 cm, KLINTEK",KLINTEK,"Artículos de limpieza / Estopas, toallas de microfibra, aceites para madera, franelas y jergas"
56030,,LIDE-94,"Líquido destapacaños de 1 L, KLINTEK",KLINTEK,Artículos de limpieza para WC
57028,,MIC-60,"Toalla de microfibra de 40 X 60 cm, KLINTEK",KLINTEK,"Artículos de limpieza / Estopas, toallas de microfibra, aceites para madera, franelas y jergas"
57008,,CELI-35,"Cepillo tipo plancha de plástico, KLINTEK",KLINTEK,"Artículos de limpieza / Escobas, cepillos, atomizadores, recogedores y lazos"
53040,,TAJE-60,"Tapete de jerga de 60 cm, KLINTEK",KLINTEK,"Artículos de limpieza / Estopas, toallas de microfibra, aceites para madera, franelas y jergas"
56027,,FRA-1R,"Franela roja de algodón de 1 m, KLINTEK",KLINTEK,"Artículos de limpieza / Estopas, toallas de microfibra, aceites para madera, franelas y jergas"
56026,,FRA-1G,"Franela gris de algodón de 1 m, KLINTEK",KLINTEK,"Artículos de limpieza / Estopas, toallas de microfibra, aceites para madera, franelas y jergas"
57010,,CELI-10,"Cepillo tipo escobeta de plástico, KLINTEK",KLINTEK,"Artículos de limpieza / Escobas, cepillos, atomizadores, recogedores y lazos"
57009,,CELI-45,"Cepillo tipo italiano de plástico, KLINTEK",KLINTEK,"Artículos de limpieza / Escobas, cepillos, atomizadores, recogedores y lazos"
56028,,FRA-1B,"Franela blanca de algodón de 1 m, KLINTEK",KLINTEK,"Artículos de limpieza / Estopas, toallas de microfibra, aceites para madera, franelas y jergas"
57102,,JER-25GP,"Rollo de 25 m de jerga plana gris, KLINTEK",KLINTEK,"Artículos de limpieza / Estopas, toallas de microfibra, aceites para madera, franelas y jergas"
56037,,BODE-4,"Bomba destapacaños para lavabo, 10 cm,KLINTEK",KLINTEK,Artículos de limpieza para WC
57022,,MECH-175S,"Trapeador de microfibra tipo toalla, bastón 120 cm, KLINTEK",KLINTEK,"Artículos de limpieza / Jaladores, trapeadores, cubeta y letrero"
57047,,MECH-175SE,"Trapeador de microfibra española, bastón de 120 cm, KLINTEK",KLINTEK,"Artículos de limpieza / Jaladores, trapeadores, cubeta y letrero"
57003,,FRA-50G,"Rollo de 50 m de franela gris de algodón, KLINTEK",KLINTEK,"Artículos de limpieza / Estopas, toallas de microfibra, aceites para madera, franelas y jergas"
57075,,MECH-185S,"Trapeador de microfibra lisa, bastón de 120 cm, KLINTEK",KLINTEK,"Artículos de limpieza / Jaladores, trapeadores, cubeta y letrero"
57070,,AMU-24,"Aceite rojo para muebles, 240 ml, KLINTEK",KLINTEK,"Artículos de limpieza / Estopas, toallas de microfibra, aceites para madera, franelas y jergas"
57071,,AMU-48,"Aceite rojo para muebles, 480 ml, KLINTEK",KLINTEK,"Artículos de limpieza / Estopas, toallas de microfibra, aceites para madera, franelas y jergas"
57002,,FRA-50R,"Rollo de 50 m de franela roja de algodón, KLINTEK",KLINTEK,"Artículos de limpieza / Estopas, toallas de microfibra, aceites para madera, franelas y jergas"
55982,,MG-ES-48,"Bastón de madera de 48"" para escobas de limpieza, KLINTEK",KLINTEK,"Artículos de limpieza / Escobas, cepillos, atomizadores, recogedores y lazos"
57004,,FRA-50B,"Rollo de 50 m de franela blanca de algodón, KLINTEK",KLINTEK,"Artículos de limpieza / Estopas, toallas de microfibra, aceites para madera, franelas y jergas"
57057,,JER-25R,"Rollo de 25 m de jerga sarga gruesa roja, KLINTEK",KLINTEK,"Artículos de limpieza / Estopas, toallas de microfibra, aceites para madera, franelas y jergas"
57095,,EA-52,"Líquido protector de vinil, 960 ml, KLINTEK",KLINTEK,Artículos de limpieza para WC
57058,,JER-25A,"Rollo de 25 m de jerga sarga gruesa azul, KLINTEK",KLINTEK,"Artículos de limpieza / Estopas, toallas de microfibra, aceites para madera, franelas y jergas"
57094,,EA-51,"Líquido protector de vinil, 240 ml, KLINTEK",KLINTEK,Artículos de limpieza para WC
57103,,JER-1R,"Jerga roja sarga gruesa de 1 m x 48 cm, KLINTEK",KLINTEK,"Artículos de limpieza / Estopas, toallas de microfibra, aceites para madera, franelas y jergas"
57104,,JER-1A,"Jerga azul sarga gruesa de 1 m x 48 cm, KLINTEK",KLINTEK,"Artículos de limpieza / Estopas, toallas de microfibra, aceites para madera, franelas y jergas"
57090,,EA-33,"Cera líquida acrílica para auto, 473 ml, KLINTEK",KLINTEK,Artículos de limpieza para WC
57088,,EA-31,"Cera líquida de silicón para auto, 473 ml, KLINTEK",KLINTEK,Artículos de limpieza para WC
56021,,FRA-25G,"Rollo de 25 m de franela gris de algodón, KLINTEK",KLINTEK,"Artículos de limpieza / Estopas, toallas de microfibra, aceites para madera, franelas y jergas"
57084,,EA-10,"Shampoo para auto, 473 ml, KLINTEK",KLINTEK,Artículos de limpieza para WC
56022,,FRA-25R,"Rollo de 25 m de franela roja de algodón, KLINTEK",KLINTEK,"Artículos de limpieza / Estopas, toallas de microfibra, aceites para madera, franelas y jergas"
57087,,EA-23,"Polish líquido para auto, 473 ml, KLINTEK",KLINTEK,Artículos de limpieza para WC
56153,,EA-10H,"Shampoo alta espuma para hidrolavadora, 1 L, KLINTEK",KLINTEK,Artículos de limpieza para WC
57089,,EA-32,"Cera líquida PTFE para auto, 473 ml, KLINTEK",KLINTEK,Artículos de limpieza para WC
23020,,RESBA-60P,"Letrero de piso resbaloso, 62 cm, KLINTEK",KLINTEK,"Artículos de limpieza / Jaladores, trapeadores, cubeta y letrero"
57100,,JER-25RL,"Rollo de 25 m de jerga sarga ligera roja, KLINTEK",KLINTEK,"Artículos de limpieza / Estopas, toallas de microfibra, aceites para madera, franelas y jergas"
56023,,FRA-25B,"Rollo de 25 m de franela blanca de algodón, KLINTEK",KLINTEK,"Artículos de limpieza / Estopas, toallas de microfibra, aceites para madera, franelas y jergas"
57107,,JER-1GP,"Jerga gris plana de 1 m x 48 cm, KLINTEK",KLINTEK,"Artículos de limpieza / Estopas, toallas de microfibra, aceites para madera, franelas y jergas"
57105,,JER-1RL,"Jerga sarga ligera de 1 m x 48 cm roja, KLINTEK",KLINTEK,"Artículos de limpieza / Estopas, toallas de microfibra, aceites para madera, franelas y jergas"
57106,,JER-1AL,"Jerga azul sarga ligera de 1 m x 48 cm, KLINTEK",KLINTEK,"Artículos de limpieza / Estopas, toallas de microfibra, aceites para madera, franelas y jergas"
57101,,JER-25AL,"Rollo de 25 m de jerga sarga ligera azul, KLINTEK",KLINTEK,"Artículos de limpieza / Estopas, toallas de microfibra, aceites para madera, franelas y jergas"
57000,,ESTO-1B,"Bolsa de 1 kg de estopa extra fina, color blanco, KLINTEK",KLINTEK,"Artículos de limpieza / Estopas, toallas de microfibra, aceites para madera, franelas y jergas"
57001,,ESTO-1C,"Bolsa de 1 kg de estopa extra fina, color crema, KLINTEK",KLINTEK,"Artículos de limpieza / Estopas, toallas de microfibra, aceites para madera, franelas y jergas"
57056,,MECH-350,"Trapeador tipo mechudo, 350 g con bastón de 120 cm, KLINTEK",KLINTEK,"Artículos de limpieza / Jaladores, trapeadores, cubeta y letrero"
57061,,MECH-450,"Trapeador tipo mechudo, 450 g con bastón de 120 cm, KLINTEK",KLINTEK,"Artículos de limpieza / Jaladores, trapeadores, cubeta y letrero"
58006,,ESTO-2B,"Bolsa de 1/2 kg de estopa extra fina, color blanco, KLINTEK",KLINTEK,"Artículos de limpieza / Estopas, toallas de microfibra, aceites para madera, franelas y jergas"
57085,,EA-21,"Polish blanco en pasta para auto, 250 g, uso ligero, KLINTEK",KLINTEK,Artículos de limpieza para WC
57086,,EA-22,"Polish rosa en pasta para auto, 250 g, uso medio, KLINTEK",KLINTEK,Artículos de limpieza para WC
57060,,MECH-250,"Trapeador tipo mechudo, 250 g con bastón de 120 cm, KLINTEK",KLINTEK,"Artículos de limpieza / Jaladores, trapeadores, cubeta y letrero"
58007,,ESTO-2C,"Bolsa de 1/2 kg de estopa extra fina, color crema, KLINTEK",KLINTEK,"Artículos de limpieza / Estopas, toallas de microfibra, aceites para madera, franelas y jergas"
100048,,PET-15X,"Llave ajustable (perico) 15"" cromada, TRUPER",TRUPER,Llaves ajustables (pericos) y llaves stilson
100049,,PET-15C,"Llave ajustable (perico) 15"" profesional cromada, EXPERT",TRUPER EXPERT,"Dados, adaptadores, nudos universales y extensiones de impacto, cuadro 1/2"" y 3/4"""
100078,,REP-NM-5X,"Dispensador con 5 cuchillas para NV-7X y NM-6, EXPERT",TRUPER EXPERT,Cutters / Cuchillas de repuesto
100079,,REP-NM-10X,"Dispensador con 10 cuchillas para NV-7X y NM-6, EXPERT",TRUPER EXPERT,Cutters / Cuchillas de repuesto
100098,,REP-CUT-5X,"Estuche con 10 cuchillas SK2 de 9 mm para cutter, EXPERT",TRUPER EXPERT,Cutters / Cuchillas de repuesto
100099,,REP-CUT-6X,"Estuche con 10 cuchillas SK2 de 18 mm para cutter, EXPERT",TRUPER EXPERT,Cutters / Cuchillas de repuesto
100100,,REP-NM-100X,"Dispensador con 100 cuchillas para NV-7X y NM-6, EXPERT",TRUPER EXPERT,Cutters / Cuchillas de repuesto
100101,,REP-CUT-650,"Estuche con 50 cuchillas SK4 de 18 mm para cutter, TRUPER",TRUPER,Cutters / Cuchillas de repuesto
100123,,SICI-4-1/2A,"Sierra circular compacta 4-1/2"", 750W, TRUPER PRO",,Sierras circulares y cortador de piedra y azulejo
100124,,DILF-424,"Disco de lija 4-1/2"" con respaldo de fibra, grano 24, TRUPER",TRUPER,"Lijas / Discos, respaldos para discos, bandas de lija, lijas para plomero y ruedas flap"
100125,,DILF-436,"Disco de lija 4-1/2"" con respaldo de fibra, grano 36, TRUPER",TRUPER,"Lijas / Discos, respaldos para discos, bandas de lija, lijas para plomero y ruedas flap"
100131,,REP-CUT-650X,"Estuche con 50 cuchillas SK2 de 18 mm para cutter, EXPERT",TRUPER EXPERT,Cutters / Cuchillas de repuesto
100138,,T210-8,"Pinza para electricista 8"" alta palanca mango PVC, TRUPER",TRUPER,"Pinzas mango de PVC, Truper"
100147,,PES-X,"Pala escarramán, puño ""Y"", mango acero, TRUPER EXPERT",TRUPER EXPERT,Palas escarramán y carboneras
100148,,MAN-30X3/4XX,"Manguera 3/4"" anti-torceduras 6 capas 30m conexiones d/metal",,Mangueras para jardín
100149,,MAN-30X3/4X,"Manguera 3/4"" super reforzada 4 capas 30m conexiones metal",,Mangueras para jardín
100154,,JT-TUB,"Tornillería, chumaceras y eje p/carretillas TRUPER y EXPERT",TRUPER EXPERT,Refacciones para carretillas bastidor tubular
100155,,JT-S,"Tornillería con chumaceras para carretilla CAR-82, TRUPER",TRUPER,Refacciones para carretillas
100156,,JT-M,"Tornillería con chumaceras para carretilla TP-8, TRUPER",TRUPER,Refacciones para carretillas
100158,,BAS-CU-60-G,"Bastidor de madera 39 x 48 mm para carretilla TP-8, TRUPER",TRUPER,Refacciones para carretillas
100159,,J-CH-2W,Chumaceras sin punzonado para carretilla de 2 llantas TRUPER,TRUPER,Refacciones para carretillas
100160,,DILF-736,"Disco de lija de 7"" con respaldo de fibra, grano 36, TRUPER",TRUPER,"Lijas / Discos, respaldos para discos, bandas de lija, lijas para plomero y ruedas flap"
100161,,DILF-750,"Disco de lija de 7"" con respaldo de fibra, grano 50, TRUPER",TRUPER,"Lijas / Discos, respaldos para discos, bandas de lija, lijas para plomero y ruedas flap"
