codigo_truper,clave,descripcion,descripcion_familia,presentacion,marca,precio_catalogo_publico,pagina_catalogo,confianza_extraccion,requiere_revision,elegible_para_maestro
0010,,,Limpieza Guantes de látex 100% natural Protección química Guantes de látexneopreno para limpieza,,,,338,baja,True,False
0020,,Termocople soldable,Termocople soldable,,,,495,baja,True,False
0111,Níquelsatinado96mm,"Jaladeras metálicas línea Contempo, satinado 96 mm",Jaladeras metálicas línea Contempo,satinado 96 mm,,33,584,baja,True,False
0112,Níquelsatinado128mm,"Jaladeras metálicas línea Contempo, satinado 128 mm",Jaladeras metálicas línea Contempo,satinado 128 mm,,46,584,baja,True,False
0121,Latónbrillante,"Jaladeras metálicas línea Contempo, brillante 96 mm",Jaladeras metálicas línea Contempo,brillante 96 mm,,33,584,baja,True,False
0122,Latónbrillante,"Jaladeras metálicas línea Contempo, brillante 128 mm",Jaladeras metálicas línea Contempo,brillante 128 mm,,46,584,baja,True,False
0161,Negromate,"Jaladeras metálicas línea Contempo, mate 96 mm",Jaladeras metálicas línea Contempo,mate 96 mm,,33,584,baja,True,False
0162,Negromate,"Jaladeras metálicas línea Contempo, mate 128 mm",Jaladeras metálicas línea Contempo,mate 128 mm,,46,584,baja,True,False
0211,Níquelsatinado96mm,"Jaladeras metálicas línea Arco, satinado 96 mm",Jaladeras metálicas línea Arco,satinado 96 mm,,29,584,baja,True,False
0212,Níquelsatinado128mm,"Jaladeras metálicas línea Arco, satinado 128 mm",Jaladeras metálicas línea Arco,satinado 128 mm,,36,584,baja,True,False
0221,Latónbrillante,"Jaladeras metálicas línea Arco, brillante 96 mm",Jaladeras metálicas línea Arco,brillante 96 mm,,29,584,baja,True,False
0222,Latónbrillante,"Jaladeras metálicas línea Arco, brillante 128 mm",Jaladeras metálicas línea Arco,brillante 128 mm,,36,584,baja,True,False
0261,Negromate,"Jaladeras metálicas línea Arco, mate 96 mm",Jaladeras metálicas línea Arco,mate 96 mm,,29,584,baja,True,False
0262,Negromate,"Jaladeras metálicas línea Arco, mate 128 mm",Jaladeras metálicas línea Arco,mate 128 mm,,36,584,baja,True,False
0311,Níquelsatinado96mm,"Jaladeras de acero línea Cilindro, satinado 96 mm",Jaladeras de acero línea Cilindro,satinado 96 mm,,38,584,baja,True,False
0312,Níquelsatinado128mm,"Jaladeras de acero línea Cilindro, satinado 128 mm",Jaladeras de acero línea Cilindro,satinado 128 mm,,42,584,baja,True,False
0313,Níquelsatinado160mm,"Jaladeras de acero línea Cilindro, satinado 160 mm",Jaladeras de acero línea Cilindro,satinado 160 mm,,46,584,baja,True,False
0314,Níquelsatinado192mm,"Jaladeras de acero línea Cilindro, satinado 192 mm",Jaladeras de acero línea Cilindro,satinado 192 mm,,51,584,baja,True,False
0321,Latónbrillante,"Jaladeras de acero línea Cilindro, brillante 96 mm",Jaladeras de acero línea Cilindro,brillante 96 mm,,38,584,baja,True,False
0322,Latónbrillante,"Jaladeras de acero línea Cilindro, brillante 128 mm",Jaladeras de acero línea Cilindro,brillante 128 mm,,42,584,baja,True,False
0323,Latónbrillante,"Jaladeras de acero línea Cilindro, brillante 160 mm",Jaladeras de acero línea Cilindro,brillante 160 mm,,46,584,baja,True,False
0324,Latónbrillante,"Jaladeras de acero línea Cilindro, brillante 192 mm",Jaladeras de acero línea Cilindro,brillante 192 mm,,51,584,baja,True,False
0361,Negromate,"Jaladeras de acero línea Cilindro, mate 96 mm",Jaladeras de acero línea Cilindro,mate 96 mm,,38,584,baja,True,False
0362,Negromate,"Jaladeras de acero línea Cilindro, mate 128 mm",Jaladeras de acero línea Cilindro,mate 128 mm,,42,584,baja,True,False
0363,Negromate,"Jaladeras de acero línea Cilindro, mate 160 mm",Jaladeras de acero línea Cilindro,mate 160 mm,,46,584,baja,True,False
0364,Negromate,"Jaladeras de acero línea Cilindro, mate 192 mm",Jaladeras de acero línea Cilindro,mate 192 mm,,51,584,baja,True,False
0421,Latónbrillante,"Jaladeras metálicas línea Barroca, brillante a` ==",Jaladeras metálicas línea Barroca,brillante a` ==,,34,585,baja,True,False
0431,Latónantiguo,"Jaladeras metálicas línea Barroca, antiguo a` ==",Jaladeras metálicas línea Barroca,antiguo a` ==,,34,585,baja,True,False
0510,a®bY,"Paquetes con 5 discos de lija 5"" , ciegos","Paquetes con 5 discos de lija 5"" , ciegos",,,47,196,baja,True,False
0512,a®bY,"Paquetes con 5 discos de lija 5"" , ciegos","Paquetes con 5 discos de lija 5"" , ciegos",,,47,196,baja,True,False
0515,a®bY,"Paquetes con 5 discos de lija 5"" , ciegos","Paquetes con 5 discos de lija 5"" , ciegos",,,47,196,baja,True,False
0518,a®bY,"Paquetes con 5 discos de lija 5"" , ciegos","Paquetes con 5 discos de lija 5"" , ciegos",,,47,196,baja,True,False
0521,Latónbrillante,"Jaladeras metálicas línea Colonial, brillante a` ==",Jaladeras metálicas línea Colonial,brillante a` ==,,34,585,baja,True,False
0522,a®bY,"Paquetes con 5 discos de lija 5"" , ciegos","Paquetes con 5 discos de lija 5"" , ciegos",,,47,196,baja,True,False
0531,Latónantiguo,"Jaladeras metálicas línea Colonial, antiguo a` ==",Jaladeras metálicas línea Colonial,antiguo a` ==,,34,585,baja,True,False
0610,[[®bY,"Paquetes con 5 discos de lija 6"" , ciegos","Paquetes con 5 discos de lija 6"" , ciegos",,,72,196,baja,True,False
0612,[[®bY,"Paquetes con 5 discos de lija 6"" , ciegos","Paquetes con 5 discos de lija 6"" , ciegos",,,72,196,baja,True,False
0615,[[®bY,"Paquetes con 5 discos de lija 6"" , ciegos","Paquetes con 5 discos de lija 6"" , ciegos",,,72,196,baja,True,False
0618,[[®bY,"Paquetes con 5 discos de lija 6"" , ciegos","Paquetes con 5 discos de lija 6"" , ciegos",,,72,196,baja,True,False
0621,,"Jaladeras metálicas con inserto, a` ==",Jaladeras metálicas con inserto,a` ==,,47,585,baja,True,False
0622,[[®bY,"Paquetes con 5 discos de lija 6"" , ciegos","Paquetes con 5 discos de lija 6"" , ciegos",,,72,196,baja,True,False
0631,,"Jaladeras metálicas con inserto, a` ==",Jaladeras metálicas con inserto,a` ==,,47,585,baja,True,False
0651,,"Jaladeras metálicas con inserto, a` ==",Jaladeras metálicas con inserto,a` ==,,55,585,baja,True,False
0711,Níquelsatinado128mm,"Jaladeras metálicas línea Moderna Perillas metálicas línea Moderna, satinado 128 mm",Jaladeras metálicas línea Moderna Perillas metálicas línea Moderna,satinado 128 mm,,62,584,baja,True,False
0712,Níquelsatinado160mm,"Jaladeras metálicas línea Moderna Perillas metálicas línea Moderna, satinado 160 mm",Jaladeras metálicas línea Moderna Perillas metálicas línea Moderna,satinado 160 mm,,76,584,baja,True,False
0713,Níquelsatinado224mm,"Jaladeras metálicas línea Moderna Perillas metálicas línea Moderna, satinado 224 mm",Jaladeras metálicas línea Moderna Perillas metálicas línea Moderna,satinado 224 mm,,100,584,baja,True,False
0721,Latónbrillante,"Jaladeras metálicas línea Moderna Perillas metálicas línea Moderna, brillante 128 mm",Jaladeras metálicas línea Moderna Perillas metálicas línea Moderna,brillante 128 mm,,62,584,baja,True,False
0722,Latónbrillante,"Jaladeras metálicas línea Moderna Perillas metálicas línea Moderna, brillante 160 mm",Jaladeras metálicas línea Moderna Perillas metálicas línea Moderna,brillante 160 mm,,76,584,baja,True,False
0723,Latónbrillante,"Jaladeras metálicas línea Moderna Perillas metálicas línea Moderna, brillante 224 mm",Jaladeras metálicas línea Moderna Perillas metálicas línea Moderna,brillante 224 mm,,100,584,baja,True,False
0761,Negromate,"Jaladeras metálicas línea Moderna Perillas metálicas línea Moderna, mate 128 mm",Jaladeras metálicas línea Moderna Perillas metálicas línea Moderna,mate 128 mm,,62,584,baja,True,False
0762,Negromate,"Jaladeras metálicas línea Moderna Perillas metálicas línea Moderna, mate 160 mm",Jaladeras metálicas línea Moderna Perillas metálicas línea Moderna,mate 160 mm,,76,584,baja,True,False
0763,Negromate,"Jaladeras metálicas línea Moderna Perillas metálicas línea Moderna, mate 224 mm",Jaladeras metálicas línea Moderna Perillas metálicas línea Moderna,mate 224 mm,,100,584,baja,True,False
0810,,"aisladas para cable Capuchones para empalme de cable Capuchones para empalme de cable, 0»8 * 0»8 * 4",aisladas para cable Capuchones para empalme de cable Capuchones para empalme de cable,0»8 * 0»8 * 4,,,381,baja,True,False
0818,,Capuchones para empalme de cable calibres surtidos,Capuchones para empalme de cable calibres surtidos,,,36,381,baja,True,False
0911,Níquelsatinado96mm,"Jaladeras metálicas línea Andamio, satinado 96 mm",Jaladeras metálicas línea Andamio,satinado 96 mm,,48,584,baja,True,False
0912,Níquelsatinado128mm,"Jaladeras metálicas línea Andamio, satinado 128 mm",Jaladeras metálicas línea Andamio,satinado 128 mm,,60,584,baja,True,False
0921,Latónbrillante,"Jaladeras metálicas línea Andamio, brillante 96 mm",Jaladeras metálicas línea Andamio,brillante 96 mm,,48,584,baja,True,False
0922,Latónbrillante,"Jaladeras metálicas línea Andamio, brillante 128 mm",Jaladeras metálicas línea Andamio,brillante 128 mm,,60,584,baja,True,False
0961,Negromate,"Jaladeras metálicas línea Andamio, mate 96 mm",Jaladeras metálicas línea Andamio,mate 96 mm,,48,584,baja,True,False
0962,Negromate,"Jaladeras metálicas línea Andamio, mate 128 mm",Jaladeras metálicas línea Andamio,mate 128 mm,,60,584,baja,True,False
1000,POLE-800,para polipastos eléctricos,para polipastos eléctricos,,,,309,media,True,False
100080,REP-PIPE-12G,"Barras de silicón de i|t"", [\ (30 cm)","Barras de silicón de i|t""",[\ (30 cm),,270,312,alta,False,True
100081,REP-PIPE-516G,"Barras de silicón de m|sx"", [\ (30 cm)","Barras de silicón de m|sx""",[\ (30 cm),,270,312,alta,False,True
1001,,,"Estuche con5 puntas combinadas largo 2"" (50 mm)",,,55,316,baja,True,False
100103,ST-724X,"Discos sierra para madera , para sierras circulares, \^ 8,200 rpm General","Discos sierra para madera , para sierras circulares","\^ 8,200 rpm General",,380,156,alta,False,True
100104,ST-740X,"Discos sierra para madera , para sierras circulares, ^Y 8,200 rpm General","Discos sierra para madera , para sierras circulares","^Y 8,200 rpm General",,560,156,alta,False,True
100105,ST-1040EX,"Discos sierra para madera , para sierras de mesa de piso y de inglete, 40 6,000 rpm &so 6eneral","Discos sierra para madera , para sierras de mesa de piso y de inglete","40 6,000 rpm &so 6eneral",,815,157,alta,False,True
100106,ST-1060EX,"Discos sierra para madera , para sierras de mesa de piso y de inglete, 60 6,000 rpm orte 5ino","Discos sierra para madera , para sierras de mesa de piso y de inglete","60 6,000 rpm orte 5ino",,1070,157,alta,False,True
100107,ST-1240EX,"Discos sierra para madera , para sierras de mesa de piso y de inglete, 40 5,000 rpm &so 6eneral","Discos sierra para madera , para sierras de mesa de piso y de inglete","40 5,000 rpm &so 6eneral",,1095,157,alta,False,True
100109,ST-10100AX,"Discos sierra para aluminio , para sierras de inglete, [YY 6,000 rpm Ltra 5ino","Discos sierra para aluminio , para sierras de inglete","[YY 6,000 rpm Ltra 5ino",,1950,156,alta,False,True
100140,PAR-16,,75 kg,6 (15 cm) [] (33 cm) 36,,200,311,media,True,False
100141,PAR-112,,75 kg,12 (30 cm) [c (48 cm) 36,,235,311,media,True,False
100142,PAR-26,,45 kg,6 (15 cm) [^ (35 cm) 24,,345,311,media,True,False
100143,PAR-212,,45 kg,12 (30 cm) \Y (50 cm) 24,,380,311,media,True,False
100144,PAR-224,,45 kg,24 (60 cm) ]\ (82 cm) 12,,470,311,media,True,False
100145,SUS-CAS,,E,NA,,96,326,media,True,False
100172,ST-424,,,"\^ 5,000 rpm General",,200,156,media,True,False
100197,STP-7PR,"7"", mango Comfort Grip, 11","7"", mango Comfort Grip",11,,160,375,alta,False,True
1002,,,"Estuche con5 puntas combinadas largo 1"" (25 mm)",,,39,316,baja,True,False
100286,CAB-200A,"Refacciones para soldadoras inversoras, ue6o de ca0les con portaelectrodo y pinNa para tierra, conector r/pido i|t, \YY 6",Refacciones para soldadoras inversoras,"ue6o de ca0les con portaelectrodo y pinNa para tierra, conector r/pido i|t, \YY 6",,1070,361,alta,False,True
100288,CAB-300A,"Refacciones para soldadoras inversoras, ue6o de ca0les con pinNa para tierra, conector r/pido i|t, ]YY 6",Refacciones para soldadoras inversoras,"ue6o de ca0les con pinNa para tierra, conector r/pido i|t, ]YY 6",,1445,361,alta,False,True
100293,LEDE-SN-R,"Lentes de seguridad con banda elástica, Gris",Lentes de seguridad con banda elástica,Gris,,110,329,alta,False,True
100353,PROCA-N,"Protectores solares para casco, con reflejante, Naranja","Protectores solares para casco, con reflejante",Naranja,,137,327,alta,False,True
100354,PROCA-V,"Protectores solares para casco, con reflejante, Verde","Protectores solares para casco, con reflejante",Verde,,137,327,alta,False,True
100376,MALE-14,"Maletas portaherramienta Deniers Deniers, 14"" (35 cm) 24",Maletas portaherramienta Deniers Deniers,"14"" (35 cm) 24",,280,77,alta,False,True
100377,MALE-24,"Maletas portaherramienta Deniers Deniers, 24"" (60 cm) 12",Maletas portaherramienta Deniers Deniers,"24"" (60 cm) 12",,710,77,alta,False,True
10067,,"Bombas extractoras de líquidos, 16853",Bombas extractoras de líquidos,16853,,,62,baja,True,False
100812,LEN-NL-V,"Lentes para láser, Verde",Lentes para láser,Verde,,180,329,alta,False,True
100862,M25D,"Mangueras planas de descarga para motobombas, precio por rollo, 50 m 1.7 mm 348 g","Mangueras planas de descarga para motobombas, precio por rollo",50 m 1.7 mm 348 g,PRETUL,2250,61,alta,False,True
100873,D-1406-B,Cortos de 12 puntas,Cortos de 12 puntas,,,30,124,alta,False,True
100874,D-1407-B,Cortos de 12 puntas,Cortos de 12 puntas,,,30,124,alta,False,True
100875,D-1408-B,Cortos de 12 puntas,Cortos de 12 puntas,,,30,124,alta,False,True
100876,D-1409-B,Cortos de 12 puntas,Cortos de 12 puntas,,,30,124,alta,False,True
100878,D-1410-B,Cortos de 12 puntas,Cortos de 12 puntas,,,30,124,alta,False,True
100879,D-1411-B,Cortos de 12 puntas,Cortos de 12 puntas,,,33,124,alta,False,True
100886,ARN-KIT-1A,"Kit contra caídas, 1 anillo , gancho robusto , (ANSI), 3,600 lb (16 kN)","Kit contra caídas, 1 anillo , gancho robusto , (ANSI)","3,600 lb (16 kN)",,1675,343,alta,False,True
100887,ARN-KIT-3A,"Kit contra caídas, 3 anillos , gancho robusto , (ANSI), 3,600 lb (16 kN)","Kit contra caídas, 3 anillos , gancho robusto , (ANSI)","3,600 lb (16 kN)",,2390,343,alta,False,True
100888,ARN-KIT-1,"Kit contra caídas, 1 anillo, 350 lb (1.55 kN)","Kit contra caídas, 1 anillo",350 lb (1.55 kN),,1130,343,alta,False,True
100889,ARN-KIT-3,"Kit contra caídas, 3 anillos, 350 lb (1.55 kN)","Kit contra caídas, 3 anillos",350 lb (1.55 kN),,1515,343,alta,False,True
100917,D-1405-B,Cortos de 12 puntas,Cortos de 12 puntas,,,30,124,alta,False,True
100919,D-3808-HL,Largos de 6 puntas,Largos de 6 puntas,,,60,124,alta,False,True
100933,ALL-8TMX,"Juego de 8 llaves torx extra largas, mango “ T ” Juegos de 8 llaves hexagonales extra largas, mango “T”, mm","Juego de 8 llaves torx extra largas, mango “ T ” Juegos de 8 llaves hexagonales extra largas, mango “T”",mm,,585,217,alta,False,True
100934,ALL-8TPX,"Juego de 8 llaves torx extra largas, mango “ T ” Juegos de 8 llaves hexagonales extra largas, mango “T”, std","Juego de 8 llaves torx extra largas, mango “ T ” Juegos de 8 llaves hexagonales extra largas, mango “T”",std,,585,217,alta,False,True
100935,TORX-8TLX,"Juego de 8 llaves torx extra largas, mango “ T ”","Juego de 8 llaves torx extra largas, mango “ T ”",,,535,217,alta,False,True
100949,AI-5453,"Adaptadores de impacto Nudos universales de impacto, H M 6 24",Adaptadores de impacto Nudos universales de impacto,H M 6 24,,250,131,alta,False,True
100954,ROU-A3,,"#oGter (re0ajadora)¯ 1,200 W ¯ 1 k|v !",Router,,1595,247,media,True,False
100959,M23S,"de succión y descarga para motobombas rollo de 30 m, precio por metro, 73 psi 4.3 mm 0.9 kg 3","de succión y descarga para motobombas rollo de 30 m, precio por metro",73 psi 4.3 mm 0.9 kg 3,,,61,media,True,False
100961,D-1412-B,Cortos de 12 puntas,Cortos de 12 puntas,,,33,124,alta,False,True
100962,D-1414-B,Cortos de 12 puntas,Cortos de 12 puntas,,,34,124,alta,False,True
100964,D-1416-B,Cortos de 12 puntas,Cortos de 12 puntas,,,35,124,alta,False,True
100990,D-3810-HL,Largos de 6 puntas,Largos de 6 puntas,,,60,124,alta,False,True
10100,rpm,"Discos sierra para aluminio , para sierras de inglete, Ltra 5ino","Discos sierra para aluminio , para sierras de inglete",Ltra 5ino,,1950,156,baja,True,False
101001,D-1210-EL,"Dados largos de 12 puntas, 48",Dados largos de 12 puntas,48,,95,125,alta,False,True
101002,D-1212-EL,"Dados largos de 12 puntas, 48",Dados largos de 12 puntas,48,,95,125,alta,False,True
101003,D-1214-EL,"Dados largos de 12 puntas, 48",Dados largos de 12 puntas,48,,95,125,alta,False,True
101016,D-3432-H,Dados cortos de 6 puntas,Dados cortos de 6 puntas,,,204,126,alta,False,True
101017,D-3444-H,Dados cortos de 6 puntas,Dados cortos de 6 puntas,,,310,126,alta,False,True
101040,M33S,"de succión y descarga para motobombas rollo de 30 m, precio por metro, 73 psi 5.7 mm 1.8 kg 3","de succión y descarga para motobombas rollo de 30 m, precio por metro",73 psi 5.7 mm 1.8 kg 3,,,61,media,True,False
101041,M43S,"de succión y descarga para motobombas rollo de 30 m, precio por metro, 58 psi 6.9 mm 2.5 kg 3","de succión y descarga para motobombas rollo de 30 m, precio por metro",58 psi 6.9 mm 2.5 kg 3,,,61,media,True,False
101096,VASO-450,,,"PIPI-452, PIPI-451 y PIPI-450 1",,117,110,media,True,False
1012,cm,,×8 ×10 ×6,,,430,408,baja,True,False
101216,BAN-LB-3x21A2,,,Banda 6,,55,248,baja,True,False
101217,BOL-LB-3x21A2,,,Bolsa recolectora 6,,42,248,baja,True,False
101246,D-1214-BC,,D,,,130,127,media,True,False
101247,D-1216-BC,,D,,,160,127,media,True,False
101248,D-1205-BL,punta,punta,,,105,127,alta,False,True
101249,D-1206-BL,punta,punta,,,105,127,alta,False,True
101256,CAS-NI,,C,,,152,326,media,True,False
101257,CAS-AI,,C,,,152,326,media,True,False
101258,CAS-BI,,C,,,152,326,media,True,False
101259,CAS-ZI,,C,,,152,326,media,True,False
101270,CAS-VI,,C,,,152,326,media,True,False
101271,CAS-RI,,C,,,152,326,media,True,False
101272,MALE-12,"Maletas portaherramienta Deniers Deniers, 12"" (30 cm) 24",Maletas portaherramienta Deniers Deniers,"12"" (30 cm) 24",,240,77,alta,False,True
101274,D-1212-BC,,D,,,118,127,media,True,False
101292,D-1205-BC,,D,,,96,127,media,True,False
101293,D-1206-BC,,D,,,96,127,media,True,False
101294,D-1208-BC,,D,,,105,127,media,True,False
101295,D-1210-BC,,D,,,105,127,media,True,False
101300,D-1208-BL,punta,punta,,,110,127,alta,False,True
101301,D-1210-BL,punta,punta,,,118,127,alta,False,True
101302,D-1212-BL,punta,punta,,,152,127,alta,False,True
101303,D-1214-BL,punta,punta,,,180,127,alta,False,True
101304,D-1216-BL,punta,punta,,,240,127,alta,False,True
101375,MOHE-13,Deniers 57 compartimentos,Deniers 57 compartimentos,,,1455,77,alta,False,True
101381,LIRA-130,"LED de aluminio y plásticas Linternas, 16 × 3 cm 150 g",LED de aluminio y plásticas Linternas,16 × 3 cm 150 g,,195,201,alta,False,True
101389,STP-13P,"Serrucho de poda hoja curva plegable , 10"", mango Comfort Grip, SPT-12P 5","Serrucho de poda hoja curva plegable , 10"", mango Comfort Grip",SPT-12P 5,,160,375,alta,False,True
101393,R-ROPI-930X,"Felpas de borrego para rodillos, 9"", 1 1⁄4 Extra rugosas","Felpas de borrego para rodillos, 9""",1 1⁄4 Extra rugosas,,325,295,alta,False,True
101394,R-ROPI-920X,"Felpas de borrego para rodillos, 9"", 3⁄4 Rugosas","Felpas de borrego para rodillos, 9""",3⁄4 Rugosas,,292,295,alta,False,True
101443,CIA-118N,"Cintas antiderrapantes, en rollo, 25 mm (1"") 80 Negro","Cintas antiderrapantes, en rollo","25 mm (1"") 80 Negro",,265,95,alta,False,True
101444,CIA-218N,"Cintas antiderrapantes, en rollo, 50 mm (2"") 80 Negro","Cintas antiderrapantes, en rollo","50 mm (2"") 80 Negro",,505,95,alta,False,True
101445,CIAH-15T,"Cintas antiderrapantes, en rollo, 25 mm (1"") Transparente Acrílico","Cintas antiderrapantes, en rollo","25 mm (1"") Transparente Acrílico",,110,95,alta,False,True
101446,CIAH-25T,"Cintas antiderrapantes, en rollo, 50 mm (2"") Transparente Acrílico","Cintas antiderrapantes, en rollo","50 mm (2"") Transparente Acrílico",,200,95,alta,False,True
101448,CIA-25P,"Cintas antiderrapantes amarillanegra, 50 mm (2"") 60 3",Cintas antiderrapantes amarillanegra,"50 mm (2"") 60 3",,187,95,alta,False,True
101449,CIA-218P,"Cintas antiderrapantes amarillanegra, 50 mm (2"") 60 2",Cintas antiderrapantes amarillanegra,"50 mm (2"") 60 2",,515,95,alta,False,True
101450,CIA-25L,"Cintas antiderrapantes fotoluminiscentes, 50 mm (2"") 60",Cintas antiderrapantes fotoluminiscentes,"50 mm (2"") 60",,355,95,alta,False,True
101451,CIA-218L,"Cintas antiderrapantes fotoluminiscentes, 50 mm (2"") 60",Cintas antiderrapantes fotoluminiscentes,"50 mm (2"") 60",,1070,95,alta,False,True
1015,,Refacciones para bombas tipo bala »,Refacciones para bombas tipo bala »,,,335,58,baja,True,False
101667,BOPE-60,Bombas extractoras de líquidos,Bombas extractoras de líquidos,,,110,62,alta,False,True
101688,PLYO-5,"plásticas estirables) para empaque, Transparente 60 5"" 3 (]e)",plásticas estirables) para empaque,"Transparente 60 5"" 3 (]e)",,,93,media,True,False
101689,PLYO-18,"plásticas estirables) para empaque, × Transparente 50 18"" 3 (\e)",plásticas estirables) para empaque,"× Transparente 50 18"" 3 (\e)",,,93,media,True,False
101700,COL12-ROU-NX2,,"#oGter (re0ajadora)¯ 1,800 W ¯ \ i|t !",ollet i|t,TRUPER,230,247,media,True,False
101701,COL14-ROU-NX2,,"#oGter (re0ajadora)¯ 1,800 W ¯ \ i|t !",ollet i|v,TRUPER,230,247,media,True,False
101703,COL12-ROU-N3,,"#oGter (re0ajadora)¯ 1,200 W ¯ 1 k|v !",ollet i|t,,145,247,media,True,False
101704,COL14-ROU-N3,,"#oGter (re0ajadora)¯ 1,200 W ¯ 1 k|v !",ollet i|v,,145,247,media,True,False
101772,CIAH-15G,"Cintas antiderrapantes, en rollo, 25 mm (1"") Gris De caucho","Cintas antiderrapantes, en rollo","25 mm (1"") Gris De caucho",,110,95,alta,False,True
101773,CIAH-25G,"Cintas antiderrapantes, en rollo, 50 mm (2"") Gris De caucho","Cintas antiderrapantes, en rollo","50 mm (2"") Gris De caucho",,200,95,alta,False,True
101779,BAMBU-4,"Extensión de bambú, 4 m, 35 mm","Extensión de bambú, 4 m",35 mm,,66,374,alta,False,True
101791,LEDE-TX,"Lentes de seguridad Sobrelente con marco de espuma, Transparente",Lentes de seguridad Sobrelente con marco de espuma,Transparente,,175,329,alta,False,True
101843,DESI-36X,"Destornillador inalámbrico de 2 posiciones 3.6 V , i|v""","Destornillador inalámbrico de 2 posiciones 3.6 V , i|v""",,,395,262,alta,False,True
101862,VASO-401,,,"PIPI-403, PIPI-402 y PIPI-401 1",,165,110,media,True,False
101867,COL14-ROU-A3,,"#oGter (re0ajadora)¯ 1,200 W ¯ 1 k|v !",ollet i|v,,34,247,media,True,False
101932,LEDE-ST-AE,"Lentes de seguridad panorámicos, Transparente",Lentes de seguridad panorámicos,Transparente,,87,329,alta,False,True
101933,LEN-2000-AE,"Lentes de seguridad ajustables, Transparente",Lentes de seguridad ajustables,Transparente,,47,329,alta,False,True
101934,LEN-LT-AE,"Lentes de seguridad ultra ligeros, Transparente",Lentes de seguridad ultra ligeros,Transparente,,47,329,alta,False,True
1020,L20,"Canaletas, 2 m, 20 × A 10 mm Sí","Canaletas, 2 m",20 × A 10 mm Sí,,35,381,alta,False,True
102054,VASO-44E,"Vasos de repuesto para pistolas para pintar, 2024",Vasos de repuesto para pistolas para pintar,2024,,130,111,alta,False,True
102055,VASO-33E,"Vasos de repuesto para pistolas para pintar, 2024",Vasos de repuesto para pistolas para pintar,2024,,130,111,alta,False,True
102234,PESQ-1,"Juego de 2 prensas esquineras, ajuste rápido","Juego de 2 prensas esquineras, ajuste rápido",,,158,310,alta,False,True
102251,JBAV-5R,"Juego de 5 brocas para metal, zanco de cambio rápido","Juego de 5 brocas para metal, zanco de cambio rápido",,,220,63,alta,False,True
102252,JBAV-13R,"Juego de 13 brocas para metal, zanco de cambio rápido","Juego de 13 brocas para metal, zanco de cambio rápido",,,585,63,alta,False,True
102280,ADM-420,,»,420 g 6,,92,94,media,True,False
102281,ADM-140,,»,140 g 6,,68,94,media,True,False
10230,APT-12,,"Hasta 17,000 psi 1,200 kg/cmj",,TRUPER,270,32,media,True,False
102315,ROU-MN,"Router compacto (rebajadora), 710 W , O.95 HP","Router compacto (rebajadora), 710 W , O.95 HP",Router,,1820,247,alta,False,True
10232,ATX-12,,"Hasta 21,000 psi 1,500 kg/cmj",,TRUPER,400,32,media,True,False
10234,ATT-12,,"Hasta 17,000 psi 1,200 kg/cmj",,TRUPER,203,32,media,True,False
10236,MAT-12,,"Hasta 15,000 psi 1,000 kg/cmj",,TRUPER,115,32,media,True,False
102379,ROU-MA,"Router compacto (rebajadora), 600 W , 3⁄v HP","Router compacto (rebajadora), 600 W , 3⁄v HP",Router,TRUPER,910,247,alta,False,True
102404,LARE-900,"Lámpara LED plástica reflectora, recargable , 900 lm, 380 g","Lámpara LED plástica reflectora, recargable , 900 lm",380 g,,870,200,alta,False,True
102415,SOPLA-800,,,,,1165,31,media,True,False
102418,LARE-2000,"Lámpara LED plástica reflectora, recargable , 2,000 lm, 500 g","Lámpara LED plástica reflectora, recargable , 2,000 lm",500 g,,1240,200,alta,False,True
102429,MULH-35A,,,,,2125,249,media,True,False
102471,ST-624,,,"\^ 9,200 rpm General",,255,156,media,True,False
102496,ESMA-4580PN,"Esmeriladora 4 i|t"", 850 W interruptor tipo paleta","Esmeriladora 4 i|t"", 850 W interruptor tipo paleta",,,1030,233,alta,False,True
102497,CB-MOG-130,Carburadores para motores a gasolina,Carburadores para motores a gasolina,,,660,278,alta,False,True
102498,CB-MOG-90,Carburadores para motores a gasolina,Carburadores para motores a gasolina,,,625,278,alta,False,True
102499,CB-MOG-65,Carburadores para motores a gasolina,Carburadores para motores a gasolina,,,465,278,alta,False,True
102544,PESQ-45,Prensa esquinera para soldador,Prensa esquinera para soldador,,,575,310,alta,False,True
102551,REPI-19,,,,,95,297,media,True,False
102597,PESQ-25,"Prensa esquinera profesional , maneral en “T” de ajuste rápido","Prensa esquinera profesional , maneral en “T” de ajuste rápido",,,365,310,alta,False,True
102626,PAR-124,,75 kg,24 (60 cm) ][ (79 cm) 12,,325,311,media,True,False
102628,PAR-136,,75 kg,36 (90 cm) ^^ (110 cm) 12,,420,311,media,True,False
102629,PAR-218,,45 kg,18 (45 cm) \` (67 cm) 12,,435,311,media,True,False
102640,PAR-230,,45 kg,30 (75 cm) ]b (97 cm) 12,,545,311,media,True,False
102641,PAR-236,,45 kg,36 (90 cm) ^^ (112 cm) 12,,595,311,media,True,False
102643,CHA-1712,,25 L,,,450,77,media,True,False
102644,CHP-1925R,,53 L,,,990,77,media,True,False
102661,REP-RES-600-V,"Respirador profesional de cara completa, Visor",Respirador profesional de cara completa,Visor,TRUPER,265,328,alta,False,True
102662,REP-RES-600-A,"Respirador profesional de cara completa, Arnés",Respirador profesional de cara completa,Arnés,TRUPER,152,328,alta,False,True
102746,LIOR-1/4A3,,,Lijadora,,725,249,media,True,False
102755,COL14-ROU-MN,"Router compacto (rebajadora), 710 W , O.95 HP, ollet i|v","Router compacto (rebajadora), 710 W , O.95 HP",ollet i|v,,125,247,alta,False,True
102885,DECU-8,Destapador de cubetas,Destapador de cubetas,,,32,297,alta,False,True
102891,COL14-ROU-MA,"Router compacto (rebajadora), 600 W , 3⁄v HP, ollet i|v","Router compacto (rebajadora), 600 W , 3⁄v HP",ollet i|v,TRUPER,51,247,alta,False,True
102933,PMP-30,"morsa planas para banco », ]"" (75 mm) 3"" (75 mm) 11⁄sx"" (18 mm) 5 1⁄2"" × 6 1⁄v"" (16 × 14 cm)",morsa planas para banco »,"]"" (75 mm) 3"" (75 mm) 11⁄sx"" (18 mm) 5 1⁄2"" × 6 1⁄v"" (16 × 14 cm)",,390,311,alta,False,True
102934,PMP-40,"morsa planas para banco », 4"" (100 mm)4"" (100 mm) 11⁄sx"" (18 mm) 6 1⁄v"" × 8"" (20 × 16 cm)",morsa planas para banco »,"4"" (100 mm)4"" (100 mm) 11⁄sx"" (18 mm) 6 1⁄v"" × 8"" (20 × 16 cm)",,545,311,alta,False,True
102936,PMP-60,"morsa planas para banco », `"" (150 mm)6"" (150 mm) 3⁄v"" (19 mm) 8 k⁄v"" × 10"" (25 × 22 cm)",morsa planas para banco »,"`"" (150 mm)6"" (150 mm) 3⁄v"" (19 mm) 8 k⁄v"" × 10"" (25 × 22 cm)",,1095,311,alta,False,True
102972,CORSOL-T,"Equipo de oxicorte y soldadura, 4 (100 mm) k⁄sx (5 mm)",Equipo de oxicorte y soldadura,4 (100 mm) k⁄sx (5 mm),,7200,360,alta,False,True
1030,g,"henequén, 3",henequén,3,,360,543,baja,True,False
103019,SOPLA-650,,,,,790,31,media,True,False
103027,CFI-12,"plásticas estirables) para empaque, 12 mm 30 kgf 6 72",plásticas estirables) para empaque,12 mm 30 kgf 6 72,,47,93,alta,False,True
103028,CFI-18,"plásticas estirables) para empaque, 18 mm 40 kgf 6 72",plásticas estirables) para empaque,18 mm 40 kgf 6 72,,75,93,alta,False,True
103029,CFI-24,"plásticas estirables) para empaque, 24 mm 55 kgf 6 72",plásticas estirables) para empaque,24 mm 55 kgf 6 72,,98,93,alta,False,True
103035,ST-760MM,"Discos sierra multimaterial , para sierras circulares, `Y 7,900 rpm orte 5ino","Discos sierra multimaterial , para sierras circulares","`Y 7,900 rpm orte 5ino",,410,156,alta,False,True
103040,CFI-48,"plásticas estirables) para empaque, 48 mm 70 kgf 3 48",plásticas estirables) para empaque,48 mm 70 kgf 3 48,,200,93,alta,False,True
103041,CFR-150,,,6 60,,105,93,media,True,False
103061,CDU-10XN,"Cintas para ducto Cintas para ducto, 10 m 6 60",Cintas para ducto Cintas para ducto,10 m 6 60,,39,92,alta,False,True
103062,CDU-30XN,"Cintas para ducto Cintas para ducto, 30 m 4 40",Cintas para ducto Cintas para ducto,30 m 4 40,,118,92,alta,False,True
103063,CDU-50XN,"Cintas para ducto Cintas para ducto, 50 m 4 40",Cintas para ducto Cintas para ducto,50 m 4 40,,180,92,alta,False,True
103090,FB-2M,"Flexómetro 2 m, de bolsillo","Flexómetro 2 m, de bolsillo",,,46,173,alta,False,True
103091,SIDE-1040,"Disco sierra para desmalezadoras, 40 11,000 rpm ardiner9a",Disco sierra para desmalezadoras,"40 11,000 rpm ardiner9a",,535,157,alta,False,True
103100,LIRA-1200,"LED de aluminio y plásticas Linternas, 18 × 5 cm 330 g",LED de aluminio y plásticas Linternas,18 × 5 cm 330 g,,505,201,alta,False,True
103160,PRF-8X,,270 kg 610 kg,"8 (20 cm) [\ (30 cm) 1,675 g",,535,311,media,True,False
103161,PRF-12X,,270 kg 610 kg,"12 (30 cm) [_ (38 cm) 1,785 g",,600,311,media,True,False
103162,PRF-16X,,270 kg 610 kg,"16 (40 cm) \Y (50 cm) 2,015 g",,645,311,media,True,False
103163,PRF-20X,,270 kg 610 kg,"20 (50 cm) \] (59 cm) 2,240 g",,730,311,media,True,False
103166,PRF-6,,270 kg,6 (15 cm) [Y (25 cm) 415 g 24,,225,311,media,True,False
103167,PRF-8,,270 kg,8 (20 cm) [[ (28 cm) 450 g 24,,235,311,media,True,False
103168,PRF-10,,270 kg,10 (25 cm) [^ (35 cm) 470 g 16,,250,311,media,True,False
103169,PRF-12,,270 kg,12 (30 cm) [` (40 cm) 515 g 16,,255,311,media,True,False
103187,BASE-LIOR-14A3,,,Base,,152,249,media,True,False
103191,ASD-180,"Aspiradora eléctrica canister , Aspiradora inalámbrica 2 L (0.5 gal) para auto , 20 V","Aspiradora eléctrica canister , Aspiradora inalámbrica 2 L (0.5 gal) para auto , 20 V",,,1395,31,alta,False,True
103200,PRF-18,,270 kg,18 (45 cm) \\ (55 cm) 590 g 16,,270,311,media,True,False
103201,PRF-24,,270 kg,24 (60 cm) \a (70 cm) 670 g 16,,310,311,media,True,False
103222,CDR-330,,,30 mm 3 m 1.3 kgf 6,,87,94,media,True,False
103223,CDR-310,,,10 mm 3 m 0.5 kgf 6,,39,94,media,True,False
103265,SOPI-20A,,,BAT-20A2 1 h 15 min 1.3 kg,,1595,31,media,True,False
103266,SOPI-20AS,,,NA NA 1.1 kg,,970,31,media,True,False
103289,FILC-ASD-180,"Aspiradora eléctrica canister , Aspiradora inalámbrica 2 L (0.5 gal) para auto , 20 V","Aspiradora eléctrica canister , Aspiradora inalámbrica 2 L (0.5 gal) para auto , 20 V",,,97,31,alta,False,True
103291,FILE-ASD-180,"Aspiradora eléctrica canister , Aspiradora inalámbrica 2 L (0.5 gal) para auto , 20 V","Aspiradora eléctrica canister , Aspiradora inalámbrica 2 L (0.5 gal) para auto , 20 V",,,14.50,31,alta,False,True
103296,BOCOR-4T,"Accesorios para equipo de oxicorte y soldadura CORSOL-T, 4 7 (175 mm) 2.4 mm",Accesorios para equipo de oxicorte y soldadura CORSOL-T,4 7 (175 mm) 2.4 mm,,180,360,alta,False,True
103297,M-CORSOL-T,"Manguera cuata reforzada para oxiacetileno, 6 m","Manguera cuata reforzada para oxiacetileno, 6 m",,,700,360,alta,False,True
103298,BOSOL-3T,"Accesorios para equipo de Accesorios para equipo de oxicorte y soldadura CORSOL-P oxicorte y soldadura CORSOL-T, 3 k⁄ut (2.5 mm) 1.1 mm",Accesorios para equipo de Accesorios para equipo de oxicorte y soldadura CORSOL-P oxicorte y soldadura CORSOL-T,3 k⁄ut (2.5 mm) 1.1 mm,,118,360,alta,False,True
103299,BOSOL-5T,"Accesorios para equipo de Accesorios para equipo de oxicorte y soldadura CORSOL-P oxicorte y soldadura CORSOL-T, 5 i⁄z (3 mm) 1.3 mm",Accesorios para equipo de Accesorios para equipo de oxicorte y soldadura CORSOL-P oxicorte y soldadura CORSOL-T,5 i⁄z (3 mm) 1.3 mm,,130,360,alta,False,True
103300,BOSOL-7T,"Accesorios para equipo de oxicorte y soldadura CORSOL-T, 7 k⁄sx (5 mm) 1.6 mm",Accesorios para equipo de oxicorte y soldadura CORSOL-T,7 k⁄sx (5 mm) 1.6 mm,,152,360,alta,False,True
103301,MT-590,,,,,1950,230,media,True,False
103311,PUNE-3,Juego de 3 extractores de tornillos,Juego de 3 extractores de tornillos,,,290,171,alta,False,True
103318,MT-100,,,,,880,230,media,True,False
103325,LIOR-1/4N2,,,Lijadora,,1150,249,media,True,False
103368,MAN-ASP-03N,Refacciones para aspiradoras,Refacciones para aspiradoras,,,140,30,alta,False,True
103381,MAN-ASP-G3,Refacciones para aspiradoras,Refacciones para aspiradoras,,,215,30,alta,False,True
103440,MULH-KIT-8,,,,,290,249,media,True,False
103468,BASE-LIOR-14N2,,,Base,,155,249,media,True,False
103470,TP-LIOR-14N2,,,Bolsa,,255,249,media,True,False
103544,LL-2008XF,"Llaves combinadas pulidas con cabeza articulada y matraca, i|v 117 mm 72 3",Llaves combinadas pulidas con cabeza articulada y matraca,i|v 117 mm 72 3,,185,214,alta,False,True
103545,LL-2010XF,"Llaves combinadas pulidas con cabeza articulada y matraca, m|sx 133 mm 90 3",Llaves combinadas pulidas con cabeza articulada y matraca,m|sx 133 mm 90 3,,200,214,alta,False,True
103546,LL-2012XF,"Llaves combinadas pulidas con cabeza articulada y matraca, k|z 153 mm 90 3",Llaves combinadas pulidas con cabeza articulada y matraca,k|z 153 mm 90 3,,204,214,alta,False,True
103547,LL-2014XF,"Llaves combinadas pulidas con cabeza articulada y matraca, o|sx 155 mm 90 3",Llaves combinadas pulidas con cabeza articulada y matraca,o|sx 155 mm 90 3,,215,214,alta,False,True
103548,LL-2016XF,"Llaves combinadas pulidas con cabeza articulada y matraca, i|t 171 mm 90 3",Llaves combinadas pulidas con cabeza articulada y matraca,i|t 171 mm 90 3,,249,214,alta,False,True
103549,LL-2018XF,"Llaves combinadas pulidas con cabeza articulada y matraca, q|sx 181 mm 90 3",Llaves combinadas pulidas con cabeza articulada y matraca,q|sx 181 mm 90 3,,262,214,alta,False,True
103550,LL-2020XF,"Llaves combinadas pulidas con cabeza articulada y matraca, m|z 204 mm 90 3",Llaves combinadas pulidas con cabeza articulada y matraca,m|z 204 mm 90 3,,295,214,alta,False,True
103561,M15D,"Mangueras planas de descarga para motobombas, precio por rollo, 50 m 1.3 mm 157 g","Mangueras planas de descarga para motobombas, precio por rollo",50 m 1.3 mm 157 g,PRETUL,1095,61,alta,False,True
103562,M110D,"Mangueras planas de descarga para motobombas, precio por rollo, 100 m 1.3 mm 157 g","Mangueras planas de descarga para motobombas, precio por rollo",100 m 1.3 mm 157 g,PRETUL,2200,61,alta,False,True
103563,M155D,"Mangueras planas de descarga para motobombas, precio por rollo, 50 m 1.6 mm 278 g","Mangueras planas de descarga para motobombas, precio por rollo",50 m 1.6 mm 278 g,PRETUL,1675,61,alta,False,True
103564,M1510D,"Mangueras planas de descarga para motobombas, precio por rollo, 100 m 1.6 mm 278 g","Mangueras planas de descarga para motobombas, precio por rollo",100 m 1.6 mm 278 g,PRETUL,3365,61,alta,False,True
103565,M13S,"de succión y descarga para motobombas rollo de 30 m, precio por metro, 106 psi 3.7 mm 0.4 kg 3","de succión y descarga para motobombas rollo de 30 m, precio por metro",106 psi 3.7 mm 0.4 kg 3,,,61,media,True,False
103566,M153S,"de succión y descarga para motobombas rollo de 30 m, precio por metro, 89 psi 4.3 mm 0.6 kg 3","de succión y descarga para motobombas rollo de 30 m, precio por metro",89 psi 4.3 mm 0.6 kg 3,,,61,media,True,False
103595,AIR-22,"Pulverizador de pintura sin aire , 3,300 psi","Pulverizador de pintura sin aire , 3,300 psi",,,9800,111,alta,False,True
103596,JC-7XFM,"Juegos de 7 llaves combinadas pulidas con cabeza articulada y matraca, mm",Juegos de 7 llaves combinadas pulidas con cabeza articulada y matraca,mm,,1515,214,alta,False,True
103597,JC-7XFP,"Juegos de 7 llaves combinadas pulidas con cabeza articulada y matraca, std",Juegos de 7 llaves combinadas pulidas con cabeza articulada y matraca,std,,1515,214,alta,False,True
1036,"1⁄v""","abrasivas para esmeril, óxido de aluminio carburo de silicio , 6"", 2,700 rpm","abrasivas para esmeril, óxido de aluminio carburo de silicio , 6""","2,700 rpm",,235,151,baja,True,False
103646,M17DC,,,7.5 m 1.3 mm 157 g,,435,61,media,True,False
103647,M157DC,,,7.5 m 1.6 mm 278 g,,640,61,media,True,False
103648,M27DC,,,7.5 m 1.7 mm 348 g,,850,61,media,True,False
103649,M37DC,,,7.5 m 1.7 mm 578 g,,1360,61,media,True,False
103656,LIRO-5A2,,,Lijadora 1,,910,248,media,True,False
103695,DID-740,"de diamante, corte de vidrio continuo, 15 × 1.5 mm 15,300 rpm","de diamante, corte de vidrio continuo","15 × 1.5 mm 15,300 rpm",,160,155,alta,False,True
103696,DID-645,"de diamante, corte de porcelanato, Discos turbo de malla rin, 10 × 1.3 mm 13,200 rpm","de diamante, corte de porcelanato, Discos turbo de malla rin","10 × 1.3 mm 13,200 rpm",,255,155,alta,False,True
10370,CAS-B,,E,,,187,326,media,True,False
10371,CAS-Z,,E,,,187,326,media,True,False
10373,CAS-R,,E,,,187,326,media,True,False
103735,LIRO-5N2,,,Lijadora,,1150,248,media,True,False
10374,CAS-V,,E,,,187,326,media,True,False
103762,CRM-1,"Juegos de conexiones rápidasy adaptadores para mangueras, 116 psi",Juegos de conexiones rápidasy adaptadores para mangueras,116 psi,,220,61,alta,False,True
103763,CRM-15,"Juegos de conexiones rápidasy adaptadores para mangueras, 116 psi",Juegos de conexiones rápidasy adaptadores para mangueras,116 psi,,330,61,alta,False,True
103764,CRM-2,"Juegos de conexiones rápidasy adaptadores para mangueras, 116 psi",Juegos de conexiones rápidasy adaptadores para mangueras,116 psi,,400,61,alta,False,True
103765,CRM-3,"Juegos de conexiones rápidasy adaptadores para mangueras, 116 psi",Juegos de conexiones rápidasy adaptadores para mangueras,116 psi,,660,61,alta,False,True
103766,CRM-4,"Juegos de conexiones rápidasy adaptadores para mangueras, 101 psi",Juegos de conexiones rápidasy adaptadores para mangueras,101 psi,,960,61,alta,False,True
103814,PIPEI-516,,25 W 15 W,m|sx (8 mm),,180,312,media,True,False
103822,BASE-LIRO-5N2,,,Base,,160,248,media,True,False
103839,PIS-AIR,"Refacciones para pulverizador de pintura AIR-22, Pistola",Refacciones para pulverizador de pintura AIR-22,Pistola,,1265,111,alta,False,True
103841,BASE-LIRO-5A2,,,Base 6,,172,248,media,True,False
103843,RP-LIRO-5A2,,,Bolsa recolectora 6,,105,248,media,True,False
103852,EMR-PIPI-40,,,Juegos 6,,17,110,media,True,False
103854,BTA-PIPI-401,"para pistolas para pintar, PIPI-401",para pistolas para pintar,PIPI-401,,117,110,alta,False,True
103856,BTA-PIPI-402,"para pistolas para pintar, PIPI-402",para pistolas para pintar,PIPI-402,,110,110,alta,False,True
103857,BTA-PIPI-403,"para pistolas para pintar, PIPI-403",para pistolas para pintar,PIPI-403,,117,110,alta,False,True
103861,BTA-PIPI-440,,"PIPI-442, PIPI-441 y PIPI-410",PIPI-440,,170,109,media,True,False
103862,PIPI-441,,"PIPI-442, PIPI-441 y PIPI-410",,,219,109,media,True,False
103863,BTA-PIPI-442,,"PIPI-442, PIPI-441 y PIPI-410",PIPI-442,,205,109,media,True,False
103880,PB-AIR,"Refacciones para pulverizador de pintura AIR-22, Portaboquillas",Refacciones para pulverizador de pintura AIR-22,Portaboquillas,,160,111,alta,False,True
103881,FIL60-AIR,"Refacciones para pulverizador de pintura AIR-22, Filtro 60 mallas",Refacciones para pulverizador de pintura AIR-22,Filtro 60 mallas,,118,111,alta,False,True
103882,FIL100-AIR,"Refacciones para pulverizador de pintura AIR-22, Filtro 100 mallas",Refacciones para pulverizador de pintura AIR-22,Filtro 100 mallas,,118,111,alta,False,True
103883,B15-AIR,"Refacciones para pulverizador de pintura AIR-22, Boquilla 0.015""",Refacciones para pulverizador de pintura AIR-22,"Boquilla 0.015""",,175,111,alta,False,True
103884,B17-AIR,"Refacciones para pulverizador de pintura AIR-22, Boquilla 0.017""",Refacciones para pulverizador de pintura AIR-22,"Boquilla 0.017""",,175,111,alta,False,True
103885,B19-AIR,"Refacciones para pulverizador de pintura AIR-22, Boquilla 0.019""",Refacciones para pulverizador de pintura AIR-22,"Boquilla 0.019""",,175,111,alta,False,True
103886,B21-AIR,"Refacciones para pulverizador de pintura AIR-22, Boquilla 0.021""",Refacciones para pulverizador de pintura AIR-22,"Boquilla 0.021""",,175,111,alta,False,True
103887,MAN15-AIRManguera15m,"Refacciones para pulverizador de pintura AIR-22, Manguera 15 m",Refacciones para pulverizador de pintura AIR-22,Manguera 15 m,,710,111,baja,True,False
103888,EXT50-AIR,"Refacciones para pulverizador de pintura AIR-22, Extensión 50 cm",Refacciones para pulverizador de pintura AIR-22,Extensión 50 cm,,140,111,alta,False,True
103889,EXT100-AIR,"Refacciones para pulverizador de pintura AIR-22, Extensión 1 m",Refacciones para pulverizador de pintura AIR-22,Extensión 1 m,,180,111,alta,False,True
103891,BTA-PIPI-400,,"pintar PIPI-422, PIPI-421 PIPI-420, PIPI-411 y PIPI-400",PIPI-400,,95,109,media,True,False
103893,BTA-PIPI-411,,"pintar PIPI-422, PIPI-421 PIPI-420, PIPI-411 y PIPI-400",PIPI-411,,185,109,media,True,False
103895,BTA-PIPI-420,,"pintar PIPI-422, PIPI-421 PIPI-420, PIPI-411 y PIPI-400",PIPI-420,,185,109,media,True,False
103896,BTA-PIPI-421,,"pintar PIPI-422, PIPI-421 PIPI-420, PIPI-411 y PIPI-400",PIPI-421,,170,109,media,True,False
103897,BTA-PIPI-422,,"pintar PIPI-422, PIPI-421 PIPI-420, PIPI-411 y PIPI-400",PIPI-422,,170,109,media,True,False
103899,PIPI-410,,"PIPI-442, PIPI-441 y PIPI-410",,,145,109,media,True,False
103910,EMR-PIPI-45,,,y empaques 6,,34,110,media,True,False
103911,BTA-PIPI-450,"para pistolas para pintar, PIPI-450",para pistolas para pintar,PIPI-450,,230,110,alta,False,True
103912,BTA-PIPI-451,"para pistolas para pintar, PIPI-451",para pistolas para pintar,PIPI-451,,230,110,alta,False,True
103913,BTA-PIPI-452,"para pistolas para pintar, PIPI-452",para pistolas para pintar,PIPI-452,,205,110,alta,False,True
103930,EMR-PIPI-3306,"Refacciones para pistola para pintar, 6 36",Refacciones para pistola para pintar,6 36,,33,111,alta,False,True
103931,BTA-PIPI-3306,"Refacciones para pistola para pintar, 6 36",Refacciones para pistola para pintar,6 36,,215,111,alta,False,True
103976,PPS-CH,"Playeras de protección solar Mangas de protección solar, CH",Playeras de protección solar Mangas de protección solar,CH,,380,327,alta,False,True
103977,PPS-M,Playeras de protección solar Mangas de protección solar,Playeras de protección solar Mangas de protección solar,M,,380,327,alta,False,True
103978,PPS-G,Playeras de protección solar Mangas de protección solar,Playeras de protección solar Mangas de protección solar,G,,380,327,alta,False,True
103979,PPS-XG,"Playeras de protección solar Mangas de protección solar, EG",Playeras de protección solar Mangas de protección solar,EG,,380,327,alta,False,True
1040,rpm,"Discos sierra para madera , para sierras de mesa de piso y de inglete, &so 6eneral","Discos sierra para madera , para sierras de mesa de piso y de inglete",&so 6eneral,,815,157,baja,True,False
104022,ASP-12V2,"Aspiradora para auto, 12 V","Aspiradora para auto, 12 V",,,575,31,alta,False,True
104032,JGO-OR2,Juego de opresores para resorte de amortiguador,Juego de opresores para resorte de amortiguador,,,790,171,alta,False,True
104033,JGO-DR4,Juego para montar y desmontar rótulas y terminales,Juego para montar y desmontar rótulas y terminales,,,2000,171,alta,False,True
104034,JGO-LV9,Juego de arco compresor para resortes de válvulas,Juego de arco compresor para resortes de válvulas,,,510,171,alta,False,True
104035,JGO-ET12,Extractor para tirante interior (bieleta de dirección),Extractor para tirante interior (bieleta de dirección),,,1445,171,alta,False,True
104036,JGO-ER5,Juego de extractores para rótulas,Juego de extractores para rótulas,,,2390,171,alta,False,True
104037,JGO-OP22,Juego de opresores para pistón de frenos para cambio de balatas,Juego de opresores para pistón de frenos para cambio de balatas,,,660,171,alta,False,True
104038,JGO-EB13,Juego de extractores de baleros y poleas,Juego de extractores de baleros y poleas,,,1750,171,alta,False,True
104088,VASO-500,,,"PIPI-503, PIPI-502 y PIPI-501 2",,102,110,media,True,False
104089,RE-PIPI-501,"para pistolas para pintar, PIPI-501",para pistolas para pintar,PIPI-501,,76,110,alta,False,True
104090,RE-PIPI-502,"para pistolas para pintar, Kits de repuesto PIPI-502",para pistolas para pintar,Kits de repuesto PIPI-502,,76,110,alta,False,True
104091,RE-PIPI-503,"para pistolas para pintar, PIPI-503",para pistolas para pintar,PIPI-503,,76,110,alta,False,True
104102,MAN-HIDR80,Refacciones para bombas tipo bala »,Refacciones para bombas tipo bala »,,,325,58,alta,False,True
104114,TA-50B,"Tapones auditivos de TPE, triple falange, en bolsa individual","Tapones auditivos de TPE, triple falange, en bolsa individual",,,470,327,alta,False,True
104115,TA-50BE,"Tapones auditivos de TPE, triple falange, en estuche individual","Tapones auditivos de TPE, triple falange, en estuche individual",,,630,327,alta,False,True
104116,TAC-100,"Tapones auditivos de espuma de poliuretano, en bolsa individual","Tapones auditivos de espuma de poliuretano, en bolsa individual",,,790,327,alta,False,True
104117,TA-30D,"Tapones auditivos de espuma de poliuretano sin cordón , en bote","Tapones auditivos de espuma de poliuretano sin cordón , en bote",,,118,327,alta,False,True
104118,PLYO-18N,"plásticas estirables) para empaque, Negro 50 18"" 3 PRECIOS",plásticas estirables) para empaque,"Negro 50 18"" 3 PRECIOS",,,93,media,True,False
104150,FIL-ASP-12,"Aspiradora para auto, 12 V","Aspiradora para auto, 12 V",,,34,31,alta,False,True
104201,LIBA-4X24N4,,,100370LIBA-4X24N3 Lijadora 1,,3050,248,media,True,False
104222,R-ROPI-920M,"para rodillos 9"", 3⁄4 Rugosas 120","para rodillos 9""",3⁄4 Rugosas 120,,52,295,alta,False,True
104226,BAN-LB-4X24N4,,,Banda 12,,60,248,media,True,False
104227,BOL-LB-4X24N4,,,Bolsarecolectora 12,,60,248,media,True,False
104234,EXT-4T,Juego de 4 extractores de tuercas,Juego de 4 extractores de tuercas,,,790,171,alta,False,True
104250,MALE-16X,"Deniers Deniers base plástica rígida, 16"" (40 cm)",Deniers Deniers base plástica rígida,"16"" (40 cm)",,510,77,alta,False,True
104251,MALE-18X,"Deniers Deniers base plástica rígida, 18"" (45 cm)",Deniers Deniers base plástica rígida,"18"" (45 cm)",,575,77,alta,False,True
104252,MALE-20X,"Deniers Deniers base plástica rígida, 20"" (50 cm)",Deniers Deniers base plástica rígida,"20"" (50 cm)",,700,77,alta,False,True
104254,CTG-5,,UV,50 mm 10 m 3,,310,94,media,True,False
104255,CTG-10,,UV,100 mm 10 m 2,,515,94,media,True,False
104275,N20-COMBO-RD,,,,,3650,262,media,True,False
104406,E6013-3X,"Bolsas con 1 kg de electrodos Blue Point para proceso de soldadura SMAW (MMA), · Trabajos continuos y mejor acabado",Bolsas con 1 kg de electrodos Blue Point para proceso de soldadura SMAW (MMA),· Trabajos continuos y mejor acabado,,120,359,alta,False,True
104407,E6013-4X,Bolsas con 1 kg de electrodos Blue Point para proceso de soldadura SMAW (MMA),Bolsas con 1 kg de electrodos Blue Point para proceso de soldadura SMAW (MMA),,,120,359,alta,False,True
104408,E6013-5X,"Bolsas con 1 kg de electrodos Blue Point para proceso de soldadura SMAW (MMA), · Herrería profesional y soldaduras visibles",Bolsas con 1 kg de electrodos Blue Point para proceso de soldadura SMAW (MMA),· Herrería profesional y soldaduras visibles,,120,359,alta,False,True
104412,A12-ROT-1,"Herramienta, 1 batería de 2 Ah y cargador, 12793 / ROTI-12AC","Herramienta, 1 batería de 2 Ah y cargador",12793 / ROTI-12AC,,850,263,alta,False,True
104413,A12-TAL-1,"Herramienta, 1 batería de 2 Ah y cargador, 18653 / TALI-12AC","Herramienta, 1 batería de 2 Ah y cargador",18653 / TALI-12AC,,820,263,alta,False,True
104414,A12-DES-1,"Herramienta, 1 batería de 2 Ah y cargador","Herramienta, 1 batería de 2 Ah y cargador",,,995,263,alta,False,True
104424,A12-BAT-2A,"Batería de ion litio para máquinas inalámbricas, 12 V","Batería de ion litio para máquinas inalámbricas, 12 V",,,215,263,alta,False,True
104425,A12-CAR,"Cargador de batería para máquinas inalámbricas, 12 V","Cargador de batería para máquinas inalámbricas, 12 V",,,185,263,alta,False,True
104452,DID-745,"de diamante, corte de vidrio continuo, 15 × 1.5 mm 13,300 rpm","de diamante, corte de vidrio continuo","15 × 1.5 mm 13,300 rpm",,187,155,alta,False,True
104453,DID-670,"de diamante, corte de porcelanato, Discos turbo de malla rin, 10 × 1.8 mm 8,500 rpm","de diamante, corte de porcelanato, Discos turbo de malla rin","10 × 1.8 mm 8,500 rpm",,545,155,alta,False,True
104456,A12-COMBO-RD,"2 herramientas, 2 baterías de 2 Ah cargador y maleta de 12","2 herramientas, 2 baterías de 2 Ah cargador y maleta de 12",,,1765,263,alta,False,True
104462,SPT-12F,"Serrucho de poda hoja curva 12"", mango Comfort Grip, 6","Serrucho de poda hoja curva 12"", mango Comfort Grip",6,,270,375,alta,False,True
104473,VASO-44E2,"Vasos de repuesto para pistolas para pintar, 2025",Vasos de repuesto para pistolas para pintar,2025,,110,111,alta,False,True
104474,VASO-33E2,"Vasos de repuesto para pistolas para pintar, 2025",Vasos de repuesto para pistolas para pintar,2025,,125,111,alta,False,True
104479,MPS-M,"Mangas de protección solar, M 46 14 10.5 cm",Mangas de protección solar,M 46 14 10.5 cm,,175,327,alta,False,True
104496,TORX-13L,"Juegos de llaves torx, 13 Llaves 36",Juegos de llaves torx,13 Llaves 36,,249,217,alta,False,True
104497,TORX-13,"Juegos de llaves torx, 13 Llaves 36",Juegos de llaves torx,13 Llaves 36,,204,217,alta,False,True
104499,BAV-116-B,"para metal en blíster, 2 o|z i|sx 10",para metal en blíster,2 o|z i|sx 10,,22,63,alta,False,True
1045,cm,300 kg metálicas de repuesto,300 kg metálicas de repuesto,,,510,169,baja,True,False
104510,MPS-G,"Mangas de protección solar, G 48 15 12 cm",Mangas de protección solar,G 48 15 12 cm,,175,327,alta,False,True
104520,BAV-564-B,"para metal en blíster, 2 1 m|xv 10",para metal en blíster,2 1 m|xv 10,,22,63,alta,False,True
104555,SPS-50,Sombrero de protección solar,Sombrero de protección solar,,,355,327,alta,False,True
104582,EXTF-54,"telescópicas de fibra de vidrio, 5.4 m (17.7 )",telescópicas de fibra de vidrio,5.4 m (17.7 ),,630,297,alta,False,True
104596,N20-COMBO-RE,,,,,3900,262,media,True,False
104654,TR-82M-X,"Cortador de ramas con mango telescópico de fibra de vidrio y aluminio, 16 (40 cm)",Cortador de ramas con mango telescópico de fibra de vidrio y aluminio,16 (40 cm),,1300,374,alta,False,True
104655,MG-TR-82X,"Mango telescópico de fibra de vidrio y aluminio de 2 a 3.70 m, 42 × 29 mm",Mango telescópico de fibra de vidrio y aluminio de 2 a 3.70 m,42 × 29 mm,,660,374,alta,False,True
104656,TR-82-X,"Cortador de ramas sin mango, 16 (40 cm)",Cortador de ramas sin mango,16 (40 cm),,660,374,alta,False,True
104657,TR-82F,"Cortador de ramas sin mango, 16 (40 cm)",Cortador de ramas sin mango,16 (40 cm),,625,374,alta,False,True
104680,MAPI-17,Martillo piqueta para soldador,Martillo piqueta para soldador,,,118,361,alta,False,True
1050,Izquierda,,Tarjas 100 × 50 cm,,,1425,485,baja,True,False
1051,Izquierda,,Tarjas 100 × 51 cm,,,1515,484,baja,True,False
10510,CAB-5430-18,"Línea de vida con amortiguador cinta de poliéster, × 350 lb (1.55 kN)",Línea de vida con amortiguador cinta de poliéster,× 350 lb (1.55 kN),,630,342,alta,False,True
10511,CAB-5489-15,"Cables de posicionamiento cuerda trenzada de poliéster, 350lb1.55kN 1.5 m",Cables de posicionamiento cuerda trenzada de poliéster,350lb1.55kN 1.5 m,,400,343,alta,False,True
10512,CAB-5489-20,"Cables de posicionamiento cuerda trenzada de poliéster, × 350lb1.55kN 2 m",Cables de posicionamiento cuerda trenzada de poliéster,× 350lb1.55kN 2 m,,430,343,alta,False,True
10546,EXTF-36,"telescópicas de fibra de vidrio, 3.6 m (11.8 )",telescópicas de fibra de vidrio,3.6 m (11.8 ),,535,297,alta,False,True
10547,EXTM-12,"Extensiones de acero, 1.2 m (3.9 )",Extensiones de acero,1.2 m (3.9 ),,55,297,alta,False,True
10548,EXTM-24,"Extensiones de acero, 2.4 m (7.8 )",Extensiones de acero,2.4 m (7.8 ),,96,297,alta,False,True
10549,EXTM-30,"Extensiones de acero, 3 m (9.8 )",Extensiones de acero,3 m (9.8 ),,110,297,alta,False,True
10564,CAS-NX,,E,,,200,326,media,True,False
10566,CAS-AX,,E,,,200,326,media,True,False
10567,CAS-BX,,E,,,200,326,media,True,False
10570,CAS-ZX,,E,,,200,326,media,True,False
10572,CAS-VX,,E,,,200,326,media,True,False
10573,CAS-RX,,E,,,200,326,media,True,False
1060,"1⁄v""","abrasivas para esmeril, óxido de aluminio carburo de silicio , 6"", 2,700 rpm","abrasivas para esmeril, óxido de aluminio carburo de silicio , 6""","2,700 rpm",,265,151,baja,True,False
10643,MORCA-16T,,25%,"16 oz 1 5⁄sx"" [_ (38 cm)",,152,280,media,True,False
10644,MORCA-20T,,25%,"20 oz 1 1⁄2"" [c (48 cm)",,195,280,media,True,False
10678,POCA-L,Funda de carnaza para limas triangulares,Funda de carnaza para limas triangulares,,,24,199,alta,False,True
10754,MCIM-16,"Martillo tubular para cimbra , uña recta, 16 oz","Martillo tubular para cimbra , uña recta, 16 oz","16 oz 1 1⁄v"" [a (43 cm)",,380,280,alta,False,True
10757,LEN-NL,"Lentes para láser, Rojo",Lentes para láser,Rojo,,180,329,alta,False,True
10763,CAB-5431-18-A,"Línea de vida con amortiguador cuerda trenzada de poliéster, ANSI, 3,600 lb (16 kN)","Línea de vida con amortiguador cuerda trenzada de poliéster, ANSI","3,600 lb (16 kN)",,870,342,alta,False,True
1080,rpm,"Discos sierra para aluminio , para sierras de inglete, Ltra 5ino","Discos sierra para aluminio , para sierras de inglete",Ltra 5ino,,850,156,baja,True,False
10811,REGLA-22,,,,,36,79,media,True,False
10820,LEN-LS5,"Lentes de seguridad ultra ligeros, Verde",Lentes de seguridad ultra ligeros,Verde,,39,329,alta,False,True
10821,LEN-LIE,"Lentes de seguridad ultra ligeros, InteriorExterior",Lentes de seguridad ultra ligeros,InteriorExterior,,39,329,alta,False,True
10822,LEN-LEP,"Lentes de seguridad ultra ligeros, Espejo plata",Lentes de seguridad ultra ligeros,Espejo plata,,39,329,alta,False,True
10823,LEN-LEZ,"Lentes de seguridad ultra ligeros, Espejo azul",Lentes de seguridad ultra ligeros,Espejo azul,,39,329,alta,False,True
10824,LEDE-IE,"Lentes de seguridad panorámicos, InteriorExterior",Lentes de seguridad panorámicos,InteriorExterior,,72,329,alta,False,True
10825,LEDE-EP,"Lentes de seguridad panorámicos, Espejo plata",Lentes de seguridad panorámicos,Espejo plata,,72,329,alta,False,True
10826,LEDE-EZ,"Lentes de seguridad panorámicos, Espejo azul",Lentes de seguridad panorámicos,Espejo azul,,72,329,alta,False,True
10902,CHP-23R,,57 L,,,1015,77,media,True,False
10916,LTP-4M,"Limas mango de polipropileno, ^ (10 cm) 3⁄8"" 6",Limas mango de polipropileno,"^ (10 cm) 3⁄8"" 6",,29,198,alta,False,True
10917,LTP-5M,"Limas mango de polipropileno, _ (13 cm) o⁄sx"" 6",Limas mango de polipropileno,"_ (13 cm) o⁄sx"" 6",,30,198,alta,False,True
10918,LTR-6M,"triangulares 34 y 36 dpp , Limas mango de polipropileno, 34 ` (15 cm) o⁄sx""","triangulares 34 y 36 dpp , Limas mango de polipropileno","34 ` (15 cm) o⁄sx""",,35,198,alta,False,True
10921,LTR-7M,"triangulares 34 y 36 dpp , Limas mango de polipropileno, 36 a (18 cm) 1o⁄u2""","triangulares 34 y 36 dpp , Limas mango de polipropileno","36 a (18 cm) 1o⁄u2""",,53,198,alta,False,True
10922,LTR-8M,"triangulares 34 y 36 dpp , Limas mango de polipropileno, 36 b (20 cm) 1o⁄u2""","triangulares 34 y 36 dpp , Limas mango de polipropileno","36 b (20 cm) 1o⁄u2""",,60,198,alta,False,True
10932,CDU-10XX,"Cintas para ducto Cintas para ducto, 10 m 6 60",Cintas para ducto Cintas para ducto,10 m 6 60,,62,92,alta,False,True
10933,CDU-30XX,"Cintas para ducto Cintas para ducto, 30 m 4 40",Cintas para ducto Cintas para ducto,30 m 4 40,,175,92,alta,False,True
10944,CDU-50XX,"Cintas para ducto Cintas para ducto, 50 m 4 24",Cintas para ducto Cintas para ducto,50 m 4 24,,265,92,alta,False,True
10996,LCM-6,"Funda de carnaza para limas triangulares, 6 (15 cm) q⁄sx"" 5⁄xv"" 6",Funda de carnaza para limas triangulares,"6 (15 cm) q⁄sx"" 5⁄xv"" 6",,79,199,alta,False,True
10997,LCB-6,"Funda de carnaza para limas triangulares, 6 (15 cm) q⁄sx"" 5⁄xv"" 6",Funda de carnaza para limas triangulares,"6 (15 cm) q⁄sx"" 5⁄xv"" 6",,62,199,alta,False,True
10998,LCM-8,"Funda de carnaza para limas triangulares, 8 (20 cm) 13⁄sx"" 3⁄u2"" 6",Funda de carnaza para limas triangulares,"8 (20 cm) 13⁄sx"" 3⁄u2"" 6",,87,199,alta,False,True
10999,LCB-8,"Funda de carnaza para limas triangulares, 8 (20 cm) 13⁄sx"" 3⁄u2"" 6",Funda de carnaza para limas triangulares,"8 (20 cm) 13⁄sx"" 3⁄u2"" 6",,72,199,alta,False,True
1100,PH0,"iguales , largo 2"" (50 mm) (iguales) , largo 1 (25 mm) iguales , largo 3"" (75 mm)","iguales , largo 2"" (50 mm) (iguales) , largo 1 (25 mm) iguales , largo 3"" (75 mm)",,,39,315,alta,False,True
110000,,Guardapolvos automáticos,Guardapolvos automáticos,,,152,581,baja,True,False
1101,PH1,"iguales , largo 2"" (50 mm) (iguales) , largo 1 (25 mm) iguales , largo 3"" (75 mm)","iguales , largo 2"" (50 mm) (iguales) , largo 1 (25 mm) iguales , largo 3"" (75 mm)",,,39,315,alta,False,True
110130,,,VRD,,,3250,354,baja,True,False
1102,PH2,"iguales , largo 2"" (50 mm) (iguales) , largo 1 (25 mm) iguales , largo 3"" (75 mm)","iguales , largo 2"" (50 mm) (iguales) , largo 1 (25 mm) iguales , largo 3"" (75 mm)",,,39,315,alta,False,True
1103,PH3,"iguales , largo 2"" (50 mm) (iguales) , largo 1 (25 mm) iguales , largo 3"" (75 mm)","iguales , largo 2"" (50 mm) (iguales) , largo 1 (25 mm) iguales , largo 3"" (75 mm)",,,39,315,alta,False,True
11095,,,,109,,,,baja,True,False
11097,,,,109,,,,baja,True,False
11098,,,,109,,,,baja,True,False
11101,,,,30,,,,baja,True,False
11102,MAN-ASPI-G1,Refacciones para aspiradoras,Refacciones para aspiradoras,,,470,30,alta,False,True
11103,MAN-ASPI-G2,Refacciones para aspiradoras,Refacciones para aspiradoras,,,585,30,alta,False,True
1111,,"Mecánica Guantes para mecánico, alta visibilidad , palma de poliuretano","Mecánica Guantes para mecánico, alta visibilidad , palma de poliuretano",,,,335,baja,True,False
11110,BAV-116,"Brocas para metal en caja telescópica Brocas, 2 o|z i|sx",Brocas para metal en caja telescópica Brocas,2 o|z i|sx,,19,63,alta,False,True
11112,BAV-564,"Brocas para metal en caja telescópica Brocas, 2 1 m|xv",Brocas para metal en caja telescópica Brocas,2 1 m|xv,,19,63,alta,False,True
11114,BAV-332,"Brocas para metal en caja telescópica Brocas, 2 1 i|v k|ut",Brocas para metal en caja telescópica Brocas,2 1 i|v k|ut,,19,63,alta,False,True
11135,MD-10FX,,"Marro demoledor, 10 lb, ma>6@ de 580ra de J8dr8@ de 36"" (90 cm)",10 lb (4.5 kg),,910,279,media,True,False
1120,,"Ruedas flap, 120",Ruedas flap,120,,34,197,baja,True,False
1121,,Textiles | Guantes de algodón/poliéster con puntos de PVC,Textiles | Guantes de algodón/poliéster con puntos de PVC,,,,336,baja,True,False
11237,LPB-10T,"planas Limas media caña, [Y (25 cm) 1"" 5⁄sx"" 6",planas Limas media caña,"[Y (25 cm) 1"" 5⁄sx"" 6",,127,198,alta,False,True
11238,LPM-6T,"planas Limas media caña, ` (15 cm) 5⁄8"" 3⁄sx"" 6",planas Limas media caña,"` (15 cm) 5⁄8"" 3⁄sx"" 6",,75,198,alta,False,True
11240,LPM-8T,"planas Limas media caña, b (20 cm) 3⁄v"" 1⁄v"" 6",planas Limas media caña,"b (20 cm) 3⁄v"" 1⁄v"" 6",,95,198,alta,False,True
11241,LPM-10T,"planas Limas media caña, [Y (25 cm) 1"" 5⁄sx"" 6",planas Limas media caña,"[Y (25 cm) 1"" 5⁄sx"" 6",,130,198,alta,False,True
11243,LMCB-10T,"media caña, [Y (25 cm) 1"" 5⁄sx"" 6",media caña,"[Y (25 cm) 1"" 5⁄sx"" 6",,152,198,alta,False,True
11244,LRB-10T,"Limas triángulo doble 58 dpp, con mango para ensamblar , en caja, [Y (25 cm) 3⁄8"" 6","Limas triángulo doble 58 dpp, con mango para ensamblar , en caja","[Y (25 cm) 3⁄8"" 6",,95,198,alta,False,True
11246,LES-10T,"escofinas media caña, [Y (25 cm) 15⁄sx"" 3⁄8"" 6",escofinas media caña,"[Y (25 cm) 15⁄sx"" 3⁄8"" 6",,165,198,alta,False,True
11247,LRM-6T,"Limas triángulo doble 58 dpp, con mango para ensamblar , en caja, ` (15 cm) 1⁄v"" 6","Limas triángulo doble 58 dpp, con mango para ensamblar , en caja","` (15 cm) 1⁄v"" 6",,67,198,alta,False,True
1125,kg,"Rodajas de hule, placa fija con balero, 2i|t"" (65) 35 87 12 95 × 66 6 12","Rodajas de hule, placa fija con balero","2i|t"" (65) 35 87 12 95 × 66 6 12",,105,550,baja,True,False
11256,MD-4HX,,"15% Marro demoledor, 4 lb, ma>6@ de madera de 1\"" (30 cm)",4 lb (1.8 kg),,290,279,media,True,False
1130,cm,"Calculadoras de escritorio Pluma Libreta ejecutiva Cuaderno profesional, 120",Calculadoras de escritorio Pluma Libreta ejecutiva Cuaderno profesional,120,,72,597,baja,True,False
1135,kg,"Rodajas de hule, placa fija con balero, 2"" (50) 25 72 8 67 × 49 6 12","Rodajas de hule, placa fija con balero","2"" (50) 25 72 8 67 × 49 6 12",,62,550,baja,True,False
1137,,Cajas para dinero,Cajas para dinero,,,,571,baja,True,False
11394,JBAV-5,,,,,145,64,media,True,False
11399,JBAV-10,,,,,320,64,media,True,False
1145,kg,"Rodajas de hule, placa fija con balero, 4"" (100) 35 130 10 105 × 84 4 12","Rodajas de hule, placa fija con balero","4"" (100) 35 130 10 105 × 84 4 12",,130,550,baja,True,False
11457,BROU-R2-58,"Brocas rectas de dos filos Brocas corte recto con balero, m|z (16 mm) jm|ut (20 mm)",Brocas rectas de dos filos Brocas corte recto con balero,m|z (16 mm) jm|ut (20 mm),,187,75,alta,False,True
1155,kg,"Rodajas de hule, placa fija con balero, 5"" (125) 35 152 12 95 × 66 4 24","Rodajas de hule, placa fija con balero","5"" (125) 35 152 12 95 × 66 4 24",,180,550,baja,True,False
1164,ii|xv,Brocas para metal en caja telescópica Brocas,Brocas para metal en caja telescópica Brocas,,,32,63,baja,True,False
11718,PRE-2,"Prensas de resorte », 1 (23 mm) 6 × 5 cm (2 3⁄8"" × 2"" ) 12",Prensas de resorte »,"1 (23 mm) 6 × 5 cm (2 3⁄8"" × 2"" ) 12",,14.50,311,alta,False,True
11719,PRE-3,"Prensas de resorte », 1 q⁄s6 (41 mm) 9 × 8 cm (3 1⁄2"" × 3"" ) 12",Prensas de resorte »,"1 q⁄s6 (41 mm) 9 × 8 cm (3 1⁄2"" × 3"" ) 12",,19,311,alta,False,True
11720,,,,172,,,,baja,True,False
11724,CDC-1915,"Ancho 19 mm, 1.5 m",Ancho 19 mm,1.5 m,,26,94,alta,False,True
11725,CDC-1950,"Ancho 19 mm, 5 m",Ancho 19 mm,5 m,,55,94,alta,False,True
11726,CDC-19100,"Ancho 19 mm, 10 m",Ancho 19 mm,10 m,,105,94,alta,False,True
11727,CDC-2550,Ancho 25 mm,Ancho 25 mm,5 m,,75,94,alta,False,True
11728,CDC-25100,"Ancho 25 mm, 10 m",Ancho 25 mm,10 m,,140,94,alta,False,True
11822,PLOM-16G,"Plomadas de latón tipo Guatemala, 450 g (16 oz) 45 × 45 mm",Plomadas de latón tipo Guatemala,450 g (16 oz) 45 × 45 mm,,340,313,alta,False,True
11823,PLOM-24G,"Plomadas de latón tipo Guatemala, 680 g (24 oz) 52 × 52 mm",Plomadas de latón tipo Guatemala,680 g (24 oz) 52 × 52 mm,,450,313,alta,False,True
11824,PLOM-32G,"Plomadas de latón tipo Guatemala, 910 g (32 oz) 60 × 60 mm",Plomadas de latón tipo Guatemala,910 g (32 oz) 60 × 60 mm,,600,313,alta,False,True
11848,PLOM-8L,"Plomadas de acero tipo trompo, 225 g (8 oz) 39 × 58 mm 36",Plomadas de acero tipo trompo,225 g (8 oz) 39 × 58 mm 36,,105,313,alta,False,True
11849,PLOM-16L,"Plomadas de acero tipo trompo, 450 g (16 oz) 52 × 69 mm 16",Plomadas de acero tipo trompo,450 g (16 oz) 52 × 69 mm 16,,137,313,alta,False,True
1200,PH0,"iguales , largo 2"" (50 mm) iguales , largo 3"" (75 mm)","iguales , largo 2"" (50 mm) iguales , largo 3"" (75 mm)",,,55,315,alta,False,True
1201,PH1,"iguales , largo 2"" (50 mm) iguales , largo 3"" (75 mm)","iguales , largo 2"" (50 mm) iguales , largo 3"" (75 mm)",,,55,315,alta,False,True
120160,Salida:,,VRD,,,5000,355,baja,True,False
1202,PH2,"iguales , largo 2"" (50 mm) iguales , largo 3"" (75 mm)","iguales , largo 2"" (50 mm) iguales , largo 3"" (75 mm)",,,55,315,alta,False,True
12020,cm,"Tensión 54 kg (120 lb), ancho 7.5 mm, Natural 10","Tensión 54 kg (120 lb), ancho 7.5 mm",Natural 10,,24,398,baja,True,False
1203,PH3,"iguales , largo 2"" (50 mm) iguales , largo 3"" (75 mm)","iguales , largo 2"" (50 mm) iguales , largo 3"" (75 mm)",,,55,315,alta,False,True
12030,cm,"Tensión 54 kg (120 lb), ancho 7.5 mm, Natural 10","Tensión 54 kg (120 lb), ancho 7.5 mm",Natural 10,,30,398,baja,True,False
1205,,punta,punta,,,105,127,baja,True,False
1206,,punta,punta,,,105,127,baja,True,False
12075,cm,"Tensión 54 kg (120 lb), ancho 7.5 mm, Natural 10","Tensión 54 kg (120 lb), ancho 7.5 mm",Natural 10,,77,398,baja,True,False
1208,,punta,punta,,,110,127,baja,True,False
1209,,"Dados cortos de 12 puntas, 120",Dados cortos de 12 puntas,120,,55,125,baja,True,False
1210,,"Dados largos de 12 puntas, 48",Dados largos de 12 puntas,48,,95,125,baja,True,False
12100,C-14X5,"Cinceles de corte frío, _ (13 cm) 1⁄v"" (6 mm) 12",Cinceles de corte frío,"_ (13 cm) 1⁄v"" (6 mm) 12",,42,92,alta,False,True
12103,C-516X6,"Cinceles de corte frío, ` (15 cm) 5⁄sx"" (8 mm) 12",Cinceles de corte frío,"` (15 cm) 5⁄sx"" (8 mm) 12",,42,92,alta,False,True
12106,C-38X6,"Cinceles de corte frío, ` (15 cm) 3⁄8"" (10 mm) 12",Cinceles de corte frío,"` (15 cm) 3⁄8"" (10 mm) 12",,46,92,alta,False,True
12107,CAB-200,"Refacciones para soldadoras inversoras, ue6o de ca0les con portaelectrodo y pinNa para tierra, conector r/pido k|z, \YY 6",Refacciones para soldadoras inversoras,"ue6o de ca0les con portaelectrodo y pinNa para tierra, conector r/pido k|z, \YY 6",,870,361,alta,False,True
12108,AN-SI-121620,"Refacciones para soldadoras inversoras, ntorc7a para proceso % con conector r/pido k|z 6",Refacciones para soldadoras inversoras,ntorc7a para proceso % con conector r/pido k|z 6,,1425,361,alta,False,True
12109,C-38X8,"Cinceles de corte frío, b (20 cm) 3⁄8"" (10 mm) 12",Cinceles de corte frío,"b (20 cm) 3⁄8"" (10 mm) 12",,58,92,alta,False,True
1211,,"Dados largos de 6 puntas, 48",Dados largos de 6 puntas,48,,90,125,baja,True,False
12110,PUL-4X6T,,,,,3350,230,media,True,False
12115,C-12X6,"Cinceles de corte frío, ` (15 cm) 1⁄2"" (13 mm) 6",Cinceles de corte frío,"` (15 cm) 1⁄2"" (13 mm) 6",,62,92,alta,False,True
12118,C-12X8,"Cinceles de corte frío, b (20 cm) 1⁄2"" (13 mm) 6",Cinceles de corte frío,"b (20 cm) 1⁄2"" (13 mm) 6",,77,92,alta,False,True
1212,L12,"Canaletas, 2 m, 12 × A 12 mm NA","Canaletas, 2 m",12 × A 12 mm NA,,21,381,alta,False,True
12121,,"Índice de, 92",Índice de,92,,,,baja,True,False
12124,,"Índice de, 92",Índice de,92,,,,baja,True,False
12127,C-58X6,"Cinceles de corte frío, ` (15 cm) 5⁄8"" (16 mm) 6",Cinceles de corte frío,"` (15 cm) 5⁄8"" (16 mm) 6",,62,92,alta,False,True
1213,,"Dados largos de 6 puntas, 48",Dados largos de 6 puntas,48,,90,125,baja,True,False
12130,C-58X8,"Cinceles de corte frío, b (20 cm) 5⁄8"" (16 mm) 6",Cinceles de corte frío,"b (20 cm) 5⁄8"" (16 mm) 6",,77,92,alta,False,True
12132,ROPI-420N9,,,,,130,297,media,True,False
12135,CALU-30,"Cintas de aluminio, 48 mm 30 m 6 36",Cintas de aluminio,48 mm 30 m 6 36,,205,94,alta,False,True
12137,CALU-50,"Cintas de aluminio, 48 mm 50 m 3 24",Cintas de aluminio,48 mm 50 m 3 24,,320,94,alta,False,True
12139,C-34X6,"Cinceles de corte frío, ` (15 cm) 3⁄v"" (19 mm) 6",Cinceles de corte frío,"` (15 cm) 3⁄v"" (19 mm) 6",,84,92,alta,False,True
1214,,"Dados largos de 6 puntas, 48",Dados largos de 6 puntas,48,,95,125,baja,True,False
12142,C-34X8,"Cinceles de corte frío, b (20 cm) 3⁄v"" (19 mm) 6",Cinceles de corte frío,"b (20 cm) 3⁄v"" (19 mm) 6",,98,92,alta,False,True
12148,Clave,"Cinceles ladrilleros, Largo Área de corte",Cinceles ladrilleros,Largo Área de corte,,,92,baja,True,False
1215,,"Dados largos de 6 puntas, 48",Dados largos de 6 puntas,48,,90,125,baja,True,False
12151,C-78X8,"Cinceles de corte frío, b (20 cm) o⁄8"" (22 mm) 6",Cinceles de corte frío,"b (20 cm) o⁄8"" (22 mm) 6",,130,92,alta,False,True
12157,CL-3-12X8,"Cinceles ladrilleros, b (20 cm) 3 1⁄2"" (89 mm) 4",Cinceles ladrilleros,"b (20 cm) 3 1⁄2"" (89 mm) 4",,219,92,alta,False,True
1216,,"Dados largos de 6 puntas, 48",Dados largos de 6 puntas,48,,95,125,baja,True,False
121620,ntorc7aparaproceso,"Refacciones para soldadoras inversoras, para proceso % con conector r/pido k|z 6",Refacciones para soldadoras inversoras,para proceso % con conector r/pido k|z 6,,1425,361,baja,True,False
12166,CL-2-34X10,"Cinceles ladrilleros, [Y (25 cm) 2 3⁄v"" (70 mm) 4",Cinceles ladrilleros,"[Y (25 cm) 2 3⁄v"" (70 mm) 4",,219,92,alta,False,True
1217,,"Dados largos de 6 puntas, 48",Dados largos de 6 puntas,48,,100,125,baja,True,False
12172,C-34X12G,"Cinceles de corte frío con grip, [\ (30 cm) 3⁄v"" (19 mm) 4",Cinceles de corte frío con grip,"[\ (30 cm) 3⁄v"" (19 mm) 4",,158,92,alta,False,True
12175,C-78X12G,"Cinceles de corte frío con grip, [\ (30 cm) o⁄8"" (22 mm) 4",Cinceles de corte frío con grip,"[\ (30 cm) o⁄8"" (22 mm) 4",,204,92,alta,False,True
1218,,"Dados largos de 6 puntas, 48",Dados largos de 6 puntas,48,,95,125,baja,True,False
12181,C-1X12G,"Cinceles de corte frío con grip, [\ (30 cm) 1"" (25 mm) 4",Cinceles de corte frío con grip,"[\ (30 cm) 1"" (25 mm) 4",,255,92,alta,False,True
12184,CL-2-34X10,"Cinceles ladrilleros, [Y (25 cm) 2 3⁄v"" (70 mm) 4",Cinceles ladrilleros,"[Y (25 cm) 2 3⁄v"" (70 mm) 4",,219,92,alta,False,True
12187,CL-2-34X10G,"Cinceles ladrilleros con grip, [Y (25 cm) 2 3⁄v"" (70 mm) 4",Cinceles ladrilleros con grip,"[Y (25 cm) 2 3⁄v"" (70 mm) 4",,262,92,alta,False,True
12190,CL-3-12X8,"Cinceles ladrilleros, b (20 cm) 3 1⁄2"" (89 mm) 4",Cinceles ladrilleros,"b (20 cm) 3 1⁄2"" (89 mm) 4",,219,92,alta,False,True
12193,CL-3-12X8G,"Cinceles ladrilleros con grip, b (20 cm) 3 1⁄2"" (89 mm) 4",Cinceles ladrilleros con grip,"b (20 cm) 3 1⁄2"" (89 mm) 4",,262,92,alta,False,True
1220,,"Dados largos de 6 puntas, 48",Dados largos de 6 puntas,48,,95,125,baja,True,False
1221,Latónbrillante,"Jaladeras metálicas línea Elipse Perilla cerámica blanca, brillante `^ ==",Jaladeras metálicas línea Elipse Perilla cerámica blanca,brillante `^ ==,,42,585,baja,True,False
12218,PUBAR-14,"Punzones para barrenar, 1⁄v"" 4 1⁄v""",Punzones para barrenar,"1⁄v"" 4 1⁄v""",,25,313,alta,False,True
12219,PUBAR-516,"Punzones para barrenar, 5⁄sx"" 4 5⁄8""",Punzones para barrenar,"5⁄sx"" 4 5⁄8""",,26,313,alta,False,True
1222,,"Dados largos de 6 puntas, 48",Dados largos de 6 puntas,48,,95,125,baja,True,False
12220,PUBAR-38,"Punzones para barrenar, 3⁄8"" 4 o⁄8""",Punzones para barrenar,"3⁄8"" 4 o⁄8""",,34,313,alta,False,True
12221,PUBAR-716,"Punzones para barrenar, o⁄sx"" 5 1⁄v""",Punzones para barrenar,"o⁄sx"" 5 1⁄v""",,42,313,alta,False,True
12222,PUBAR-12,"Punzones para barrenar, 1⁄2"" 5 1⁄2""",Punzones para barrenar,"1⁄2"" 5 1⁄2""",,55,313,alta,False,True
12223,PUBAR-58,"Punzones para barrenar, 5⁄8"" 6 1⁄8""",Punzones para barrenar,"5⁄8"" 6 1⁄8""",,76,313,alta,False,True
12224,PUMAR-14,"Punzones para marcar, 1⁄v"" 4 3⁄v"" 12",Punzones para marcar,"1⁄v"" 4 3⁄v"" 12",,25,313,alta,False,True
12225,PUMAR-516,"Punzones para marcar, 5⁄sx"" 5"" 12",Punzones para marcar,"5⁄sx"" 5"" 12",,26,313,alta,False,True
12226,PUMAR-38,"Punzones para marcar, 3⁄8"" 5 1⁄v"" 12",Punzones para marcar,"3⁄8"" 5 1⁄v"" 12",,34,313,alta,False,True
1223,Latónbrillante,"Jaladeras metálicas línea Elipse Perilla cerámica blanca, brillante [\b ==",Jaladeras metálicas línea Elipse Perilla cerámica blanca,brillante [\b ==,,56,585,baja,True,False
1224,,"Dados largos de 6 puntas, 48",Dados largos de 6 puntas,48,,105,125,baja,True,False
1225,,semiflexible precio por metro,semiflexible precio por metro,,,,501,baja,True,False
1226,,"Dados largos de 6 puntas, 48",Dados largos de 6 puntas,48,,109,125,baja,True,False
12273,C-1X10G,"Cinceles de corte frío con grip, [Y (25 cm) 1"" (25 mm) 4",Cinceles de corte frío con grip,"[Y (25 cm) 1"" (25 mm) 4",,225,92,alta,False,True
12274,C-78X10G,"Cinceles de corte frío con grip, [Y (25 cm) o⁄8"" (22 mm) 4",Cinceles de corte frío con grip,"[Y (25 cm) o⁄8"" (22 mm) 4",,200,92,alta,False,True
12275,C-34X10G,"Cinceles de corte frío con grip, [Y (25 cm) 3⁄v"" (19 mm) 4",Cinceles de corte frío con grip,"[Y (25 cm) 3⁄v"" (19 mm) 4",,152,92,alta,False,True
12276,C-1X8G,"Cinceles de corte frío con grip, b (20 cm) 1"" (25 mm) 4",Cinceles de corte frío con grip,"b (20 cm) 1"" (25 mm) 4",,185,92,alta,False,True
12278,C-34X8G,"Cinceles de corte frío con grip, b (20 cm) 3⁄v"" (19 mm) 4",Cinceles de corte frío con grip,"b (20 cm) 3⁄v"" (19 mm) 4",,130,92,alta,False,True
12337,BARBO,"Barboquejos para casco, Sin barbilla",Barboquejos para casco,Sin barbilla,,19,326,alta,False,True
12338,BARBO-B,"Barboquejos para casco, Con barbilla",Barboquejos para casco,Con barbilla,,26,326,alta,False,True
12355,CUNU-N,"Cubrenucas para casco, con reflejante, Naranja","Cubrenucas para casco, con reflejante",Naranja,,46,327,alta,False,True
12356,OAJ-C,,,,,375,326,media,True,False
1238,i|t,"Coples, 20 mm k|z 16 mm 4 120",Coples,20 mm k|z 16 mm 4 120,,105,501,baja,True,False
1240,FBO-2240X,"flexible trenzado de vinilo i|t"" k|z"" plásticolatón, 40 cm 36","flexible trenzado de vinilo i|t"" k|z"" plásticolatón",40 cm 36,,140,517,alta,False,True
1245,cm),"Matracas cabeza redonda , con disco, 36","Matracas cabeza redonda , con disco",36,,180,132,baja,True,False
12482,ESMA-9N3,"Esmeriladora 9"", 2,100 W","Esmeriladora 9"", 2,100 W",,,2350,233,alta,False,True
1249,,"Matracas de liberación rápida, cabeza de pera , sistema reversible, c \]1= 3","Matracas de liberación rápida, cabeza de pera , sistema reversible",c \]1= 3,,585,123,baja,True,False
1250,PILA-12X1,"cabeza plana cuadro + phillips, 1"" (25 mm) 100 48",cabeza plana cuadro + phillips,"1"" (25 mm) 100 48",,62,552,alta,False,True
1252,cm),"Matracas de liberación rápida, cabeza de pera sistema reversible, 36","Matracas de liberación rápida, cabeza de pera sistema reversible",36,,270,132,baja,True,False
12530,CIA-02N,"Tarjeta con 6 tiras antiderrapantes, 50 mm (2"") 80",Tarjeta con 6 tiras antiderrapantes,"50 mm (2"") 80",,62,95,alta,False,True
12532,CIA-25N,"Cintas antiderrapantes, en rollo, 50 mm (2"") 80 Negro","Cintas antiderrapantes, en rollo","50 mm (2"") 80 Negro",,180,95,alta,False,True
12533,CIA-25B,"Cintas antiderrapantes, en rollo, 50 mm (2"") 60 Blanco","Cintas antiderrapantes, en rollo","50 mm (2"") 60 Blanco",,180,95,alta,False,True
12542,CIA-15N,"Cintas antiderrapantes, en rollo, 25 mm (1"") 80 Negro","Cintas antiderrapantes, en rollo","25 mm (1"") 80 Negro",,96,95,alta,False,True
12543,CIA-15B,"Cintas antiderrapantes, en rollo, 25 mm (1"") 60 Blanco","Cintas antiderrapantes, en rollo","25 mm (1"") 60 Blanco",,96,95,alta,False,True
12550,CCA-40,"Cintas para empaque, 48 mm de ancho Cintas para empaque, 48 mm de ancho Cinta impresa para empaque FRÁGIL , 48 mm de ancho, 40 m 12","Cintas para empaque, 48 mm de ancho Cintas para empaque, 48 mm de ancho Cinta impresa para empaque FRÁGIL , 48 mm de ancho",40 m 12,,24,93,alta,False,True
12551,CTR-40,"Cintas para empaque, 48 mm de ancho Cintas para empaque, 48 mm de ancho Cinta impresa para empaque FRÁGIL , 48 mm de ancho, 40 m 12","Cintas para empaque, 48 mm de ancho Cintas para empaque, 48 mm de ancho Cinta impresa para empaque FRÁGIL , 48 mm de ancho",40 m 12,,24,93,alta,False,True
12554,CCA-50,"Cintas para empaque, 48 mm de ancho Cintas para empaque, 48 mm de ancho Cinta impresa para empaque FRÁGIL , 48 mm de ancho, 50 m 12","Cintas para empaque, 48 mm de ancho Cintas para empaque, 48 mm de ancho Cinta impresa para empaque FRÁGIL , 48 mm de ancho",50 m 12,,29,93,alta,False,True
12555,CTR-50,"Cintas para empaque, 48 mm de ancho Cintas para empaque, 48 mm de ancho Cinta impresa para empaque FRÁGIL , 48 mm de ancho, 50 m 12","Cintas para empaque, 48 mm de ancho Cintas para empaque, 48 mm de ancho Cinta impresa para empaque FRÁGIL , 48 mm de ancho",50 m 12,,29,93,alta,False,True
12556,CCA-150,"Cintas para empaque, 48 mm de ancho Cintas para empaque, 48 mm de ancho Cinta impresa para empaque FRÁGIL , 48 mm de ancho, 150 m 6","Cintas para empaque, 48 mm de ancho Cintas para empaque, 48 mm de ancho Cinta impresa para empaque FRÁGIL , 48 mm de ancho",150 m 6,,75,93,alta,False,True
12557,CTR-150,"Cintas para empaque, 48 mm de ancho Cintas para empaque, 48 mm de ancho Cinta impresa para empaque FRÁGIL , 48 mm de ancho, 150 m 6","Cintas para empaque, 48 mm de ancho Cintas para empaque, 48 mm de ancho Cinta impresa para empaque FRÁGIL , 48 mm de ancho",150 m 6,,75,93,alta,False,True
12559,DESP-CE,"Despachador de cinta para empaque, 2",Despachador de cinta para empaque,2,,270,93,alta,False,True
12586,CDU-10X,"Cintas para ducto Cintas para ducto, 10 m 6 60",Cintas para ducto Cintas para ducto,10 m 6 60,,39,92,alta,False,True
12587,CDU-30X,"Cintas para ducto Cintas para ducto, 30 m 4 40",Cintas para ducto Cintas para ducto,30 m 4 40,,118,92,alta,False,True
12588,CDU-50X,"Cintas para ducto Cintas para ducto, 50 m 4 40",Cintas para ducto Cintas para ducto,50 m 4 40,,180,92,alta,False,True
12589,MSK-12,"uso general, 50 m 3, 12 mm","uso general, 50 m 3",12 mm,,24,93,alta,False,True
12590,MSK-34,"uso general, 50 m 3, 18 mm","uso general, 50 m 3",18 mm,,35,93,alta,False,True
12591,MSK-1,"uso general, 50 m 3, 24 mm","uso general, 50 m 3",24 mm,,43,93,alta,False,True
12592,MSK-1-12,"uso general, 50 m 3, 36 mm","uso general, 50 m 3",36 mm,,66,93,alta,False,True
12593,MSK-2,"uso general, 50 m 3, 48 mm","uso general, 50 m 3",48 mm,,88,93,alta,False,True
1260,FBO-2260X,"flexible trenzado de vinilo i|t"" k|z"" plásticolatón, 60 cm 36","flexible trenzado de vinilo i|t"" k|z"" plásticolatón",60 cm 36,,160,517,alta,False,True
12611,CALU-10,"Cintas de aluminio, 48 mm 10 m 6 36",Cintas de aluminio,48 mm 10 m 6 36,,79,94,alta,False,True
12620,MSK-12A,"azules para pintor, 50 m 14, 12mm 24","azules para pintor, 50 m 14",12mm 24,,42,93,alta,False,True
12621,MSK-34A,"azules para pintor, 50 m 14, 18mm 24","azules para pintor, 50 m 14",18mm 24,,66,93,alta,False,True
12622,MSK-1A,"azules para pintor, 50 m 14, 24mm 24","azules para pintor, 50 m 14",24mm 24,,83,93,alta,False,True
12623,MSK-1-12A,"azules para pintor, 50 m 14, 36 mm 12","azules para pintor, 50 m 14",36 mm 12,,125,93,alta,False,True
12624,MSK-2A,"azules para pintor, 50 m 14, 48mm 12","azules para pintor, 50 m 14",48mm 12,,160,93,alta,False,True
12625,BOS-1LM,,"Bombas para agua limpia, F8B@ 0a<a 4""","1 HP 12 A 40 m [`Y /=in 1 1⁄2"" NPT 2.5 mm 4",,3650,47,media,True,False
12626,BOS-1-12LM,,"Bombas para agua limpia, F8B@ 0a<a 4""","1 1⁄2 HP 15.5 A 60 m [`Y /=in 1 1⁄2"" NPT 2 .5 mm 6",,4400,47,media,True,False
12627,BOS-2LM,,"Bombas para agua limpia, F8B@ 0a<a 4""","2 HP 20 A 80 m [`Y /=in 1 1⁄2"" NPT 2 .5 mm 8",,5000,47,media,True,False
1266,mm,"Extensiones, 9 mm","Extensiones, 9 mm",,,325,128,baja,True,False
1267,mm,"Extensiones, 9 mm","Extensiones, 9 mm",,,380,128,baja,True,False
1268,mm,"Extensiones, 9 mm","Extensiones, 9 mm",,,400,128,baja,True,False
12682,ST-832,"Discos sierra para madera , para sierras circulares, ]\ 7,500 rpm &so 6eneral","Discos sierra para madera , para sierras circulares","]\ 7,500 rpm &so 6eneral",,315,156,alta,False,True
12683,ST-1080,,,"80 6,500 rpm Corte extra fino",,760,157,media,True,False
12684,,"código contra página, 157",código contra página,157,,,,baja,True,False
12685,ST-1280A,,,"bY 5,500 rpm Ltra 5ino",,960,156,media,True,False
12686,ST-12100A,,,"[YY 5,500 rpm Ltra 5ino",,1150,156,media,True,False
12698,Hojadeacero,"Cortador de ramas con mango telescópico de fibra de vidrio y aluminio, de acero",Cortador de ramas con mango telescópico de fibra de vidrio y aluminio,de acero,,,374,baja,True,False
1270,mm,"Extensiones, 9 mm","Extensiones, 9 mm",,,465,128,baja,True,False
1272,,"Matracas de liberación rápida, sistema reversible, mango plano, [Y \_1=","Matracas de liberación rápida, sistema reversible, mango plano",[Y \_1=,,625,123,baja,True,False
12738,BAV-332-B,"para metal en blíster, 2 1 i|v k|ut 10",para metal en blíster,2 1 i|v k|ut 10,,22,63,alta,False,True
12739,BAV-764-B,"para metal en blíster, 3 1 q|sx o|xv 10",para metal en blíster,3 1 q|sx o|xv 10,,22,63,alta,False,True
12740,BAV-18-B,"para metal en blíster, 3 1 i|t i|z 10",para metal en blíster,3 1 i|t i|z 10,,22,63,alta,False,True
12741,BAV-964-B,"para metal en blíster, 3 1 m|z q|xv 10",para metal en blíster,3 1 m|z q|xv 10,,26,63,alta,False,True
12742,BAV-532-B,"para metal en blíster, 3 1 k|v m|ut 10",para metal en blíster,3 1 k|v m|ut 10,,30,63,alta,False,True
12743,BAV-1164-B,"para metal en blíster, 3 2 ii|xv 10",para metal en blíster,3 2 ii|xv 10,,35,63,alta,False,True
12774,,,,172,,,,baja,True,False
12784,,,,230,,,,baja,True,False
12785,,,,230,,,,baja,True,False
12793,ROTI-12AC,"Herramienta, 1 batería de 2 Ah y cargador","Herramienta, 1 batería de 2 Ah y cargador",,,850,263,alta,False,True
1280,FBO-2280X,"flexible trenzado de vinilo i|t"" k|z"" plásticolatón, 80 cm 36","flexible trenzado de vinilo i|t"" k|z"" plásticolatón",80 cm 36,,175,517,alta,False,True
1284,C-364-PI,"para desbaste, 3 m|ut Copas para desbaste, 5","para desbaste, 3 m|ut Copas para desbaste, 5",,,390,151,alta,False,True
12872,ESMA-4590N,"Esmeriladora 4 i|t"", 950 W","Esmeriladora 4 i|t"", 950 W",,,1395,233,alta,False,True
12873,ESMA-4512N,"Esmeriladora 4 i|t"", 1,250 W","Esmeriladora 4 i|t"", 1,250 W",,,1645,233,alta,False,True
1289,PILA-12X2-12,"cabeza plana cuadro + phillips, 2i|t"" (65 mm) 100 18",cabeza plana cuadro + phillips,"2i|t"" (65 mm) 100 18",,135,552,alta,False,True
1290,»cYY,,AGM ater9as selladas Blomo»/cido¯ 12 V,c 7 15 × 7 × 9 cm,VOLTECK,510,412,baja,True,False
1292,,"para desbaste, 3 m|ut Copas para desbaste, 5, 36","para desbaste, 3 m|ut Copas para desbaste, 5",36,,315,151,baja,True,False
1294,,"para desbaste, 3 m|ut Copas para desbaste, 5, 60","para desbaste, 3 m|ut Copas para desbaste, 5",60,,315,151,baja,True,False
12983,LARE-300,"Lámpara LED plástica reflectora, recargable , 300 lm, 350 g","Lámpara LED plástica reflectora, recargable , 300 lm",350 g,,760,200,alta,False,True
1300,PH0,"Estuches con 5 puntas de cruz iguales , largo 3"" (75 mm)","Estuches con 5 puntas de cruz iguales , largo 3"" (75 mm)",,,72,315,alta,False,True
1301,PH1,"Estuches con 5 puntas de cruz iguales , largo 3"" (75 mm)","Estuches con 5 puntas de cruz iguales , largo 3"" (75 mm)",,,72,315,alta,False,True
13019,LIPLA-180180lm,,,180 lm 225 g 200 m 21 × 6 cm 2 D,,240,200,baja,True,False
1302,PH2,"Estuches con 5 puntas de cruz iguales , largo 3"" (75 mm)","Estuches con 5 puntas de cruz iguales , largo 3"" (75 mm)",,,72,315,alta,False,True
130200,,,VRD,,,5600,355,baja,True,False
130210,oCuilla,"Refacciones para soldadoras inversoras, Y®Y]Y para antorc7a proceso 6",Refacciones para soldadoras inversoras,Y®Y]Y para antorc7a proceso 6,,79,361,baja,True,False
1303,PH3,"Estuches con 5 puntas de cruz iguales , largo 3"" (75 mm)","Estuches con 5 puntas de cruz iguales , largo 3"" (75 mm)",,,72,315,alta,False,True
13050,CU-34,"Cuñas hexagonales Cinceles ladrilleros con grip para concreto, 31 cm k|v (19 mm) 3",Cuñas hexagonales Cinceles ladrilleros con grip para concreto,31 cm k|v (19 mm) 3,,77,92,alta,False,True
13053,CU-78,"Cuñas hexagonales Cinceles ladrilleros con grip para concreto, 36 cm o|z (22 mm) 3",Cuñas hexagonales Cinceles ladrilleros con grip para concreto,36 cm o|z (22 mm) 3,,118,92,alta,False,True
13056,CU-1,"Cuñas hexagonales Cinceles ladrilleros con grip para concreto, 40 cm [ (25 mm) 3",Cuñas hexagonales Cinceles ladrilleros con grip para concreto,40 cm [ (25 mm) 3,,180,92,alta,False,True
13059,CU-1-14,"Cuñas hexagonales Cinceles ladrilleros con grip para concreto, 51 cm [ i|v (32 mm) 3",Cuñas hexagonales Cinceles ladrilleros con grip para concreto,51 cm [ i|v (32 mm) 3,,325,92,alta,False,True
13062,CU-1-12,"Cuñas hexagonales Cinceles ladrilleros con grip para concreto, 62 cm [ i|t (38 mm) 3",Cuñas hexagonales Cinceles ladrilleros con grip para concreto,62 cm [ i|t (38 mm) 3,,575,92,alta,False,True
1311,Níquelsatinado96,"Jaladeras metálicas línea Oviedo, satinado c` ==",Jaladeras metálicas línea Oviedo,satinado c` ==,,48,585,baja,True,False
1312,Níquelsatinado128,"Jaladeras metálicas línea Oviedo, satinado [\b ==",Jaladeras metálicas línea Oviedo,satinado [\b ==,,58,585,baja,True,False
13137,MASU-35,"Martillo con caras suaves intercambiables, Truper Grip, 11 oz 1 3⁄8"" [[ (28 cm) 40","Martillo con caras suaves intercambiables, Truper Grip","11 oz 1 3⁄8"" [[ (28 cm) 40",TRUPER,380,281,alta,False,True
13138,REP-MASU35,"Martillo con caras suaves intercambiables, Truper Grip, NA 1 3⁄8"" NA 72","Martillo con caras suaves intercambiables, Truper Grip","NA 1 3⁄8"" NA 72",TRUPER,65,281,alta,False,True
13153,D-1405,Cortos de 6 puntas,Cortos de 6 puntas,,,30,124,alta,False,True
13154,D-1406,Cortos de 6 puntas,Cortos de 6 puntas,,,30,124,alta,False,True
13155,D-1407,Cortos de 6 puntas,Cortos de 6 puntas,,,30,124,alta,False,True
13156,D-1408,Cortos de 6 puntas,Cortos de 6 puntas,,,30,124,alta,False,True
13157,D-1409,Cortos de 6 puntas,Cortos de 6 puntas,,,30,124,alta,False,True
13158,D-1410,Cortos de 6 puntas,Cortos de 6 puntas,,,30,124,alta,False,True
13159,D-1411,Cortos de 6 puntas,Cortos de 6 puntas,,,33,124,alta,False,True
1316,i|t,"Mangos para martillos de uña Mango para mini picos de jardín, (34 cm) MO-16 MOR-16",Mangos para martillos de uña Mango para mini picos de jardín,(34 cm) MO-16 MOR-16,,43,223,baja,True,False
13160,D-1412,Cortos de 6 puntas,Cortos de 6 puntas,,,33,124,alta,False,True
13161,D-1414,Cortos de 6 puntas,Cortos de 6 puntas,,,34,124,alta,False,True
13162,D-1416,Cortos de 6 puntas,Cortos de 6 puntas,,,35,124,alta,False,True
13165,CUNU-V,"Cubrenucas para casco, con reflejante, Verde","Cubrenucas para casco, con reflejante",Verde,,46,327,alta,False,True
13182,D-1408-L,Largos de 6 puntas,Largos de 6 puntas,,,42,124,alta,False,True
13183,D-1409-L,Largos de 6 puntas,Largos de 6 puntas,,,42,124,alta,False,True
13184,D-1410-L,Largos de 6 puntas,Largos de 6 puntas,,,42,124,alta,False,True
13185,D-1411-L,Largos de 6 puntas,Largos de 6 puntas,,,46,124,alta,False,True
13186,D-1412-L,Largos de 6 puntas,Largos de 6 puntas,,,46,124,alta,False,True
13187,D-1414-L,Largos de 6 puntas,Largos de 6 puntas,,,46,124,alta,False,True
13188,D-1416-L,Largos de 6 puntas,Largos de 6 puntas,,,48,124,alta,False,True
1321,Latónbrillante,"Jaladeras metálicas línea Oviedo, brillante c` ==",Jaladeras metálicas línea Oviedo,brillante c` ==,,48,585,baja,True,False
1322,Latónbrillante,"Jaladeras metálicas línea Oviedo, brillante [\b ==",Jaladeras metálicas línea Oviedo,brillante [\b ==,,58,585,baja,True,False
13226,N-4770,"Nudos universales y nudos universales, 7 piezas, 1k|z"" (4 1=)","Nudos universales y nudos universales, 7 piezas","1k|z"" (4 1=)",,85,127,alta,False,True
1323,,Tenaza para azulejo mangos Comfort Grip,Tenaza para azulejo mangos Comfort Grip,,,,367,baja,True,False
13230,D-1212-H,Dados cortos de 6 puntas,Dados cortos de 6 puntas,,,55,125,alta,False,True
13231,D-1214-H,Dados cortos de 6 puntas,Dados cortos de 6 puntas,,,55,125,alta,False,True
13232,D-1216-H,Dados cortos de 6 puntas,Dados cortos de 6 puntas,,,55,125,alta,False,True
13233,D-1218-H,"Dados cortos de 6 puntas, 120",Dados cortos de 6 puntas,120,,55,125,alta,False,True
13234,D-1220-H,Dados cortos de 6 puntas,Dados cortos de 6 puntas,,,55,125,alta,False,True
13235,D-1222-H,Dados cortos de 6 puntas,Dados cortos de 6 puntas,,,60,125,alta,False,True
13236,D-1224-H,Dados cortos de 6 puntas,Dados cortos de 6 puntas,,,60,125,alta,False,True
13237,D-1226-H,Dados cortos de 6 puntas,Dados cortos de 6 puntas,,,66,125,alta,False,True
13238,,,,125,,,,baja,True,False
13239,,,,125,,,,baja,True,False
1324,kg,"Rodaja de hule, espiga roscada con balero, 4 (100) 25 162 11 × 34","Rodaja de hule, espiga roscada con balero",4 (100) 25 162 11 × 34,,152,550,baja,True,False
13240,,,,125,,,,baja,True,False
13241,,,,125,,,,baja,True,False
13242,,,,125,,,,baja,True,False
13251,D-1241-14,"Dados punta larga bristol Dados punta corta bristol, 21 mm 55 mm",Dados punta larga bristol Dados punta corta bristol,21 mm 55 mm,,87,127,alta,False,True
13252,D-1241-516,"Dados punta larga bristol Dados punta corta bristol, 21 mm 55 mm",Dados punta larga bristol Dados punta corta bristol,21 mm 55 mm,,87,127,alta,False,True
13253,D-1241-38,"Dados punta larga bristol Dados punta corta bristol, 21 mm 55 mm",Dados punta larga bristol Dados punta corta bristol,21 mm 55 mm,,87,127,alta,False,True
13254,D-1241-716,"Dados punta larga bristol Dados punta corta bristol, 21 mm 55 mm",Dados punta larga bristol Dados punta corta bristol,21 mm 55 mm,,96,127,alta,False,True
13255,D-1241-12,"Dados punta larga bristol Dados punta corta bristol, 21 mm 55 mm",Dados punta larga bristol Dados punta corta bristol,21 mm 55 mm,,105,127,alta,False,True
13256,D-1241-916,"Dados punta larga bristol Dados punta corta bristol, 21 mm 55 mm",Dados punta larga bristol Dados punta corta bristol,21 mm 55 mm,,105,127,alta,False,True
13257,D-1241-58,"Dados punta larga bristol Dados punta corta bristol, 21 mm 55 mm",Dados punta larga bristol Dados punta corta bristol,21 mm 55 mm,,152,127,alta,False,True
13260,D-1210-M,"Dados cortos de 6 puntas, 120",Dados cortos de 6 puntas,120,,55,125,alta,False,True
13261,D-1211-M,"Dados cortos de 6 puntas, 120",Dados cortos de 6 puntas,120,,55,125,alta,False,True
13262,D-1212-M,"Dados cortos de 6 puntas, 120",Dados cortos de 6 puntas,120,,55,125,alta,False,True
13263,D-1213-M,"Dados cortos de 6 puntas, 120",Dados cortos de 6 puntas,120,,55,125,alta,False,True
13264,D-1214-M,"Dados cortos de 6 puntas, 120",Dados cortos de 6 puntas,120,,55,125,alta,False,True
13265,D-1215-M,"Dados cortos de 6 puntas, 120",Dados cortos de 6 puntas,120,,55,125,alta,False,True
13266,D-1216-M,"Dados cortos de 6 puntas, 120",Dados cortos de 6 puntas,120,,55,125,alta,False,True
13267,D-1217-M,"Dados cortos de 6 puntas, 120",Dados cortos de 6 puntas,120,,59,125,alta,False,True
13268,D-1218-M,"Dados cortos de 6 puntas, 120",Dados cortos de 6 puntas,120,,66,125,alta,False,True
13299,D-1210,"Dados cortos de 12 puntas, 120",Dados cortos de 12 puntas,120,,55,125,alta,False,True
13300,D-1212,"Dados cortos de 12 puntas, 120",Dados cortos de 12 puntas,120,,55,125,alta,False,True
13301,D-1214,"Dados cortos de 12 puntas, 120",Dados cortos de 12 puntas,120,,55,125,alta,False,True
13302,D-1216,"Dados cortos de 12 puntas, 120",Dados cortos de 12 puntas,120,,55,125,alta,False,True
13303,D-1218,"Dados cortos de 12 puntas, 120",Dados cortos de 12 puntas,120,,55,125,alta,False,True
13304,D-1220,"Dados cortos de 12 puntas, 120",Dados cortos de 12 puntas,120,,55,125,alta,False,True
13305,D-1222,"Dados cortos de 12 puntas, 120",Dados cortos de 12 puntas,120,,60,125,alta,False,True
13306,D-1224,"Dados cortos de 12 puntas, 120",Dados cortos de 12 puntas,120,,60,125,alta,False,True
13307,D-1226,"Dados cortos de 12 puntas, 72",Dados cortos de 12 puntas,72,,66,125,alta,False,True
13323,D-1212-HL,"Dados largos de 6 puntas, 48",Dados largos de 6 puntas,48,,95,125,alta,False,True
13324,D-1214-HL,"Dados largos de 6 puntas, 48",Dados largos de 6 puntas,48,,95,125,alta,False,True
13325,D-1216-HL,"Dados largos de 6 puntas, 48",Dados largos de 6 puntas,48,,95,125,alta,False,True
13326,D-1218-HL,"Dados largos de 6 puntas, 48",Dados largos de 6 puntas,48,,95,125,alta,False,True
13327,D-1220-HL,"Dados largos de 6 puntas, 48",Dados largos de 6 puntas,48,,95,125,alta,False,True
13328,D-1222-HL,"Dados largos de 6 puntas, 48",Dados largos de 6 puntas,48,,95,125,alta,False,True
13329,D-1224-HL,"Dados largos de 6 puntas, 48",Dados largos de 6 puntas,48,,105,125,alta,False,True
13330,D-1226-HL,"Dados largos de 6 puntas, 48",Dados largos de 6 puntas,48,,109,125,alta,False,True
13331,,,,125,,,,baja,True,False
13332,,,,125,,,,baja,True,False
13333,,,,125,,,,baja,True,False
13350,D-1210-ML,"Dados largos de 6 puntas, 48",Dados largos de 6 puntas,48,,90,125,alta,False,True
13351,D-1211-ML,"Dados largos de 6 puntas, 48",Dados largos de 6 puntas,48,,90,125,alta,False,True
13352,D-1212-ML,"Dados largos de 6 puntas, 48",Dados largos de 6 puntas,48,,90,125,alta,False,True
13353,D-1213-ML,"Dados largos de 6 puntas, 48",Dados largos de 6 puntas,48,,90,125,alta,False,True
13354,D-1214-ML,"Dados largos de 6 puntas, 48",Dados largos de 6 puntas,48,,90,125,alta,False,True
13355,D-1215-ML,"Dados largos de 6 puntas, 48",Dados largos de 6 puntas,48,,90,125,alta,False,True
13356,D-1216-ML,"Dados largos de 6 puntas, 48",Dados largos de 6 puntas,48,,90,125,alta,False,True
13357,D-1217-ML,"Dados largos de 6 puntas, 48",Dados largos de 6 puntas,48,,100,125,alta,False,True
13358,D-1218-ML,"Dados largos de 6 puntas, 48",Dados largos de 6 puntas,48,,100,125,alta,False,True
13360,D-1216-EL,"Dados largos de 12 puntas, 48",Dados largos de 12 puntas,48,,95,125,alta,False,True
13361,D-1218-EL,"Dados largos de 12 puntas, 48",Dados largos de 12 puntas,48,,95,125,alta,False,True
13362,D-1220-EL,"Dados largos de 12 puntas, 48",Dados largos de 12 puntas,48,,95,125,alta,False,True
13363,D-1222-EL,"Dados largos de 12 puntas, 48",Dados largos de 12 puntas,48,,95,125,alta,False,True
13364,D-1224-EL,"Dados largos de 12 puntas, 48",Dados largos de 12 puntas,48,,105,125,alta,False,True
13365,D-1220-50L,Dado de 6 puntas para bujía,Dado de 6 puntas para bujía,,,87,126,alta,False,True
13366,D-1226-HPAL,"Dado de 6 puntas para bujía, base hexagonal","Dado de 6 puntas para bujía, base hexagonal",,,109,126,alta,False,True
13367,D-1226-EL,"Dados largos de 12 puntas, 48",Dados largos de 12 puntas,48,,109,125,alta,False,True
13417,A-5256,"Nudos universales y nudos universales, 7 piezas, H M 1i|ut"" (3 1=)","Nudos universales y nudos universales, 7 piezas","H M 1i|ut"" (3 1=)",,47,127,alta,False,True
13420,A-5253,"Nudos universales y nudos universales, 7 piezas, H M 1i|t"" (4 1=)","Nudos universales y nudos universales, 7 piezas","H M 1i|t"" (4 1=)",,66,127,alta,False,True
13422,A-5254,"Nudos universales y nudos universales, 7 piezas, H M 1i|t"" (4 1=)","Nudos universales y nudos universales, 7 piezas","H M 1i|t"" (4 1=)",,95,127,alta,False,True
13423,A-5255,"Nudos universales y nudos universales, 7 piezas, H M 1"" (2®5 1=)","Nudos universales y nudos universales, 7 piezas","H M 1"" (2®5 1=)",,51,127,alta,False,True
13424,A-5453,"Nudos universales y nudos universales, 7 piezas, H M 2"" (5 1=)","Nudos universales y nudos universales, 7 piezas","H M 2"" (5 1=)",,185,127,alta,False,True
13426,A-5653,"Nudos universales y nudos universales, 7 piezas, H M 2"" (5 1=)","Nudos universales y nudos universales, 7 piezas","H M 2"" (5 1=)",,165,127,alta,False,True
13428,N-5470,"Nudos universales y nudos universales, 7 piezas, 2i|v"" (6 1=)","Nudos universales y nudos universales, 7 piezas","2i|v"" (6 1=)",,145,127,alta,False,True
13434,D-543920-W,Dados punta bristol,Dados punta bristol,,,87,127,alta,False,True
13435,D-543925-W,Dados punta bristol,Dados punta bristol,,,87,127,alta,False,True
13436,D-543930-W,Dados punta bristol,Dados punta bristol,,,87,127,alta,False,True
13437,D-543940-W,Dados punta bristol,Dados punta bristol,,,87,127,alta,False,True
13438,D-543945-W,Dados punta bristol,Dados punta bristol,,,87,127,alta,False,True
13439,D-543950-W,Dados punta bristol,Dados punta bristol,,,87,127,alta,False,True
13440,D-543955-W,Dados punta bristol,Dados punta bristol,,,87,127,alta,False,True
13448,LIBA-3X21A2,,,Lijadora 1,,1710,248,media,True,False
13463,D-4990-316,"hexagonal, 21 mm 47 mm",hexagonal,21 mm 47 mm,,47,127,alta,False,True
13464,D-4990-732,"hexagonal, 21 mm 47 mm",hexagonal,21 mm 47 mm,,47,127,alta,False,True
13465,D-4990-14,"hexagonal, 21 mm 47 mm",hexagonal,21 mm 47 mm,,47,127,alta,False,True
13466,D-4990-516,"hexagonal, 21 mm 47 mm",hexagonal,21 mm 47 mm,,55,127,alta,False,True
13467,D-4990-38,"hexagonal, 21 mm 47 mm",hexagonal,21 mm 47 mm,,55,127,alta,False,True
1350,LA-H1500P2,,30X,,TRUPER,1150,185,media,True,False
13523,D-1209-EM,"Dados cortos de 12 puntas, 120",Dados cortos de 12 puntas,120,,55,125,alta,False,True
13524,D-1210-EM,"Dados cortos de 12 puntas, 120",Dados cortos de 12 puntas,120,,55,125,alta,False,True
13525,D-1211-EM,"Dados cortos de 12 puntas, 120",Dados cortos de 12 puntas,120,,55,125,alta,False,True
13526,D-1212-EM,"Dados cortos de 12 puntas, 120",Dados cortos de 12 puntas,120,,55,125,alta,False,True
13527,D-1213-EM,"Dados cortos de 12 puntas, 120",Dados cortos de 12 puntas,120,,55,125,alta,False,True
13528,D-1214-EM,"Dados cortos de 12 puntas, 120",Dados cortos de 12 puntas,120,,55,125,alta,False,True
13529,D-1215-EM,"Dados cortos de 12 puntas, 120",Dados cortos de 12 puntas,120,,55,125,alta,False,True
13530,D-1216-EM,"Dados cortos de 12 puntas, 120",Dados cortos de 12 puntas,120,,55,125,alta,False,True
13531,D-1217-EM,"Dados cortos de 12 puntas, 120",Dados cortos de 12 puntas,120,,59,125,alta,False,True
13532,D-1218-EM,"Dados cortos de 12 puntas, 120",Dados cortos de 12 puntas,120,,66,125,alta,False,True
13533,,,,125,,,,baja,True,False
13534,,,,125,,,,baja,True,False
13535,,,,125,,,,baja,True,False
13536,,,,125,,,,baja,True,False
13537,,,,125,,,,baja,True,False
13538,,,,125,,,,baja,True,False
13539,,,,125,,,,baja,True,False
13540,,,,125,,,,baja,True,False
13569,D-523915-W,punta torx,punta torx,,,51,127,alta,False,True
13570,D-523920-W,punta torx,punta torx,,,51,127,alta,False,True
13571,D-523925-W,punta torx,punta torx,,,51,127,alta,False,True
13572,D-523927-W,punta torx,punta torx,,,51,127,alta,False,True
13573,D-523930-W,punta torx,punta torx,,,51,127,alta,False,True
13574,D-523940-W,punta torx,punta torx,,,51,127,alta,False,True
13575,D-523945-W,punta torx,punta torx,,,55,127,alta,False,True
13576,D-523950-W,punta torx,punta torx,,,55,127,alta,False,True
13577,D-523955-W,punta torx,punta torx,,,58,127,alta,False,True
13578,D-523960-W,punta torx,punta torx,,,62,127,alta,False,True
13580,D-3808,Cortos de 12 puntas,Cortos de 12 puntas,,,36,124,alta,False,True
13581,D-3810,Cortos de 12 puntas,Cortos de 12 puntas,,,36,124,alta,False,True
13582,D-3812,Cortos de 12 puntas,Cortos de 12 puntas,,,36,124,alta,False,True
13583,D-3814,Cortos de 12 puntas,Cortos de 12 puntas,,,36,124,alta,False,True
13584,D-3816,Cortos de 12 puntas,Cortos de 12 puntas,,,36,124,alta,False,True
13585,D-3818,Cortos de 12 puntas,Cortos de 12 puntas,,,38,124,alta,False,True
13586,D-3820,Cortos de 12 puntas,Cortos de 12 puntas,,,40,124,alta,False,True
13587,D-3822,Cortos de 12 puntas,Cortos de 12 puntas,,,46,124,alta,False,True
13588,D-3824,Cortos de 12 puntas,Cortos de 12 puntas,,,55,124,alta,False,True
13589,D-3826,Cortos de 12 puntas,Cortos de 12 puntas,,,60,124,alta,False,True
13601,LL-2008X,"Llaves combinadas pulidas con matraca Llaves combinadas pulidas con cabeza articulada y matraca, i|v 125 mm 72 3",Llaves combinadas pulidas con matraca Llaves combinadas pulidas con cabeza articulada y matraca,i|v 125 mm 72 3,,109,214,alta,False,True
13602,LL-2026X,"Llaves combinadas pulidas con matraca Llaves combinadas pulidas con cabeza articulada y matraca, ik|sx 288 mm 120 3",Llaves combinadas pulidas con matraca Llaves combinadas pulidas con cabeza articulada y matraca,ik|sx 288 mm 120 3,,262,214,alta,False,True
13605,D-3808-H,Cortos de 6 puntas,Cortos de 6 puntas,,,36,124,alta,False,True
13606,D-3810-H,Cortos de 6 puntas,Cortos de 6 puntas,,,36,124,alta,False,True
13607,D-3812-H,Cortos de 6 puntas,Cortos de 6 puntas,,,36,124,alta,False,True
13608,D-3814-H,Cortos de 6 puntas,Cortos de 6 puntas,,,36,124,alta,False,True
13609,D-3816-H,Cortos de 6 puntas,Cortos de 6 puntas,,,36,124,alta,False,True
1361,Negromate,"Jaladeras metálicas línea Oviedo, mate c` ==",Jaladeras metálicas línea Oviedo,mate c` ==,,48,585,baja,True,False
13610,D-3818-H,Cortos de 6 puntas,Cortos de 6 puntas,,,38,124,alta,False,True
13611,D-3820-H,Cortos de 6 puntas,Cortos de 6 puntas,,,40,124,alta,False,True
13612,D-3822-H,Cortos de 6 puntas,Cortos de 6 puntas,,,46,124,alta,False,True
13613,D-3824-H,Cortos de 6 puntas,Cortos de 6 puntas,,,55,124,alta,False,True
13614,D-3826-H,Cortos de 6 puntas,Cortos de 6 puntas,,,60,124,alta,False,True
13618,LL-2018XF,"Llaves combinadas pulidas con cabeza articulada y matraca, q|sx 181 mm 90 3",Llaves combinadas pulidas con cabeza articulada y matraca,q|sx 181 mm 90 3,,262,214,alta,False,True
1362,Negromate,"Jaladeras metálicas línea Oviedo, mate [\b ==",Jaladeras metálicas línea Oviedo,mate [\b ==,,58,585,baja,True,False
13623,,,,214,,,,baja,True,False
13624,,,,214,,,,baja,True,False
13625,,,,214,,,,baja,True,False
13626,,,,214,,,,baja,True,False
13627,,,,124,,,,baja,True,False
13628,,,,124,,,,baja,True,False
13629,,,,124,,,,baja,True,False
13630,,,,124,,,,baja,True,False
13631,,,,124,,,,baja,True,False
13632,,,,124,,,,baja,True,False
13643,ALLX-10P," punta de bola , organizador plástico abatible, 10 Llaves 5/64"" 5/32"" 1/4"""," punta de bola , organizador plástico abatible","10 Llaves 5/64"" 5/32"" 1/4""",,200,216,alta,False,True
13645,ALLX-13P," punta de bola , organizador plástico abatible, 13 Llaves"," punta de bola , organizador plástico abatible",13 Llaves,,225,216,alta,False,True
13647,TORX-9L,"Juegos de llaves torx, 9 Llaves 36",Juegos de llaves torx,9 Llaves 36,,185,217,alta,False,True
13655,D-3820-B,"Dados de 6 puntas para bujía, base hexagonal","Dados de 6 puntas para bujía, base hexagonal",,,87,126,alta,False,True
13657,D-3826-B,"Dados de 6 puntas para bujía, base hexagonal","Dados de 6 puntas para bujía, base hexagonal",,,105,126,alta,False,True
13669,N-5270,"Nudos universales y nudos universales, 7 piezas, 2"" (5 1=)","Nudos universales y nudos universales, 7 piezas","2"" (5 1=)",,102,127,alta,False,True
13712,D-3812-HL,Largos de 6 puntas,Largos de 6 puntas,,,60,124,alta,False,True
13713,D-3814-HL,Largos de 6 puntas,Largos de 6 puntas,,,60,124,alta,False,True
13714,D-3816-HL,Largos de 6 puntas,Largos de 6 puntas,,,60,124,alta,False,True
13715,D-3818-HL,Largos de 6 puntas,Largos de 6 puntas,,,66,124,alta,False,True
13716,D-3820-HL,Largos de 6 puntas,Largos de 6 puntas,,,72,124,alta,False,True
13717,D-3822-HL,Largos de 6 puntas,Largos de 6 puntas,,,79,124,alta,False,True
13718,D-3824-HL,Largos de 6 puntas,Largos de 6 puntas,,,92,124,alta,False,True
13719,D-3826-HL,Largos de 6 puntas,Largos de 6 puntas,,,98,124,alta,False,True
13720,,,,124,,,,baja,True,False
13731,KIT-RES-PP,"Respiradores media cara, sin cartuchos Respiradores profesionales media cara","Respiradores media cara, sin cartuchos Respiradores profesionales media cara",,TRUPER,870,328,alta,False,True
13734,CAR-VI,Filtro y cartuchos para respiradores RES-600 y RES-X Filtro y cartuchos para respiradores RES-2-P y RES-1-P,Filtro y cartuchos para respiradores RES-600 y RES-X Filtro y cartuchos para respiradores RES-2-P y RES-1-P,,,315,328,alta,False,True
13735,CAR-VO,Filtro y cartuchos para respiradores RES-600 y RES-X Filtro y cartuchos para respiradores RES-2-P y RES-1-P,Filtro y cartuchos para respiradores RES-600 y RES-X Filtro y cartuchos para respiradores RES-2-P y RES-1-P,,,270,328,alta,False,True
13750,MICRO-1,"Microalambre de núcleo fundente para procesos sin gas FCAW , 1 kg","Microalambre de núcleo fundente para procesos sin gas FCAW , 1 kg",,,290,359,alta,False,True
13751,MICRO-5,"Microalambre de núcleo fundente para procesos sin gas FCAW , 5 kg","Microalambre de núcleo fundente para procesos sin gas FCAW , 5 kg",,,1455,359,alta,False,True
13752,MICRO-5G,"Microalambre sólido para procesos con gas GMAWMIG ú MAG , 5 kg","Microalambre sólido para procesos con gas GMAWMIG ú MAG , 5 kg",,,790,359,alta,False,True
13823,D-3430-H,Dados cortos de 6 puntas,Dados cortos de 6 puntas,,,204,126,alta,False,True
13825,D-3434-H,Dados cortos de 6 puntas,Dados cortos de 6 puntas,,,219,126,alta,False,True
13826,D-3436-H,Dados cortos de 6 puntas,Dados cortos de 6 puntas,,,225,126,alta,False,True
13827,D-3438-H,Dados cortos de 6 puntas,Dados cortos de 6 puntas,,,240,126,alta,False,True
13828,D-3440-H,Dados cortos de 6 puntas,Dados cortos de 6 puntas,,,249,126,alta,False,True
13829,D-3442-H,Dados cortos de 6 puntas,Dados cortos de 6 puntas,,,310,126,alta,False,True
13843,KIT-ROPI-915,,,,,110,297,media,True,False
13850,D-3424,"Dados cortos de 12 puntas, 24",Dados cortos de 12 puntas,24,,180,126,alta,False,True
13851,D-3426,"Dados cortos de 12 puntas, 24",Dados cortos de 12 puntas,24,,180,126,alta,False,True
13852,D-3428,"Dados cortos de 12 puntas, 24",Dados cortos de 12 puntas,24,,204,126,alta,False,True
13853,D-3430,"Dados cortos de 12 puntas, 24",Dados cortos de 12 puntas,24,,204,126,alta,False,True
13854,D-3432,"Dados cortos de 12 puntas, 24",Dados cortos de 12 puntas,24,,204,126,alta,False,True
13855,D-3434,"Dados cortos de 12 puntas, 24",Dados cortos de 12 puntas,24,,219,126,alta,False,True
13856,D-3436,"Dados cortos de 12 puntas, 24",Dados cortos de 12 puntas,24,,225,126,alta,False,True
13857,D-3438,"Dados cortos de 12 puntas, 24",Dados cortos de 12 puntas,24,,240,126,alta,False,True
13858,D-3440,"Dados cortos de 12 puntas, 24",Dados cortos de 12 puntas,24,,249,126,alta,False,True
13859,D-3442,"Dados cortos de 12 puntas, 24",Dados cortos de 12 puntas,24,,310,126,alta,False,True
13860,D-3444,"Dados cortos de 12 puntas, 18",Dados cortos de 12 puntas,18,,310,126,alta,False,True
13870,ESMA-4580N,"Esmeriladora 4 i|t"", 850 W interruptor lateral","Esmeriladora 4 i|t"", 850 W interruptor lateral",,,1150,233,alta,False,True
13882,R-ROPI-910,"Felpas para rodillos profesionales, 3⁄z Lisas 9 (23 cm) ROPI-910",Felpas para rodillos profesionales,3⁄z Lisas 9 (23 cm) ROPI-910,,35,295,alta,False,True
13883,R-ROPI-915,"Felpas para rodillos profesionales, m⁄z Poco rugosas 9 (23 cm) ROPI-915",Felpas para rodillos profesionales,m⁄z Poco rugosas 9 (23 cm) ROPI-915,,36,295,alta,False,True
13884,R-ROPI-920,"Felpas para rodillos profesionales, 3⁄4 Rugosas 9 (23 cm) ROPI-920",Felpas para rodillos profesionales,3⁄4 Rugosas 9 (23 cm) ROPI-920,,38,295,alta,False,True
13885,R-ROPI-925,"Felpas para rodillos profesionales, 1 Muy rugosas 9 (23 cm) ROPI-925",Felpas para rodillos profesionales,1 Muy rugosas 9 (23 cm) ROPI-925,,39,295,alta,False,True
13886,D-3438-HL,Dados largos de 6 puntas,Dados largos de 6 puntas,,,505,126,alta,False,True
13887,D-3440-HL,Dados largos de 6 puntas,Dados largos de 6 puntas,,,515,126,alta,False,True
13888,D-3442-HL,Dados largos de 6 puntas,Dados largos de 6 puntas,,,525,126,alta,False,True
13892,R-ROPI-715,"Felpas para rodillos profesionales, m⁄z Poco rugosas 7 (18 cm) ROPI-715",Felpas para rodillos profesionales,m⁄z Poco rugosas 7 (18 cm) ROPI-715,,26,295,alta,False,True
13893,R-ROPI-1215,"Felpas para rodillos profesionales, m⁄z Poco rugosas 12 (30 cm) ROPI-1215",Felpas para rodillos profesionales,m⁄z Poco rugosas 12 (30 cm) ROPI-1215,,46,295,alta,False,True
13897,R-ROPI-420P,"Felpas para mini rodillos 4"", 3⁄4 1 pza. ROPI-420P Todo tipo de pinturas","Felpas para mini rodillos 4""",3⁄4 1 pza. ROPI-420P Todo tipo de pinturas,,21,295,alta,False,True
13898,R-ROPI-910E,"para rodillos 9"", 3⁄z Lisas 48","para rodillos 9""",3⁄z Lisas 48,,76,295,alta,False,True
13901,R-ROPI-920E,"para rodillos 9"", 3⁄4 Lisas y poco rugosas 48","para rodillos 9""",3⁄4 Lisas y poco rugosas 48,,95,295,alta,False,True
13907,R-ROPI-410E,"Felpas para mini rodillos 4"", 3⁄z 2 pzas. ROPI-410E","Felpas para mini rodillos 4""",3⁄z 2 pzas. ROPI-410E,,30,295,alta,False,True
13910,N-5670,"Nudos universales y nudos universales, 7 piezas, 3i|t"" (9 1=)","Nudos universales y nudos universales, 7 piezas","3i|t"" (9 1=)",,420,127,alta,False,True
13911,R-ROPI-420N,"Felpas para mini rodillos 4"", 3⁄z 2 pzas. ROPI-420N","Felpas para mini rodillos 4""",3⁄z 2 pzas. ROPI-420N,,14.50,295,alta,False,True
13921,R-ROPI-910M,"para rodillos 9"", 3⁄z 48","para rodillos 9""",3⁄z 48,,42,295,alta,False,True
13990,DR-316X4,"planos , mango de acetato, barra redonda Desarmadores planos , mango de acetato, barra cuadrada, k⁄sx 7 1⁄2"" × 4"" 72","planos , mango de acetato, barra redonda Desarmadores planos , mango de acetato, barra cuadrada","k⁄sx 7 1⁄2"" × 4"" 72",,67,140,alta,False,True
13993,DR-14X1-12,"planos , mango de acetato, barra redonda Desarmadores planos , mango de acetato, barra cuadrada, i⁄v 4"" × 1 1⁄2"" 72","planos , mango de acetato, barra redonda Desarmadores planos , mango de acetato, barra cuadrada","i⁄v 4"" × 1 1⁄2"" 72",,62,140,alta,False,True
13996,DR-14X4,"planos , mango de acetato, barra redonda Desarmadores planos , mango de acetato, barra cuadrada, i⁄v 8"" × 4"" 72","planos , mango de acetato, barra redonda Desarmadores planos , mango de acetato, barra cuadrada","i⁄v 8"" × 4"" 72",,77,140,alta,False,True
13999,DR-14X6,"planos , mango de acetato, barra redonda Desarmadores planos , mango de acetato, barra cuadrada, i⁄v 10"" × 6"" 54","planos , mango de acetato, barra redonda Desarmadores planos , mango de acetato, barra cuadrada","i⁄v 10"" × 6"" 54",,79,140,alta,False,True
1400,PH0,,"largo 1"" (25 mm) (100 mm)",,,87,315,media,True,False
14002,DR-516X6,"planos , mango de acetato, barra redonda Desarmadores planos , mango de acetato, barra cuadrada, m⁄sx 10 1⁄2"" × 6"" 54","planos , mango de acetato, barra redonda Desarmadores planos , mango de acetato, barra cuadrada","m⁄sx 10 1⁄2"" × 6"" 54",,115,140,alta,False,True
14004,CAR-P100,Filtro y cartuchos para respiradores RES-600 y RES-X Filtro y cartuchos para respiradores RES-2-P y RES-1-P,Filtro y cartuchos para respiradores RES-600 y RES-X Filtro y cartuchos para respiradores RES-2-P y RES-1-P,,,315,328,alta,False,True
14005,DR-516X10,"planos , mango de acetato, barra redonda Desarmadores planos , mango de acetato, barra cuadrada, m⁄sx 14 1⁄2"" × 10"" 54","planos , mango de acetato, barra redonda Desarmadores planos , mango de acetato, barra cuadrada","m⁄sx 14 1⁄2"" × 10"" 54",,128,140,alta,False,True
14007,OAJ-X,Orejeras plegables,Orejeras plegables,,,220,327,alta,False,True
14008,DR-38X8,"planos , mango de acetato, barra redonda Desarmadores planos , mango de acetato, barra cuadrada, k⁄z 12"" × 8"" 54","planos , mango de acetato, barra redonda Desarmadores planos , mango de acetato, barra cuadrada","k⁄z 12"" × 8"" 54",,128,140,alta,False,True
14009,SR-600N,"Sombreros tipo cazador de alta visibilidad, Naranja",Sombreros tipo cazador de alta visibilidad,Naranja,,165,327,alta,False,True
1401,PH1,,"largo 1"" (25 mm) (100 mm)",,,87,315,media,True,False
14010,SR-600V,"Sombreros tipo cazador de alta visibilidad, Verde",Sombreros tipo cazador de alta visibilidad,Verde,,165,327,alta,False,True
14011,DG-18X2-12,"cabinet , mango de acetato, i⁄z 5"" × 2 1⁄2"" 54","cabinet , mango de acetato","i⁄z 5"" × 2 1⁄2"" 54",,39,140,alta,False,True
14014,DG-18X3,"cabinet , mango de acetato, i⁄z 5 1⁄2"" × 3"" 72","cabinet , mango de acetato","i⁄z 5 1⁄2"" × 3"" 72",,40,140,alta,False,True
14017,DG-18X4,"cabinet , mango de acetato, i⁄z 6 1⁄2"" × 4"" 72","cabinet , mango de acetato","i⁄z 6 1⁄2"" × 4"" 72",,43,140,alta,False,True
1402,PH2,,"largo 1"" (25 mm) (100 mm)",,,87,315,media,True,False
14020,DG-18X5,"cabinet , mango de acetato, i⁄z 7 1⁄2"" × 5"" 54","cabinet , mango de acetato","i⁄z 7 1⁄2"" × 5"" 54",,46,140,alta,False,True
14023,DG-18X6,"cabinet , mango de acetato, i⁄z 9"" × 6"" 54","cabinet , mango de acetato","i⁄z 9"" × 6"" 54",,47,140,alta,False,True
14026,DG-18X8,"cabinet , mango de acetato, i⁄z 10 1⁄2"" × 8"" 54","cabinet , mango de acetato","i⁄z 10 1⁄2"" × 8"" 54",,48,140,alta,False,True
14029,DG-316X3,"cabinet , mango de acetato, k⁄sx 6 1⁄2"" × 3"" 72","cabinet , mango de acetato","k⁄sx 6 1⁄2"" × 3"" 72",,62,140,alta,False,True
1403,PH3,,"largo 1"" (25 mm) (100 mm)",,,87,315,media,True,False
14032,DG-316X4,"cabinet , mango de acetato, k⁄sx 7 1⁄2"" × 4"" 72","cabinet , mango de acetato","k⁄sx 7 1⁄2"" × 4"" 72",,63,140,alta,False,True
14035,DG-316X5,"cabinet , mango de acetato, k⁄sx 8 1⁄2"" × 5"" 54","cabinet , mango de acetato","k⁄sx 8 1⁄2"" × 5"" 54",,67,140,alta,False,True
14036,Clave,"Accesorios para PIPI-27 y PIPI-26, CajaMáster May. i|tMay. Púb.",Accesorios para PIPI-27 y PIPI-26,CajaMáster May. i|tMay. Púb.,,,111,baja,True,False
14037,Clave,"Accesorios para PIPI-27 y PIPI-26, CajaMáster May. i|tMay. Púb.",Accesorios para PIPI-27 y PIPI-26,CajaMáster May. i|tMay. Púb.,,,111,baja,True,False
14038,DG-316X6,"cabinet , mango de acetato, k⁄sx 9 1⁄2"" × 6"" 54","cabinet , mango de acetato","k⁄sx 9 1⁄2"" × 6"" 54",,68,140,alta,False,True
14041,DG-316X8,"cabinet , mango de acetato, k⁄sx 11 1⁄2"" × 8"" 54","cabinet , mango de acetato","k⁄sx 11 1⁄2"" × 8"" 54",,77,140,alta,False,True
1405,,Cortos de 6 puntas,Cortos de 6 puntas,,,30,124,baja,True,False
14050,DP-18X2-12,"de cruz , mango de acetato Desarmadores, i⁄z 5"" × 2 1⁄2"" 72","de cruz , mango de acetato Desarmadores","i⁄z 5"" × 2 1⁄2"" 72",,46,140,alta,False,True
14053,DP-18X4,"de cruz , mango de acetato Desarmadores, i⁄z 6 1⁄2"" × 4"" 72","de cruz , mango de acetato Desarmadores","i⁄z 6 1⁄2"" × 4"" 72",,47,140,alta,False,True
14056,DP-18X6,"de cruz , mango de acetato Desarmadores, i⁄z 8 1⁄2"" × 6"" 54","de cruz , mango de acetato Desarmadores","i⁄z 8 1⁄2"" × 6"" 54",,52,140,alta,False,True
14059,DP-18X8,"de cruz , mango de acetato Desarmadores, i⁄z 10 1⁄2"" × 8"" 54","de cruz , mango de acetato Desarmadores","i⁄z 10 1⁄2"" × 8"" 54",,52,140,alta,False,True
1406,,Cortos de 6 puntas,Cortos de 6 puntas,,,30,124,baja,True,False
14062,DP-316X3,"de cruz , mango de acetato Desarmadores, k⁄sx 6 1⁄2"" × 3"" 72","de cruz , mango de acetato Desarmadores","k⁄sx 6 1⁄2"" × 3"" 72",,62,140,alta,False,True
14065,DP-316X6,"de cruz , mango de acetato Desarmadores, k⁄sx 9 1⁄2"" × 6"" 54","de cruz , mango de acetato Desarmadores","k⁄sx 9 1⁄2"" × 6"" 54",,67,140,alta,False,True
14068,DP-316X8,"de cruz , mango de acetato Desarmadores, k⁄sx 11"" × 8"" 54","de cruz , mango de acetato Desarmadores","k⁄sx 11"" × 8"" 54",,77,140,alta,False,True
1407,,Cortos de 6 puntas,Cortos de 6 puntas,,,30,124,baja,True,False
14071,DP-14X1-12,"de cruz , mango de acetato Desarmadores, i⁄v 4"" × 1 1⁄2"" 72","de cruz , mango de acetato Desarmadores","i⁄v 4"" × 1 1⁄2"" 72",,62,140,alta,False,True
14074,DP-14X4,"de cruz , mango de acetato Desarmadores, i⁄v 8"" × 4"" 72","de cruz , mango de acetato Desarmadores","i⁄v 8"" × 4"" 72",,77,140,alta,False,True
14077,DP-14X6,"de cruz , mango de acetato Desarmadores, i⁄v 10"" × 6"" 54","de cruz , mango de acetato Desarmadores","i⁄v 10"" × 6"" 54",,79,140,alta,False,True
1408,,Largos de 6 puntas,Largos de 6 puntas,,,42,124,baja,True,False
14080,DP-14X8,"de cruz , mango de acetato Desarmadores, i⁄v 12"" × 8"" 54","de cruz , mango de acetato Desarmadores","i⁄v 12"" × 8"" 54",,85,140,alta,False,True
14089,DC-14X3,"planos , mango de acetato, barra cuadrada, i⁄v 7"" × 3"" 72","planos , mango de acetato, barra cuadrada","i⁄v 7"" × 3"" 72",,85,140,alta,False,True
1409,,Largos de 6 puntas,Largos de 6 puntas,,,42,124,baja,True,False
14092,DC-14X4,"planos , mango de acetato, barra cuadrada, i⁄v 8"" × 4"" 72","planos , mango de acetato, barra cuadrada","i⁄v 8"" × 4"" 72",,87,140,alta,False,True
14095,DC-14X6,"planos , mango de acetato, barra cuadrada, i⁄v 10"" × 6"" 54","planos , mango de acetato, barra cuadrada","i⁄v 10"" × 6"" 54",,95,140,alta,False,True
14098,DC-14X9,"planos , mango de acetato, barra cuadrada, i⁄v 12 1⁄2"" × 9"" 54","planos , mango de acetato, barra cuadrada","i⁄v 12 1⁄2"" × 9"" 54",,105,140,alta,False,True
1410,,Largos de 6 puntas,Largos de 6 puntas,,,42,124,baja,True,False
14101,DC-516X5,"planos , mango de acetato, barra cuadrada, m⁄sx 9 1⁄2"" × 5"" 54","planos , mango de acetato, barra cuadrada","m⁄sx 9 1⁄2"" × 5"" 54",,118,140,alta,False,True
14104,DC-516X6,"planos , mango de acetato, barra cuadrada, m⁄sx 10"" × 6"" 54","planos , mango de acetato, barra cuadrada","m⁄sx 10"" × 6"" 54",,120,140,alta,False,True
14107,DC-516X10,"planos , mango de acetato, barra cuadrada, m⁄sx 14 1⁄2"" × 10"" 54","planos , mango de acetato, barra cuadrada","m⁄sx 14 1⁄2"" × 10"" 54",,136,140,alta,False,True
1411,,Largos de 6 puntas,Largos de 6 puntas,,,46,124,baja,True,False
14110,DC-38X8,"planos , mango de acetato, barra cuadrada, k⁄z 12"" × 8"" 54","planos , mango de acetato, barra cuadrada","k⁄z 12"" × 8"" 54",,150,140,alta,False,True
14112,AN-GRUPO1,"Refacciones para soldadoras inversoras, ntorc7a para proceso % con conector r/pido i|t y coneLiAn para 6as 5",Refacciones para soldadoras inversoras,ntorc7a para proceso % con conector r/pido i|t y coneLiAn para 6as 5,,3190,361,alta,False,True
14113,DC-38X10,"planos , mango de acetato, barra cuadrada, k⁄z 14"" × 10"" 54","planos , mango de acetato, barra cuadrada","k⁄z 14"" × 10"" 54",,162,140,alta,False,True
14116,DC-38X12,"planos , mango de acetato, barra cuadrada, k⁄z 16"" × 12"" 54","planos , mango de acetato, barra cuadrada","k⁄z 16"" × 12"" 54",,172,140,alta,False,True
14119,DJ-316,"de caja , mango de acetato, k⁄sx 72","de caja , mango de acetato",k⁄sx 72,,98,140,alta,False,True
1412,[b1=,"Matracas doble y triple cuadro , sistema reversible, %riple cuadro","Matracas doble y triple cuadro , sistema reversible",%riple cuadro,,585,123,baja,True,False
14122,DJ-14,"de caja , mango de acetato, i⁄v 72","de caja , mango de acetato",i⁄v 72,,98,140,alta,False,True
14125,DJ-516,"de caja , mango de acetato, m⁄sx 72","de caja , mango de acetato",m⁄sx 72,,98,140,alta,False,True
14128,DJ-38,"de caja , mango de acetato, k⁄z 72","de caja , mango de acetato",k⁄z 72,,98,140,alta,False,True
14131,DJ-716,"de caja , mango de acetato, o⁄sx 72","de caja , mango de acetato",o⁄sx 72,,98,140,alta,False,True
14134,DJ-12,"de caja , mango de acetato, i⁄t 72","de caja , mango de acetato",i⁄t 72,,98,140,alta,False,True
14137,DTJ-5,"Juego de 5 desarmadores, mango de acetato","Juego de 5 desarmadores, mango de acetato",,,280,140,alta,False,True
1414,,Largos de 6 puntas,Largos de 6 puntas,,,46,124,baja,True,False
14141,MAG-DES,Magnetizadordesmagnetizador,Magnetizadordesmagnetizador,,,72,142,alta,False,True
1416,,Largos de 6 puntas,Largos de 6 puntas,,,48,124,baja,True,False
14199,DES-MINI-2,"Dúo de mini desarmadores, mango de acetato","Dúo de mini desarmadores, mango de acetato",,,39,140,alta,False,True
1421,Latónbrillante,"Jaladeras metálicas línea Toledo, brillante c` ==",Jaladeras metálicas línea Toledo,brillante c` ==,,34,585,baja,True,False
14213,LEN-2000N,"Lentes de seguridad ajustables, Gris",Lentes de seguridad ajustables,Gris,,39,329,alta,False,True
14214,GOT-X,"Goggles de seguridad, ultra ligeros Goggles de seguridad Goggles de seguridad, profesionales","Goggles de seguridad, ultra ligeros Goggles de seguridad Goggles de seguridad, profesionales",,,72,328,alta,False,True
1422,Latónbrillante,"Jaladeras metálicas línea Toledo, brillante [\b ==",Jaladeras metálicas línea Toledo,brillante [\b ==,,42,585,baja,True,False
14220,GOT-P,Goggles de seguridad,Goggles de seguridad,,,47,328,alta,False,True
14223,TAC,"Tapones auditivos de espuma de poliuretano, en tarjeta","Tapones auditivos de espuma de poliuretano, en tarjeta",,,12,327,alta,False,True
14225,TA-3B,"Tapones auditivos de TPE, triple falange, en tarjeta","Tapones auditivos de TPE, triple falange, en tarjeta",,,15.50,327,alta,False,True
14253,LEN-SN,"Lentes de seguridad tradicionales, Gris",Lentes de seguridad tradicionales,Gris,,39,329,alta,False,True
14257,OAJ,Orejeras tipo concha,Orejeras tipo concha,,,187,327,alta,False,True
1427,kg,"Rodaja de hule, espiga lisa con balero y freno, 6"" (150) 38 268 25 × 88","Rodaja de hule, espiga lisa con balero y freno","6"" (150) 38 268 25 × 88",,380,550,baja,True,False
14284,LEN-2000,"Lentes de seguridad ajustables, Transparente",Lentes de seguridad ajustables,Transparente,,39,329,alta,False,True
14292,CAS-N,,E,,,187,326,media,True,False
14293,LEN-LT,"Lentes de seguridad ultra ligeros, Transparente",Lentes de seguridad ultra ligeros,Transparente,,39,329,alta,False,True
14294,CAS-A,,E,,,187,326,media,True,False
14301,LEDE-ST,"Lentes de seguridad panorámicos, Transparente",Lentes de seguridad panorámicos,Transparente,,72,329,alta,False,True
14303,LEDE-SZ,"Lentes de seguridad panorámicos, Azul",Lentes de seguridad panorámicos,Azul,,72,329,alta,False,True
14304,LEDE-SA,"Lentes de seguridad panorámicos, Ámbar",Lentes de seguridad panorámicos,Ámbar,,72,329,alta,False,True
14305,LEDE-S5,"Lentes de seguridad panorámicos, Verde",Lentes de seguridad panorámicos,Verde,,72,329,alta,False,True
14306,COR-LS,Cordón para lentes,Cordón para lentes,,,24,329,alta,False,True
14308,LESO-TR,Lentes para láser Sobrelente,Lentes para láser Sobrelente,,,62,329,alta,False,True
14318,AC-PF,Adaptador de protector facial para casco,Adaptador de protector facial para casco,Adaptador,,109,326,alta,False,True
14338,FRUT,,,,,225,374,media,True,False
14360,E6013-3,Bolsas con 1 kg de electrodos para proceso de soldadura SMAW (MMA),Bolsas con 1 kg de electrodos para proceso de soldadura SMAW (MMA),,,110,359,alta,False,True
14361,E6013-4,"Bolsas con 1 kg de electrodos para proceso de soldadura SMAW (MMA), · Soldadura de láminas metálicas delgadas",Bolsas con 1 kg de electrodos para proceso de soldadura SMAW (MMA),· Soldadura de láminas metálicas delgadas,,110,359,alta,False,True
14362,E6013-5,Bolsas con 1 kg de electrodos para proceso de soldadura SMAW (MMA),Bolsas con 1 kg de electrodos para proceso de soldadura SMAW (MMA),,,110,359,alta,False,True
1438,[b1=,"Matracas doble y triple cuadro , sistema reversible, Doble cuadro","Matracas doble y triple cuadro , sistema reversible",Doble cuadro,,525,123,baja,True,False
14388,CALDI-6MP,"Calibradores vernier 6"" 150 mm, acero inoxidable","Calibradores vernier 6"" 150 mm, acero inoxidable",,,770,79,alta,False,True
14394,CAL-6MP,"Calibradores vernier 6"" 150 mm, acero inoxidable","Calibradores vernier 6"" 150 mm, acero inoxidable",,,585,79,alta,False,True
1440,uc7illapara,Cargadores de baterías para,Cargadores de baterías para,,TRUPER,2250,277,baja,True,False
14431,ARN-5434,"Arnés de pecho, 1 anillo “D”","Arnés de pecho, 1 anillo “D”",,,365,342,alta,False,True
14432,ARN-5435,"Arnés de cuerpo completo, 1 anillo “D”, (ANSI)","Arnés de cuerpo completo, 1 anillo “D”, (ANSI)",,,660,342,alta,False,True
14433,ARN-5437,"Arnés de cuerpo completo, 3 anillos “D”, (ANSI)","Arnés de cuerpo completo, 3 anillos “D”, (ANSI)",,,765,342,alta,False,True
14434,ARN-5438,"Arnés de cuerpo completo, 5 anillos “D”, (ANSI)","Arnés de cuerpo completo, 5 anillos “D”, (ANSI)",,,830,342,alta,False,True
14435,CAB-5489-15,"Cables de posicionamiento cuerda trenzada de poliéster, 350lb1.55kN 1.5 m",Cables de posicionamiento cuerda trenzada de poliéster,350lb1.55kN 1.5 m,,400,343,alta,False,True
14436,CAB-5489-20,"Cables de posicionamiento cuerda trenzada de poliéster, × 350lb1.55kN 2 m",Cables de posicionamiento cuerda trenzada de poliéster,× 350lb1.55kN 2 m,,430,343,alta,False,True
14439,ARN-5436,"Arnés de cuerpo completo, 3 anillos “D”, (ANSI)","Arnés de cuerpo completo, 3 anillos “D”, (ANSI)",,,730,342,alta,False,True
14446,CAB-5430-18,"Línea de vida con amortiguador cinta de poliéster, × 350 lb (1.55 kN)",Línea de vida con amortiguador cinta de poliéster,× 350 lb (1.55 kN),,630,342,alta,False,True
1445,,,"Mini matraca i|v"" para puntas y dados mangoComfort Grip",_ []1=,,187,123,baja,True,False
14454,CAB-5432-18,"Línea de vida con amortiguador y doble brazo, 350 lb (1.55 kN)",Línea de vida con amortiguador y doble brazo,350 lb (1.55 kN),,1095,342,alta,False,True
14470,ANCLA-9,"Ancla de conexión, ANSI","Ancla de conexión, ANSI",,,200,342,alta,False,True
1449,,"Matracas de liberación rápida, cabeza de pera , sistema reversible, _ []1= 3","Matracas de liberación rápida, cabeza de pera , sistema reversible",_ []1= 3,,380,123,baja,True,False
14512,EXT-5,Juego de 5 extractores de tornillos,Juego de 5 extractores de tornillos,,,125,171,alta,False,True
1460,rpm,,,orte 5ino,,1455,157,baja,True,False
14602,FH-2,"Flexómetro Gripper , resistente a impactos 2 m, tipo llavero","Flexómetro Gripper , resistente a impactos 2 m, tipo llavero",,,62,173,alta,False,True
1461,Negromate,"Jaladeras metálicas línea Toledo, mate c` ==",Jaladeras metálicas línea Toledo,mate c` ==,,34,585,baja,True,False
1462,Negromate,"Jaladeras metálicas línea Toledo, mate [\b ==",Jaladeras metálicas línea Toledo,mate [\b ==,,42,585,baja,True,False
14652,CP-5202-44,"Cinturón de posicionamiento, 76 cm 4 cm",Cinturón de posicionamiento,76 cm 4 cm,,1140,343,alta,False,True
1470,,"Adaptador consupresor de picos , 1,470 Joules, 6","Adaptador consupresor de picos , 1,470 Joules",6,,118,411,baja,True,False
1472,,"Matracas de liberación rápida, sistema reversible, mango plano, _ []1=","Matracas de liberación rápida, sistema reversible, mango plano",_ []1=,,400,123,baja,True,False
14965,D-3419-M,"milimétricos articulados, con extensión","milimétricos articulados, con extensión",,,180,126,alta,False,True
14969,D-3422-M,"milimétricos articulados, con extensión","milimétricos articulados, con extensión",,,204,126,alta,False,True
14971,D-3424-M,"milimétricos articulados, con extensión","milimétricos articulados, con extensión",,,204,126,alta,False,True
14973,D-3425-M,"milimétricos articulados, con extensión","milimétricos articulados, con extensión",,,204,126,alta,False,True
14975,D-3427-M,"milimétricos articulados, con extensión","milimétricos articulados, con extensión",,,219,126,alta,False,True
14977,D-3428-M,"milimétricos articulados, con extensión","milimétricos articulados, con extensión",,,225,126,alta,False,True
14979,D-3430-M,"milimétricos articulados, con extensión","milimétricos articulados, con extensión",,,240,126,alta,False,True
14981,D-3432-M,"milimétricos articulados, con extensión","milimétricos articulados, con extensión",,,249,126,alta,False,True
14983,D-3433-M,"milimétricos articulados, con extensión","milimétricos articulados, con extensión",,,310,126,alta,False,True
14985,D-3434-M,"milimétricos articulados, con extensión","milimétricos articulados, con extensión",,,310,126,alta,False,True
14987,D-3436-M,"milimétricos articulados, con extensión","milimétricos articulados, con extensión",,,340,126,alta,False,True
14995,D-3820-BE6,Extensión de 6 Extensión de 10,Extensión de 6 Extensión de 10,,,375,126,alta,False,True
14997,D-3826-BE6,Extensión de 6 Extensión de 10,Extensión de 6 Extensión de 10,,,410,126,alta,False,True
1500,e,"Cables de repuesto para inversores de corriente, ÖINCO-1000",Cables de repuesto para inversores de corriente,ÖINCO-1000,,430,23,baja,True,False
15023,KIT-ROPI-420N,,,,,105,297,media,True,False
15027,RE-PIPI-200,"Refacciones para pistola para pintar, 6 30",Refacciones para pistola para pintar,6 30,,175,111,alta,False,True
1510,m,"Mangueras planas de descarga para motobombas, precio por rollo, 1.6 mm 278 g","Mangueras planas de descarga para motobombas, precio por rollo",1.6 mm 278 g,PRETUL,3365,61,baja,True,False
15101,DT-10,"punta torx , mango de acetato Desarmadores, T-10","punta torx , mango de acetato Desarmadores",T-10,,77,140,alta,False,True
15102,DT-15,"punta torx , mango de acetato Desarmadores, T-15","punta torx , mango de acetato Desarmadores",T-15,,77,140,alta,False,True
15103,DT-20,"punta torx , mango de acetato Desarmadores, T-20","punta torx , mango de acetato Desarmadores",T-20,,77,140,alta,False,True
15104,DT-25,"punta torx , mango de acetato Desarmadores, T-25","punta torx , mango de acetato Desarmadores",T-25,,77,140,alta,False,True
15105,DT-27,"punta torx , mango de acetato Desarmadores, T-27","punta torx , mango de acetato Desarmadores",T-27,,77,140,alta,False,True
15106,DT-30,"punta torx , mango de acetato Desarmadores, T-30","punta torx , mango de acetato Desarmadores",T-30,,77,140,alta,False,True
1511,kg,"Rodajas de hule placa giratoria con buje, 2i|t"" (65) 35 87 11 × 993 × 60 6 36",Rodajas de hule placa giratoria con buje,"2i|t"" (65) 35 87 11 × 993 × 60 6 36",,118,550,baja,True,False
15119,LTP-5,"triangulares 34 dpp, _ (13 cm) o⁄sx"" 6",triangulares 34 dpp,"_ (13 cm) o⁄sx"" 6",,26,198,alta,False,True
1512,kg,"Rodajas de hule, placa giratoria con balero, 2i|t"" (65) 35 85 12 × 9101 × 70 6 36","Rodajas de hule, placa giratoria con balero","2i|t"" (65) 35 85 12 × 9101 × 70 6 36",,152,550,baja,True,False
15123,LTP-6,"triangulares 34 dpp, ` (15 cm) o⁄sx"" 12",triangulares 34 dpp,"` (15 cm) o⁄sx"" 12",,29,198,alta,False,True
15124,LTP-7,"triangulares 34 dpp, a (18 cm) 1o⁄u2"" 6",triangulares 34 dpp,"a (18 cm) 1o⁄u2"" 6",,48,198,alta,False,True
15125,LTP-8,"triangulares 34 dpp, b (20 cm) 1o⁄u2"" 6",triangulares 34 dpp,"b (20 cm) 1o⁄u2"" 6",,55,198,alta,False,True
15126,LTP-4,"triangulares 34 dpp, ^ (10 cm) 3⁄8"" 6",triangulares 34 dpp,"^ (10 cm) 3⁄8"" 6",,23,198,alta,False,True
15128,LTR-6,"triangulares 36 dpp, ` (15 cm) o⁄sx""",triangulares 36 dpp,"` (15 cm) o⁄sx""",,29,198,alta,False,True
15129,LTR-7,"triangulares 36 dpp, a (18 cm) 1o⁄u2""",triangulares 36 dpp,"a (18 cm) 1o⁄u2""",,48,198,alta,False,True
15130,LTR-8,"triangulares 36 dpp, b (20 cm) 1o⁄u2""",triangulares 36 dpp,"b (20 cm) 1o⁄u2""",,55,198,alta,False,True
15133,LTD-6,"triángulo doble 58 dpp, con para ensamblar , en caja, ` (15 cm) 3⁄sx""","triángulo doble 58 dpp, con para ensamblar , en caja","` (15 cm) 3⁄sx""",,32,198,alta,False,True
15134,LTD-7,"triángulo doble 58 dpp, con para ensamblar , en caja, a (18 cm) o⁄u2""","triángulo doble 58 dpp, con para ensamblar , en caja","a (18 cm) o⁄u2""",,35,198,alta,False,True
15135,LTD-8,"triángulo doble 58 dpp, con para ensamblar , en caja, b (20 cm) 1⁄v""","triángulo doble 58 dpp, con para ensamblar , en caja","b (20 cm) 1⁄v""",,39,198,alta,False,True
15136,LEN-2000Z,"Lentes de seguridad ajustables, Azul",Lentes de seguridad ajustables,Azul,,39,329,alta,False,True
15137,LEN-2000A,"Lentes de seguridad ajustables, Ámbar",Lentes de seguridad ajustables,Ámbar,,39,329,alta,False,True
15138,LPB-4,"planas, 4 (10 cm) 1⁄2"" o⁄xv"" 6",planas,"4 (10 cm) 1⁄2"" o⁄xv"" 6",,35,199,alta,False,True
15140,LPB-6,"planas, 6 (15 cm) 5⁄8"" 1⁄8"" 6",planas,"6 (15 cm) 5⁄8"" 1⁄8"" 6",,47,199,alta,False,True
15142,LPB-8,"planas, 8 (20 cm) 3⁄v"" 5⁄u2"" 6",planas,"8 (20 cm) 3⁄v"" 5⁄u2"" 6",,62,199,alta,False,True
15144,LPB-10,"planas, 10 (25 cm) 1"" o⁄u2"" 6",planas,"10 (25 cm) 1"" o⁄u2"" 6",,105,199,alta,False,True
15146,LPB-12,"planas, 12 (30 cm) 1 3⁄sx"" 15⁄xv"" 6",planas,"12 (30 cm) 1 3⁄sx"" 15⁄xv"" 6",,140,199,alta,False,True
15148,LPB-14,"planas, 14 (35 cm) 1 3⁄8"" 1o⁄xv"" 6",planas,"14 (35 cm) 1 3⁄8"" 1o⁄xv"" 6",,220,199,alta,False,True
1515,kg,"Rodajas de hule, placa giratoria con balero, 3"" (75) 35 99 12 × 9101 × 75 4 24","Rodajas de hule, placa giratoria con balero","3"" (75) 35 99 12 × 9101 × 75 4 24",,165,550,baja,True,False
15151,LPM-4,"planas, 4 (10 cm) 1⁄2"" o⁄xv"" 6",planas,"4 (10 cm) 1⁄2"" o⁄xv"" 6",,39,199,alta,False,True
15153,LPM-6,"planas, 6 (15 cm) 5⁄8"" 1⁄8"" 6",planas,"6 (15 cm) 5⁄8"" 1⁄8"" 6",,51,199,alta,False,True
15155,LPM-8,"planas, 8 (20 cm) 3⁄v"" 5⁄u2"" 6",planas,"8 (20 cm) 3⁄v"" 5⁄u2"" 6",,66,199,alta,False,True
1516,kg,"Rodajas de hule, placa giratoria con balero, 4"" (100) 25 130 13 × 9101 × 70 4 24","Rodajas de hule, placa giratoria con balero","4"" (100) 25 130 13 × 9101 × 70 4 24",,175,550,baja,True,False
15168,LMO-732X,"profesionales para motosierra Limas media caña, 9 (24.5 cm) o⁄u2"" 12",profesionales para motosierra Limas media caña,"9 (24.5 cm) o⁄u2"" 12",,51,199,alta,False,True
15169,LMCB-6,"media caña, 6 (15 cm) 5⁄8"" 3⁄sx"" 6",media caña,"6 (15 cm) 5⁄8"" 3⁄sx"" 6",,58,199,alta,False,True
15170,LESP-ST,"Lentes de seguridad con banda elástica, Transparente",Lentes de seguridad con banda elástica,Transparente,,110,329,alta,False,True
15171,LMCB-8,"media caña, 8 (20 cm) 3⁄v"" o⁄u2"" 6",media caña,"8 (20 cm) 3⁄v"" o⁄u2"" 6",,77,199,alta,False,True
15172,LESP-SN,"Lentes de seguridad con banda elástica, Gris",Lentes de seguridad con banda elástica,Gris,,110,329,alta,False,True
15173,LMCB-10,"media caña, 10 (25 cm) 1"" 1o⁄xv"" 6",media caña,"10 (25 cm) 1"" 1o⁄xv"" 6",,123,199,alta,False,True
15175,LMCB-12,"media caña, 12 (30 cm) 1 3⁄sx"" 3⁄8"" 6",media caña,"12 (30 cm) 1 3⁄sx"" 3⁄8"" 6",,165,199,alta,False,True
15177,LMCM-6,"media caña, 6 (15 cm) 5⁄8"" 3⁄sx"" 6",media caña,"6 (15 cm) 5⁄8"" 3⁄sx"" 6",,66,199,alta,False,True
15179,LMCM-8,"media caña, 8 (20 cm) 3⁄v"" o⁄u2"" 6",media caña,"8 (20 cm) 3⁄v"" o⁄u2"" 6",,87,199,alta,False,True
15181,LMCM-10,"media caña, 10 (25 cm) 1"" 1o⁄xv"" 6",media caña,"10 (25 cm) 1"" 1o⁄xv"" 6",,158,199,alta,False,True
15182,LESP-EP,"Lentes de seguridad con banda elástica, Espejo plata",Lentes de seguridad con banda elástica,Espejo plata,,105,329,alta,False,True
15183,LMCM-12,"media caña, 12 (30 cm) 1 3⁄sx"" 3⁄8"" 6",media caña,"12 (30 cm) 1 3⁄sx"" 3⁄8"" 6",,200,199,alta,False,True
15184,LESP-EZ,"Lentes de seguridad con banda elástica, Espejo azul",Lentes de seguridad con banda elástica,Espejo azul,,105,329,alta,False,True
15185,LRB-4,"redondas, 4 (10 cm) 3⁄sx"" 6",redondas,"4 (10 cm) 3⁄sx"" 6",,32,199,alta,False,True
15187,LRB-6,"redondas, 6 (15 cm) 1⁄v"" 6",redondas,"6 (15 cm) 1⁄v"" 6",,35,199,alta,False,True
15189,LRB-8,"redondas, 8 (20 cm) 5⁄sx"" 6",redondas,"8 (20 cm) 5⁄sx"" 6",,47,199,alta,False,True
15191,LRB-10,"redondas, 10 (25 cm) 3⁄8"" 6",redondas,"10 (25 cm) 3⁄8"" 6",,66,199,alta,False,True
15193,LRB-12,"redondas, 12 (30 cm) 1⁄2"" 6",redondas,"12 (30 cm) 1⁄2"" 6",,110,199,alta,False,True
15195,LRM-6,"redondas, 6 (15 cm) 1⁄v"" 6",redondas,"6 (15 cm) 1⁄v"" 6",,40,199,alta,False,True
15197,LRM-8,"redondas, 8 (20 cm) 5⁄sx"" 6",redondas,"8 (20 cm) 5⁄sx"" 6",,55,199,alta,False,True
15199,LRM-10,"redondas, 10 (25 cm) 3⁄8"" 6",redondas,"10 (25 cm) 3⁄8"" 6",,76,199,alta,False,True
15203,LES-6,"escofinas caña, 6 (15 cm) 5⁄8"" 3⁄sx"" 6",escofinas caña,"6 (15 cm) 5⁄8"" 3⁄sx"" 6",,83,199,alta,False,True
15204,LEH-12,"escofinas para herrar, 12 (30 cm) 1 3⁄8"" 1⁄v""",escofinas para herrar,"12 (30 cm) 1 3⁄8"" 1⁄v""",,515,199,alta,False,True
15205,LES-8,"escofinas caña, 8 (20 cm) 3⁄v"" 1⁄v"" 6",escofinas caña,"8 (20 cm) 3⁄v"" 1⁄v"" 6",,96,199,alta,False,True
15206,LEH-14,"escofinas para herrar, 14 (35 cm) 1 1⁄2"" 3⁄8""",escofinas para herrar,"14 (35 cm) 1 1⁄2"" 3⁄8""",,535,199,alta,False,True
15207,LES-10,"escofinas caña, 10 (25 cm) 1"" 5⁄sx"" 6",escofinas caña,"10 (25 cm) 1"" 5⁄sx"" 6",,140,199,alta,False,True
15208,LEHE-14,"Lima escofina para herrar con zanco, 14 (35 cm) 1 5⁄8"" o⁄u2""",Lima escofina para herrar con zanco,"14 (35 cm) 1 5⁄8"" o⁄u2""",,535,199,alta,False,True
15209,LES-12,"escofinas caña, 12 (30 cm) 1 3⁄sx"" 3⁄8"" 6",escofinas caña,"12 (30 cm) 1 3⁄sx"" 3⁄8"" 6",,180,199,alta,False,True
1521,Latónbrillante,"Jaladeras metálicas línea Segovia, brillante 96 mm",Jaladeras metálicas línea Segovia,brillante 96 mm,,34,584,baja,True,False
1522,Latónbrillante,"Jaladeras metálicas línea Segovia, brillante 128 mm",Jaladeras metálicas línea Segovia,brillante 128 mm,,47,584,baja,True,False
15304,LEDE-ST-R,"Lentes de seguridad con banda elástica, Transparente",Lentes de seguridad con banda elástica,Transparente,,110,329,alta,False,True
15307,LTP-6T,"triangulares para machete 34 dpp Limas, ` (15 cm) q⁄sx""",triangulares para machete 34 dpp Limas,"` (15 cm) q⁄sx""",,58,198,alta,False,True
15308,LTP-8T,"triangulares para machete 34 dpp Limas, b (20 cm) 11⁄sx""",triangulares para machete 34 dpp Limas,"b (20 cm) 11⁄sx""",,85,198,alta,False,True
15309,LPB-6T,"planas Limas media caña, ` (15 cm) 5⁄8"" 3⁄sx"" 6",planas Limas media caña,"` (15 cm) 5⁄8"" 3⁄sx"" 6",,72,198,alta,False,True
15311,LPB-8T,"planas Limas media caña, b (20 cm) 3⁄v"" 1⁄v"" 6",planas Limas media caña,"b (20 cm) 3⁄v"" 1⁄v"" 6",,90,198,alta,False,True
15315,LRB-6T,"Limas triángulo doble 58 dpp, con mango para ensamblar , en caja, ` (15 cm) 1⁄v"" 6","Limas triángulo doble 58 dpp, con mango para ensamblar , en caja","` (15 cm) 1⁄v"" 6",,60,198,alta,False,True
15316,LRB-8T,"Limas triángulo doble 58 dpp, con mango para ensamblar , en caja, b (20 cm) 5⁄sx"" 6","Limas triángulo doble 58 dpp, con mango para ensamblar , en caja","b (20 cm) 5⁄sx"" 6",,72,198,alta,False,True
15317,LMCB-6T,"media caña, ` (15 cm) 5⁄8"" 3⁄sx"" 6",media caña,"` (15 cm) 5⁄8"" 3⁄sx"" 6",,84,198,alta,False,True
15318,LMCB-8T,"media caña, b (20 cm) 3⁄v"" 1⁄v"" 6",media caña,"b (20 cm) 3⁄v"" 1⁄v"" 6",,105,198,alta,False,True
15319,LES-6T,"escofinas media caña, ` (15 cm) 5⁄8"" 3⁄sx"" 6",escofinas media caña,"` (15 cm) 5⁄8"" 3⁄sx"" 6",,109,198,alta,False,True
15321,LES-8T,"escofinas media caña, b (20 cm) 13⁄sx"" 1⁄v"" 6",escofinas media caña,"b (20 cm) 13⁄sx"" 1⁄v"" 6",,118,198,alta,False,True
15348,CALA-NX6,,,,,2900,246,media,True,False
15420,CALA-A3,,,,,850,246,media,True,False
15423,CALA-A5,,,,TRUPER,1095,246,media,True,False
15477,,,,231,,,,baja,True,False
15478,,,,231,,,,baja,True,False
15530,ALE-7M," punta recta , organizador plástico abatible, 7 Llaves"," punta recta , organizador plástico abatible",7 Llaves,,72,216,alta,False,True
15533,ALE-7P," punta recta , organizador plástico abatible, 7 Llaves"," punta recta , organizador plástico abatible",7 Llaves,,72,216,alta,False,True
15539,ALL-10P," punta recta , organizador plástico abatible, 10 Llaves 5/64"" 5/32"" 1/4"""," punta recta , organizador plástico abatible","10 Llaves 5/64"" 5/32"" 1/4""",,137,216,alta,False,True
15545,ALL-13P," punta recta , organizador plástico abatible, 13 Llaves"," punta recta , organizador plástico abatible",13 Llaves,,158,216,alta,False,True
15548,ALLX-7M," punta de bola , organizador plástico abatible, 7 Llaves"," punta de bola , organizador plástico abatible",7 Llaves,,152,216,alta,False,True
15551,ALLX-7P," punta de bola , organizador plástico abatible, 7 Llaves"," punta de bola , organizador plástico abatible",7 Llaves,,152,216,alta,False,True
15552,TORX-7C,"Juegos de llaves torx, 7 Llaves 36",Juegos de llaves torx,7 Llaves 36,,95,217,alta,False,True
15553,TORX-7L,"Juegos de llaves torx, 7 Llaves 36",Juegos de llaves torx,7 Llaves 36,,105,217,alta,False,True
15554,TORX-9,"Juegos de llaves torx, 9 Llaves 60",Juegos de llaves torx,9 Llaves 60,,137,217,alta,False,True
15556,ALL-8P,,,"5/64"" 5/32"" 5/16"" 36",,122,216,media,True,False
15557,ALL-7M,,,2 4 6 72,,95,216,media,True,False
15560,ALL-7P,,,"5/64"" 5/32"" 7/32"" 72",,95,216,media,True,False
15562,ALL-30,"Juego de 30 llaves hexagonales largas mixtas punta de bola , estuche de tela","Juego de 30 llaves hexagonales largas mixtas punta de bola , estuche de tela",,,575,217,alta,False,True
15566,ALL-9P,,,"3/32"" 9/64"" 7/32"" 36",,109,216,media,True,False
15569,TORX-8,"Juego de 8 llaves torx tipo navaja, cuerpo de lámina Juego de 8 llaves torx tipo navaja, cuerpo de lámina","Juego de 8 llaves torx tipo navaja, cuerpo de lámina Juego de 8 llaves torx tipo navaja, cuerpo de lámina",,,118,217,alta,False,True
15572,ALL-25,Juego de 25 llaves hexagonales largas mixtas punta de bola,Juego de 25 llaves hexagonales largas mixtas punta de bola,,,380,217,alta,False,True
1560,mm),,»,"60 kg 3,350 m 1 44465 ALG-125 × 12.5 2.4 mm 30 m",,5.20,545,baja,True,False
1561,Negromate,"Jaladeras metálicas línea Segovia, mate 96 mm",Jaladeras metálicas línea Segovia,mate 96 mm,,34,584,baja,True,False
1562,Negromate,"Jaladeras metálicas línea Segovia, mate 128 mm",Jaladeras metálicas línea Segovia,mate 128 mm,,47,584,baja,True,False
1564,de6brocasmachuelo,"Juego de 3 avellanadores para metal, 6 brocas machuelo –32 UNC –24 UNC",Juego de 3 avellanadores para metal,6 brocas machuelo –32 UNC –24 UNC,,,65,baja,True,False
15735,LL-2010X,"Llaves combinadas pulidas con matraca Llaves combinadas pulidas con cabeza articulada y matraca, m|sx 138 mm 90 3",Llaves combinadas pulidas con matraca Llaves combinadas pulidas con cabeza articulada y matraca,m|sx 138 mm 90 3,,118,214,alta,False,True
15736,LL-2012X,"Llaves combinadas pulidas con matraca Llaves combinadas pulidas con cabeza articulada y matraca, k|z 158 mm 90 3",Llaves combinadas pulidas con matraca Llaves combinadas pulidas con cabeza articulada y matraca,k|z 158 mm 90 3,,123,214,alta,False,True
15737,LL-2014X,"Llaves combinadas pulidas con matraca Llaves combinadas pulidas con cabeza articulada y matraca, o|sx 163 mm 90 3",Llaves combinadas pulidas con matraca Llaves combinadas pulidas con cabeza articulada y matraca,o|sx 163 mm 90 3,,130,214,alta,False,True
15738,LL-2016X,"Llaves combinadas pulidas con matraca Llaves combinadas pulidas con cabeza articulada y matraca, i|t 178 mm 90 3",Llaves combinadas pulidas con matraca Llaves combinadas pulidas con cabeza articulada y matraca,i|t 178 mm 90 3,,158,214,alta,False,True
15739,LL-2018X,"Llaves combinadas pulidas con matraca Llaves combinadas pulidas con cabeza articulada y matraca, q|sx 188 mm 90 3",Llaves combinadas pulidas con matraca Llaves combinadas pulidas con cabeza articulada y matraca,q|sx 188 mm 90 3,,165,214,alta,False,True
15740,LL-2020X,"Llaves combinadas pulidas con matraca Llaves combinadas pulidas con cabeza articulada y matraca, m|z 208 mm 90 3",Llaves combinadas pulidas con matraca Llaves combinadas pulidas con cabeza articulada y matraca,m|z 208 mm 90 3,,180,214,alta,False,True
15741,LL-2024X,"Llaves combinadas pulidas con matraca Llaves combinadas pulidas con cabeza articulada y matraca, k|v 243 mm 90 3",Llaves combinadas pulidas con matraca Llaves combinadas pulidas con cabeza articulada y matraca,k|v 243 mm 90 3,,225,214,alta,False,True
15742,,,,214,,,,baja,True,False
15743,,,,214,,,,baja,True,False
15744,,,,214,,,,baja,True,False
15816,JC-8XM,"Juegos de 8 llaves combinadas pulidas con matraca, mm",Juegos de 8 llaves combinadas pulidas con matraca,mm,,990,214,alta,False,True
15817,JC-8XP,"Juegos de 8 llaves combinadas pulidas con matraca, std",Juegos de 8 llaves combinadas pulidas con matraca,std,,990,214,alta,False,True
1600,HILA-2000X,,,,,118,184,media,True,False
16000,,"referencia código contra, 374",referencia código contra,374,,,,baja,True,False
16005,LILE-9T,,,210 g,,205,200,media,True,False
16012,,Mango telescópico de fibra de vidrio y aluminio de 2 a 3.70 m,Mango telescópico de fibra de vidrio y aluminio de 2 a 3.70 m,,,,374,baja,True,False
16020,AERO-35,,30%,Aerógrafo 2,TRUPER,525,110,media,True,False
16021,RE-AERO-35,,30%,Kit de accesorios 6,TRUPER,110,110,media,True,False
16022,MAN-AERO-35,,30%,Manguera 6,TRUPER,95,110,media,True,False
16100,cm,,×16,,,845,408,baja,True,False
1611,Níquelsatinado96,"Jaladeras metálicas línea Cádiz, satinado c` ==",Jaladeras metálicas línea Cádiz,satinado c` ==,,34,585,baja,True,False
1612,Níquelsatinado128,"Jaladeras metálicas línea Cádiz, satinado [\b ==",Jaladeras metálicas línea Cádiz,satinado [\b ==,,47,585,baja,True,False
1618,,"Caja de contactos para canaleta, »16 *",Caja de contactos para canaleta,»16 *,,,381,baja,True,False
1621,Latónbrillante,"Jaladeras metálicas línea Cádiz, brillante c` ==",Jaladeras metálicas línea Cádiz,brillante c` ==,,42,585,baja,True,False
1622,Latónbrillante,"Jaladeras metálicas línea Cádiz, brillante [\b ==",Jaladeras metálicas línea Cádiz,brillante [\b ==,,47,585,baja,True,False
16432,,"Pistola de calor 2,000 W, /","Pistola de calor 2,000 W",/,,1200,251,baja,True,False
1650,Cálida,"Focos de halógeno tipo MR 16, 3,000 K 650 lm 50 W 12 V 5 × 5 cm",Focos de halógeno tipo MR 16,"3,000 K 650 lm 50 W 12 V 5 × 5 cm",,19,434,baja,True,False
16506,MD-2M,,"octagonales, ma>6@ de madera de 1\"" (30 cm)",2 lb (0.9 kg),,230,279,media,True,False
16507,MD-3M,,"octagonales, ma>6@ de madera de 1\"" (30 cm)",3 lb (1.3 kg),,270,279,media,True,False
16508,MD-4M,,"octagonales, ma>6@ de madera de 1\"" (30 cm)",4 lb (1.8 kg),,340,279,media,True,False
16509,MD-6M,,"octagonales, ma>6@ de madera de 36"" (90 cm)",6 lb (2.7 kg),,625,279,media,True,False
16511,MD-8M,,"octagonales, ma>6@ de madera de 36"" (90 cm)",8 lb (3.6 kg),,790,279,media,True,False
16512,MD-10M,,"octagonales, ma>6@ de madera de 36"" (90 cm)",10 lb (4.5 kg),,910,279,media,True,False
16513,MD-12M,,"octagonales, ma>6@ de madera de 36"" (90 cm)",12 lb (5.4 kg),,1070,279,media,True,False
16514,MD-14M,,"octagonales, ma>6@ de madera de 36"" (90 cm)",14 lb (6.3 kg),,1240,279,media,True,False
16515,MD-16M,,"octagonales, ma>6@ de madera de 36"" (90 cm)",16 lb (7.2 kg),,1390,279,media,True,False
16516,MD-20M,,"octagonales, ma>6@ de madera de 36"" (90 cm)",20 lb (9 kg),,1675,279,media,True,False
16536,MD-4F,,"octagonales, ma>6@ de 580ra de J8dr8@ de 14"" (35 cm)",4 lb (1.8 kg),,340,279,media,True,False
16538,MD-8F,,"octagonales, ma>6@ de 580ra de J8dr8@ de 36"" (90 cm)",8 lb (3.6 kg),,790,279,media,True,False
16540,MD-10F,,"octagonales, ma>6@ de 580ra de J8dr8@ de 36"" (90 cm)",10 lb (4.5 kg),,910,279,media,True,False
16542,MD-12F,,"octagonales, ma>6@ de 580ra de J8dr8@ de 36"" (90 cm)",12 lb (5.4 kg),,1070,279,media,True,False
16546,MD-16F,,"octagonales, ma>6@ de 580ra de J8dr8@ de 36"" (90 cm)",16 lb (7.2 kg),,1390,279,media,True,False
16590,ESMA-9N2,"Esmeriladora 9"", 2,350 W","Esmeriladora 9"", 2,350 W",,TRUPER,3100,233,alta,False,True
1661,Negromate,"Jaladeras metálicas línea Cádiz, mate c` ==",Jaladeras metálicas línea Cádiz,mate c` ==,,42,585,baja,True,False
16610,ROU-N3,,"#oGter (re0ajadora)¯ 1,200 W ¯ 1 k|v !",Router,,3050,247,media,True,False
16611,ROU-NX2,,"#oGter (re0ajadora)¯ 1,800 W ¯ \ i|t !",Router,TRUPER,3900,247,media,True,False
1662,Negromate,"Jaladeras metálicas línea Cádiz, mate [\b ==",Jaladeras metálicas línea Cádiz,mate [\b ==,,47,585,baja,True,False
16650,MO-7,"Martillos pulidos Truper Grip, 7 oz 1"" [\ (30 cm) 48",Martillos pulidos Truper Grip,"7 oz 1"" [\ (30 cm) 48",TRUPER,184,281,alta,False,True
16654,MO-16,"Martillos pulidos Truper Grip, 16 oz 1 1⁄8"" [^ (35 cm) 32",Martillos pulidos Truper Grip,"16 oz 1 1⁄8"" [^ (35 cm) 32",TRUPER,240,281,alta,False,True
16656,MO-20,"Martillos pulidos Truper Grip, 20 oz 1 3⁄8"" [` (40 cm) 24",Martillos pulidos Truper Grip,"20 oz 1 3⁄8"" [` (40 cm) 24",TRUPER,254,281,alta,False,True
16658,MOR-16,"Martillos pulidos Truper Grip, 16 oz 1 1⁄8"" [^ (35 cm) 32",Martillos pulidos Truper Grip,"16 oz 1 1⁄8"" [^ (35 cm) 32",TRUPER,240,281,alta,False,True
16660,MOR-20,"Martillos pulidos Truper Grip, 20 oz 1 3⁄8"" [` (40 cm) 24",Martillos pulidos Truper Grip,"20 oz 1 3⁄8"" [` (40 cm) 24",TRUPER,270,281,alta,False,True
16661,MTR-20X,"Martillo tubular pulido, uña curva, 16 oz, mango con TPR, 20 oz 1 1⁄v"" [c (48 cm)","Martillo tubular pulido, uña curva, 16 oz, mango con TPR","20 oz 1 1⁄v"" [c (48 cm)",,215,280,alta,False,True
16662,MOR-24F,,25%,"24 oz 1 o⁄sx"" [a (43 cm) 24",TRUPER,310,281,media,True,False
16663,MOR-20F,,25%,"20 oz 1 3⁄8"" [` (40 cm) 24",TRUPER,280,281,media,True,False
16700,SJ-16,"Martillo tubular pulido, uña curva, 16 oz, mango con TPR","Martillo tubular pulido, uña curva, 16 oz, mango con TPR","16 oz 1 1⁄8"" [] (33 cm)",,215,280,alta,False,True
16701,MT-16,"Martillos tubulares pulidos, 16 y 20 oz, 16 oz 1 1⁄8"" [_ (38 cm)","Martillos tubulares pulidos, 16 y 20 oz","16 oz 1 1⁄8"" [_ (38 cm)",,145,280,alta,False,True
16702,MTR-16,"Martillos tubulares pulidos, 16 y 20 oz, 16 oz 1 1⁄8"" [_ (38 cm)","Martillos tubulares pulidos, 16 y 20 oz","16 oz 1 1⁄8"" [_ (38 cm)",,145,280,alta,False,True
16703,MTR-20,"Martillos tubulares pulidos, 16 y 20 oz","Martillos tubulares pulidos, 16 y 20 oz","20 oz 1 1⁄v"" [c (48 cm)",,195,280,alta,False,True
16704,MTR-20F,"Martillo tubular pulido, uña recta, 20 oz cara fresada","Martillo tubular pulido, uña recta, 20 oz cara fresada","20 oz 1 1⁄v"" [c (48 cm)",,215,280,alta,False,True
16750,MA-7,"Martillos pulidos de bola, 7 oz o⁄8"" [[ (28 cm) 24",Martillos pulidos de bola,"7 oz o⁄8"" [[ (28 cm) 24",,103,281,alta,False,True
16752,MA-16,"Martillos pulidos de bola, 16 oz 1 1⁄8"" [] (33 cm) 24",Martillos pulidos de bola,"16 oz 1 1⁄8"" [] (33 cm) 24",,130,281,alta,False,True
16753,MA-20,"Martillos pulidos de bola, 20 oz 1 1⁄v"" [^ (35 cm) 24",Martillos pulidos de bola,"20 oz 1 1⁄v"" [^ (35 cm) 24",,175,281,alta,False,True
16754,MAR-16,"Martillos pulidos de bola, 16 oz 1 1⁄8"" [] (33 cm) 24",Martillos pulidos de bola,"16 oz 1 1⁄8"" [] (33 cm) 24",,130,281,alta,False,True
16755,MAR-20,"Martillos pulidos de bola, 20 oz 1 1⁄v"" [^ (35 cm) 24",Martillos pulidos de bola,"20 oz 1 1⁄v"" [^ (35 cm) 24",,175,281,alta,False,True
16853,,Bombas extractoras de líquidos,Bombas extractoras de líquidos,,,,62,baja,True,False
16856,,"Bombas extractoras de líquidos, 10067 16853",Bombas extractoras de líquidos,10067 16853,,,62,baja,True,False
16863,MORCA-25,,25%,"25 oz 1 11⁄sx"" [a (43 cm) 24",TRUPER,310,281,media,True,False
16896,D-3820-BE10,Extensión de 6 Extensión de 10,Extensión de 6 Extensión de 10,,,375,126,alta,False,True
16897,D-3826-BE10,Extensión de 6 Extensión de 10,Extensión de 6 Extensión de 10,,,410,126,alta,False,True
16898,D-3820-BE6,Extensión de 6 Extensión de 10,Extensión de 6 Extensión de 10,,,375,126,alta,False,True
16899,D-3826-BE6,Extensión de 6 Extensión de 10,Extensión de 6 Extensión de 10,,,410,126,alta,False,True
16900,MB-8,"Martillos pulidos Truper Grip, de bola, 8 oz 1"" [\ (30 cm) 48","Martillos pulidos Truper Grip, de bola","8 oz 1"" [\ (30 cm) 48",TRUPER,225,281,alta,False,True
16901,MB-12,"Martillos pulidos Truper Grip, de bola, 12 oz 1 1⁄v"" [\ i|t (32 cm) 32","Martillos pulidos Truper Grip, de bola","12 oz 1 1⁄v"" [\ i|t (32 cm) 32",TRUPER,244,281,alta,False,True
16902,MB-16,"Martillos pulidos Truper Grip, de bola, 16 oz 1 5⁄sx"" [^ (35 cm) 32","Martillos pulidos Truper Grip, de bola","16 oz 1 5⁄sx"" [^ (35 cm) 32",TRUPER,270,281,alta,False,True
16903,MB-24,"Martillos pulidos Truper Grip, de bola, 24 oz 1 1⁄2"" [_ (38 cm) 24","Martillos pulidos Truper Grip, de bola","24 oz 1 1⁄2"" [_ (38 cm) 24",TRUPER,330,281,alta,False,True
16904,MB-32,"Martillos pulidos Truper Grip, de bola, 32 oz 1 q⁄sx"" [` (40 cm) 16","Martillos pulidos Truper Grip, de bola","32 oz 1 q⁄sx"" [` (40 cm) 16",TRUPER,365,281,alta,False,True
16905,MB-40,"Martillos pulidos Truper Grip, de bola, 40 oz 1 5⁄8"" [a (43 cm) 16","Martillos pulidos Truper Grip, de bola","40 oz 1 5⁄8"" [a (43 cm) 16",TRUPER,420,281,alta,False,True
16908,TAN-PI10,,Refacciones para tanque de pintura TAN-PI10,,,65,111,media,True,False
16909,RE-MAN-TANPI,,Refacciones para tanque de pintura TAN-PI10,Mangueras 24,,525,111,media,True,False
16910,RE-PIS-TANPI,,Refacciones para tanque de pintura TAN-PI10,Pistola 20,,585,111,media,True,False
16911,RE-EMP-TANPI,,Refacciones para tanque de pintura TAN-PI10,Empaque 24,,255,111,media,True,False
16912,RE-LLA-TANPI,,Refacciones para tanque de pintura TAN-PI10,Rodaja 24,,65,111,media,True,False
16933,BOS-12LM2,,"Bombas para agua limpia, F8B@ 0a<a 4""","1⁄2 HP 6 A 30 m [\Y /=in 1 1⁄v"" NPT 2 mm 3",,3100,47,media,True,False
16934,BOS-34LM2,,"Bombas para agua limpia, F8B@ 0a<a 4""","3⁄4 HP 8.5 A 40 m [\Y /=in 1 1⁄v"" NPT 2 mm 4",,3400,47,media,True,False
1700,rpm,"laminados, alto rendimiento, Discos laminados de fibra de vidrio respaldo de fibra de vidrio","laminados, alto rendimiento, Discos laminados de fibra de vidrio respaldo de fibra de vidrio",,,72,151,baja,True,False
1701,rpm,"laminados, alto rendimiento, Discos laminados de fibra de vidrio respaldo de fibra de vidrio","laminados, alto rendimiento, Discos laminados de fibra de vidrio respaldo de fibra de vidrio",,,72,151,baja,True,False
1702,rpm,"laminados, alto rendimiento, Discos laminados de fibra de vidrio respaldo de fibra de vidrio","laminados, alto rendimiento, Discos laminados de fibra de vidrio respaldo de fibra de vidrio",,,72,151,baja,True,False
1703,rpm,"laminados, alto rendimiento, Discos laminados de fibra de vidrio respaldo de fibra de vidrio","laminados, alto rendimiento, Discos laminados de fibra de vidrio respaldo de fibra de vidrio",,,72,151,baja,True,False
17033,DESI-36,"Destornillador inalámbrico, 3.6 V , i|v""","Destornillador inalámbrico, 3.6 V , i|v""",,,360,262,alta,False,True
17043,CAB-5489-20,"Cables de posicionamiento cuerda trenzada de poliéster, × 350lb1.55kN 2 m",Cables de posicionamiento cuerda trenzada de poliéster,× 350lb1.55kN 2 m,,430,343,alta,False,True
17045,MD-2.5M,,"octagonales, ma>6@ de madera de 1\"" (30 cm)",2.5 lb (1.1 kg),,250,279,baja,True,False
17047,CAB-5490-18-A,"Cable de posicionamiento de acero , 1.8 m , ANSI, 3,600 lb (16 kN)","Cable de posicionamiento de acero , 1.8 m , ANSI","3,600 lb (16 kN)",,750,343,alta,False,True
17067,PLOM-1L,"Plomadas de latón con centro y guía magnética, 35 × 35 mm 3",Plomadas de latón con centro y guía magnética,35 × 35 mm 3,,315,313,alta,False,True
17068,PLOM-3L,"Plomadas de latón con centro y guía magnética, 44 × 41 mm 3",Plomadas de latón con centro y guía magnética,44 × 41 mm 3,,425,313,alta,False,True
17069,PLOM-4L,"Plomadas de latón con centro y guía magnética, 44 × 41 mm 2",Plomadas de latón con centro y guía magnética,44 × 41 mm 2,,615,313,alta,False,True
17070,PLOM-8,"Plomadas de latón, 27 × 117 mm",Plomadas de latón,27 × 117 mm,,225,313,alta,False,True
17071,PLOM-12,"Plomadas de latón, 33 × 131 mm",Plomadas de latón,33 × 131 mm,,310,313,alta,False,True
17072,PLOM-16,"Plomadas de latón, 35 × 145 mm",Plomadas de latón,35 × 145 mm,,380,313,alta,False,True
17102,MALE-16,"Maletas portaherramienta Deniers Deniers, 16"" (40 cm) 16",Maletas portaherramienta Deniers Deniers,"16"" (40 cm) 16",,400,77,alta,False,True
17103,MALE-18,"Maletas portaherramienta Deniers Deniers, 18"" (45 cm) 16",Maletas portaherramienta Deniers Deniers,"18"" (45 cm) 16",,450,77,alta,False,True
17104,MALE-20,"Maletas portaherramienta Deniers Deniers, 20"" (50 cm) 16",Maletas portaherramienta Deniers Deniers,"20"" (50 cm) 16",,515,77,alta,False,True
17108,MALE-22,"Maletas portaherramienta Deniers Deniers, 22"" (55 cm) 16",Maletas portaherramienta Deniers Deniers,"22"" (55 cm) 16",,575,77,alta,False,True
1711,Níquelsatinado96mm,"Jaladeras metálicas línea Burgos, satinado 96 mm",Jaladeras metálicas línea Burgos,satinado 96 mm,,34,584,baja,True,False
1712,Níquelsatinado128mm,"Jaladeras metálicas línea Burgos, satinado 128 mm",Jaladeras metálicas línea Burgos,satinado 128 mm,,48,584,baja,True,False
1716,"o⁄8""","laminados, alto rendimiento, Discos laminados de fibra de vidrio respaldo de fibra de vidrio, 13,300 rpm","laminados, alto rendimiento, Discos laminados de fibra de vidrio respaldo de fibra de vidrio","13,300 rpm",,79,151,baja,True,False
1717,"o⁄8""","laminados, alto rendimiento, Discos laminados de fibra de vidrio respaldo de fibra de vidrio, 13,300 rpm","laminados, alto rendimiento, Discos laminados de fibra de vidrio respaldo de fibra de vidrio","13,300 rpm",,79,151,baja,True,False
1718,"o⁄8""","laminados, alto rendimiento, Discos laminados de fibra de vidrio respaldo de fibra de vidrio, 13,300 rpm","laminados, alto rendimiento, Discos laminados de fibra de vidrio respaldo de fibra de vidrio","13,300 rpm",,79,151,baja,True,False
1719,"o⁄8""","laminados, alto rendimiento, Discos laminados de fibra de vidrio respaldo de fibra de vidrio, 13,300 rpm","laminados, alto rendimiento, Discos laminados de fibra de vidrio respaldo de fibra de vidrio","13,300 rpm",,79,151,baja,True,False
1720,L20,"Canaletas, 2 m, 20 × A 17 mm Sí","Canaletas, 2 m",20 × A 17 mm Sí,,43,381,alta,False,True
1721,Latónbrillante,"Jaladeras metálicas línea Burgos, brillante 96 mm",Jaladeras metálicas línea Burgos,brillante 96 mm,,34,584,baja,True,False
1722,Latónbrillante,"Jaladeras metálicas línea Burgos, brillante 128 mm",Jaladeras metálicas línea Burgos,brillante 128 mm,,48,584,baja,True,False
17256,LINA-1AA,,,9 × 3 cm 50 g 1 AA,,110,201,media,True,False
17269,SISA-N2,"Sierra sable, 900 W","Sierra sable, 900 W",,,2350,246,alta,False,True
1730,DLP-2730,"laminados de fibra de vidrio, ^Y o⁄8"" 8,600 rpm",laminados de fibra de vidrio,"^Y o⁄8"" 8,600 rpm",,96,151,alta,False,True
1735,L35,"Canaletas, 2 m, 35 × A 17 mm NA","Canaletas, 2 m",35 × A 17 mm NA,,47,381,alta,False,True
17472,KR-1L,,,4.6 kg,,715,313,media,True,False
17473,KR-2L,,,6 kg,,905,313,media,True,False
175120,cm,"Tensión 79 kg (175 lb), ancho 9 mm, Natural 10","Tensión 79 kg (175 lb), ancho 9 mm",Natural 10,,165,398,baja,True,False
17537,REP-PIPE-516,"Barras de silicón de m|sx"", ^ (10 cm)","Barras de silicón de m|sx""",^ (10 cm),,26,312,alta,False,True
17538,REP-PIPE-12,"Barras de silicón de i|t"", ^ (10 cm)","Barras de silicón de i|t""",^ (10 cm),,47,312,alta,False,True
17570,cm,"Tensión 79 kg (175 lb), ancho 9 mm, Natural 10","Tensión 79 kg (175 lb), ancho 9 mm",Natural 10,,83,398,baja,True,False
17590,cm,"Tensión 79 kg (175 lb), ancho 9 mm, Natural 10","Tensión 79 kg (175 lb), ancho 9 mm",Natural 10,,118,398,baja,True,False
1761,Negromate,"Jaladeras metálicas línea Burgos, mate 96 mm",Jaladeras metálicas línea Burgos,mate 96 mm,,34,584,baja,True,False
1762,Negromate,"Jaladeras metálicas línea Burgos, mate 128 mm",Jaladeras metálicas línea Burgos,mate 128 mm,,48,584,baja,True,False
17655,PTF-4,"Prensas forjadas en acero, uso industrial, 4 (100 mm) 3 1⁄4 (80 mm)","Prensas forjadas en acero, uso industrial",4 (100 mm) 3 1⁄4 (80 mm),,450,310,alta,False,True
17656,PTF-6,"Prensas forjadas en acero, uso industrial, 6 (150 mm) 4 (100 mm)","Prensas forjadas en acero, uso industrial",6 (150 mm) 4 (100 mm),,720,310,alta,False,True
17657,PTF-8,"Prensas forjadas en acero, uso industrial, 8 (200 mm) 5 1⁄4 (132 mm)","Prensas forjadas en acero, uso industrial",8 (200 mm) 5 1⁄4 (132 mm),,965,310,alta,False,True
17658,PNT-1,"Prensas de hierro dúctil para carpintería Prensa esquinera para soldador, 1 (25 mm) 1 (25 mm)",Prensas de hierro dúctil para carpintería Prensa esquinera para soldador,1 (25 mm) 1 (25 mm),,55,310,alta,False,True
17659,PNT-2,"Prensas de hierro dúctil para carpintería Prensa esquinera para soldador, 2 (50 mm) 1 1⁄z (29 mm)",Prensas de hierro dúctil para carpintería Prensa esquinera para soldador,2 (50 mm) 1 1⁄z (29 mm),,77,310,alta,False,True
17660,PNT-3,"Prensas de hierro dúctil para carpintería Prensa esquinera para soldador, 3 (75 mm) 1 o⁄z (48 mm)",Prensas de hierro dúctil para carpintería Prensa esquinera para soldador,3 (75 mm) 1 o⁄z (48 mm),,165,310,alta,False,True
17661,PNT-4,"Prensas de hierro dúctil para carpintería Prensa esquinera para soldador, 4 (100 mm) 2 (50 mm)",Prensas de hierro dúctil para carpintería Prensa esquinera para soldador,4 (100 mm) 2 (50 mm),,200,310,alta,False,True
17662,PNT-5,"Prensas de hierro dúctil para carpintería Prensa esquinera para soldador, 5 (125 mm) 2 1⁄2 (65 mm)",Prensas de hierro dúctil para carpintería Prensa esquinera para soldador,5 (125 mm) 2 1⁄2 (65 mm),,262,310,alta,False,True
17663,PNT-6,"Prensas de hierro dúctil para carpintería Prensa esquinera para soldador, 6 (150 mm) 2 3⁄4 (70 mm)",Prensas de hierro dúctil para carpintería Prensa esquinera para soldador,6 (150 mm) 2 3⁄4 (70 mm),,340,310,alta,False,True
17664,PNT-8,"Prensas de hierro dúctil para carpintería Prensa esquinera para soldador, 8 (200 mm) 3 (75 mm)",Prensas de hierro dúctil para carpintería Prensa esquinera para soldador,8 (200 mm) 3 (75 mm),,465,310,alta,False,True
17690,PESQ-3,"Prensa esquinera, trabajo ligero","Prensa esquinera, trabajo ligero",,,175,310,alta,False,True
17700,PRE-4,"Prensas de resorte », 2 1⁄4 (57 mm) 12 × 11 cm (4 3⁄v"" × 4 3⁄8"" ) 4",Prensas de resorte »,"2 1⁄4 (57 mm) 12 × 11 cm (4 3⁄v"" × 4 3⁄8"" ) 4",,39,311,alta,False,True
17701,PRE-6,"Prensas de resorte », 3 1⁄4 (84 mm) 18 × 16 cm (7"" × 6 1⁄2"") 4",Prensas de resorte »,"3 1⁄4 (84 mm) 18 × 16 cm (7"" × 6 1⁄2"") 4",,60,311,alta,False,True
17702,PRE-8,"Prensas de resorte », 4 1⁄4 (108 mm) 21 × 16 cm (8 1⁄2"" × 6 1⁄2"") 4",Prensas de resorte »,"4 1⁄4 (108 mm) 21 × 16 cm (8 1⁄2"" × 6 1⁄2"") 4",,87,311,alta,False,True
17704,PTU-25C,"Prensa de cadena para tubo 2 i|t"", i|z""½\ i|t"" (3–65 mm)","Prensa de cadena para tubo 2 i|t""","i|z""½\ i|t"" (3–65 mm)",,1130,312,alta,False,True
17709,deramassinmango,Cortador de ramas sin mango,Cortador de ramas sin mango,ramas sin mango,,,374,baja,True,False
17735,S2,"Prensa de cadena para tubo 2 i|t"", 24 (61 cm) ]\"" (81 cm) 3.3 kg","Prensa de cadena para tubo 2 i|t""","24 (61 cm) ]\"" (81 cm) 3.3 kg",,760,312,alta,False,True
17736,S3,"Prensa de cadena para tubo 2 i|t"", 36 (91 cm) 44"" (112 cm) 3.7 kg","Prensa de cadena para tubo 2 i|t""","36 (91 cm) 44"" (112 cm) 3.7 kg",,845,312,alta,False,True
17737,S4,"Prensa de cadena para tubo 2 i|t"", 48 (122 cm) _`"" (142 cm) 4.3 kg","Prensa de cadena para tubo 2 i|t""","48 (122 cm) _`"" (142 cm) 4.3 kg",,900,312,alta,False,True
17738,S5,"Prensa de cadena para tubo 2 i|t"", 60 (152 cm) `b"" (173 cm) 4.8 kg","Prensa de cadena para tubo 2 i|t""","60 (152 cm) `b"" (173 cm) 4.8 kg",,965,312,alta,False,True
17739,S6,"Prensa de cadena para tubo 2 i|t"", 72 (183 cm) bY"" (203 cm) 5.4 kg","Prensa de cadena para tubo 2 i|t""","72 (183 cm) bY"" (203 cm) 5.4 kg",,1070,312,alta,False,True
17740,ST,"Sargento de tubo k|v"", 1 (25 mm)","Sargento de tubo k|v""",1 (25 mm),,465,312,alta,False,True
17769,BALI-3100V,"Bandas de lija de carburo de silicio, 100",Bandas de lija de carburo de silicio,100,,55,197,alta,False,True
17844,JGO-AN7,"Juego de adaptadores y nudos universales, 7 piezas","Juego de adaptadores y nudos universales, 7 piezas",,,465,127,alta,False,True
17946,VASO-200,"Refacciones para pistola para pintar, 2 20",Refacciones para pistola para pintar,2 20,,130,111,alta,False,True
17947,AN-SOMI-130,"Refacciones para soldadoras inversoras, ntorc7a para proceso con conector tipo o:illo ` == y Napatas k|z 5",Refacciones para soldadoras inversoras,ntorc7a para proceso con conector tipo o:illo ` == y Napatas k|z 5,,870,361,alta,False,True
17948,AN-SOMI-210,"Refacciones para soldadoras inversoras, ntorc7a para proceso con conector tipo europeo [ i|v 5",Refacciones para soldadoras inversoras,ntorc7a para proceso con conector tipo europeo [ i|v 5,,1735,361,alta,False,True
17949,BOQ-SM-130210,"Refacciones para soldadoras inversoras, oCuilla Y®Y]Y para antorc7a proceso 6",Refacciones para soldadoras inversoras,oCuilla Y®Y]Y para antorc7a proceso 6,,79,361,alta,False,True
17951,TOB-SM-130210,"Refacciones para soldadoras inversoras, %o0era im|ut para antorc7a proceso 6",Refacciones para soldadoras inversoras,%o0era im|ut para antorc7a proceso 6,,160,361,alta,False,True
17953,P-SOMI,Pinza para proceso GMAW (MIG ú MAG) FCAW,Pinza para proceso GMAW (MIG ú MAG) FCAW,,,365,361,alta,False,True
1800,,,40X,,,1935,184,baja,True,False
18064,PUNZ-3,Punzones para marcar,Punzones para marcar,,,185,313,alta,False,True
1810,cm,,,Natural 100 20 120,,21,398,baja,True,False
1815,cm,,,Natural 100 20 120,,30,398,baja,True,False
18171,STP-13,"Serrucho de poda hoja curva , Serrucho de poda hoja curva 13"", mango de madera plegable , 10"", mango de madera, STP-12 5","Serrucho de poda hoja curva , Serrucho de poda hoja curva 13"", mango de madera plegable , 10"", mango de madera",STP-12 5,,187,375,alta,False,True
18178,STP-12PL,"Serrucho de poda hoja curva plegable , 10"", mango de madera, 6","Serrucho de poda hoja curva plegable , 10"", mango de madera",6,,187,375,alta,False,True
18179,STP-16X,"Serrucho de poda hoja recta plegable, 5",Serrucho de poda hoja recta plegable,5,,220,375,alta,False,True
1820,cm,,,Natural 100 20 120,,39,398,baja,True,False
18298,ST-716,"Discos sierra para madera , para sierras circulares, [` 8,300 rpm ortes r/pidos","Discos sierra para madera , para sierras circulares","[` 8,300 rpm ortes r/pidos",,180,156,alta,False,True
18299,ST-720,"Discos sierra para madera , para sierras circulares, \Y 8,300 rpm ortes r/pidos","Discos sierra para madera , para sierras circulares","\Y 8,300 rpm ortes r/pidos",,215,156,alta,False,True
18300,ST-724,"Discos sierra para madera , para sierras circulares, \^ 8,000 rpm &so 6eneral","Discos sierra para madera , para sierras circulares","\^ 8,000 rpm &so 6eneral",,240,156,alta,False,True
18301,ST-740,"Discos sierra para madera , para sierras circulares, ^Y 8,000 rpm &so 6eneral","Discos sierra para madera , para sierras circulares","^Y 8,000 rpm &so 6eneral",,345,156,alta,False,True
18302,ST-824,"Discos sierra para madera , para sierras circulares, \^ 8,000 rpm &so 6eneral","Discos sierra para madera , para sierras circulares","\^ 8,000 rpm &so 6eneral",,300,156,alta,False,True
18304,ST-1030,,,"30 7,500 rpm &so 6eneral",,400,157,media,True,False
18305,ST-1040,,,"40 5,500 rpm &so 6eneral",,450,157,media,True,False
18306,ST-1060,,,"60 7,500 rpm orte 5ino",,575,157,media,True,False
18307,ST-1040E,,,"40 7,500 rpm &so 6eneral",,470,157,media,True,False
18308,ST-1060E,,,"60 5,700 rpm orte 5ino",,575,157,media,True,False
18310,ST-1080A,"Discos sierra para aluminio , para sierras de inglete, bY 6,500 rpm Ltra 5ino","Discos sierra para aluminio , para sierras de inglete","bY 6,500 rpm Ltra 5ino",,850,156,alta,False,True
18313,ST-10100A,"Discos sierra para aluminio , para sierras de inglete, [YY 5,700 rpm Ltra 5ino","Discos sierra para aluminio , para sierras de inglete","[YY 5,700 rpm Ltra 5ino",,960,156,alta,False,True
18317,ST-748,"Discos sierra multimaterial , para sierras circulares, ^b 7,900 rpm &so 6eneral","Discos sierra multimaterial , para sierras circulares","^b 7,900 rpm &so 6eneral",,410,156,alta,False,True
18318,ST-730,"Discos sierra para madera , para sierras circulares, ]Y 8,300 rpm &so 6eneral","Discos sierra para madera , para sierras circulares","]Y 8,300 rpm &so 6eneral",,290,156,alta,False,True
18322,ST-1440E,,,"40 4,500 rpm &so 6eneral",,1265,157,media,True,False
18323,ST-1460E,,,"60 4,500 rpm orte 5ino",,1455,157,media,True,False
18324,ST-760,"Discos sierra para madera , para sierras circulares, `Y 8,000 rpm orte 5ino","Discos sierra para madera , para sierras circulares","`Y 8,000 rpm orte 5ino",,390,156,alta,False,True
18406,,Cortador de ramas sin mango,Cortador de ramas sin mango,,,,374,baja,True,False
18410,Clave,"Cortador de ramas sin mango, Largo hoja de corte Mayoreo i|t Mayoreo PHblico NC",Cortador de ramas sin mango,Largo hoja de corte Mayoreo i|t Mayoreo PHblico NC,,,374,baja,True,False
18653,TALI-12AC,"Herramienta, 1 batería de 2 Ah y cargador","Herramienta, 1 batería de 2 Ah y cargador",,,820,263,alta,False,True
18800,LINA-2AAN,"Linternas LED de aluminio, de pilas, 110 m 16 × 3 cm 100 g 2 AA 3","Linternas LED de aluminio, de pilas",110 m 16 × 3 cm 100 g 2 AA 3,,290,201,alta,False,True
18813,LINA-2DN,"Linternas LED de aluminio, de pilas, 260 m 21 × 5 cm 370 g 2 D 2","Linternas LED de aluminio, de pilas",260 m 21 × 5 cm 370 g 2 D 2,,575,201,alta,False,True
18814,LINA-3DN,"Linternas LED de aluminio, de pilas, 300 m 27 × 5 cm 430 g 3 D 2","Linternas LED de aluminio, de pilas",300 m 27 × 5 cm 430 g 3 D 2,,700,201,alta,False,True
19000,Clave,"Accesorios para PIPI-27 y PIPI-26, CajaMáster May. i|tMay. Púb.",Accesorios para PIPI-27 y PIPI-26,CajaMáster May. i|tMay. Púb.,,,111,baja,True,False
19100,m,Ancho 19 mm,Ancho 19 mm,,,105,94,baja,True,False
1915,m,Ancho 19 mm,Ancho 19 mm,,,16,94,baja,True,False
19211,CHAP-14,,,,PRETUL,51,297,media,True,False
19213,EXTA-27,"Extensiones telescópicas de aluminio, 2.7 m (8.8 )",Extensiones telescópicas de aluminio,2.7 m (8.8 ),,225,297,alta,False,True
19216,EXTA-20,"Extensiones telescópicas de aluminio, 2 m (6.5 )",Extensiones telescópicas de aluminio,2 m (6.5 ),,152,297,alta,False,True
1925,,,53 L,,,990,77,baja,True,False
19271,CHISP,"Encendedor de cazuela, × Encendedor",Encendedor de cazuela,× Encendedor,,130,360,alta,False,True
19272,R-CHISP,"Encendedor de cazuela, 5 Piedras",Encendedor de cazuela,5 Piedras,,118,360,alta,False,True
19341,D-3428-HL,Dados largos de 6 puntas,Dados largos de 6 puntas,,,475,126,alta,False,True
19342,D-3430-HL,Dados largos de 6 puntas,Dados largos de 6 puntas,,,475,126,alta,False,True
19343,D-3432-HL,Dados largos de 6 puntas,Dados largos de 6 puntas,,,475,126,alta,False,True
19344,D-3434-HL,Dados largos de 6 puntas,Dados largos de 6 puntas,,,475,126,alta,False,True
19345,D-3436-HL,Dados largos de 6 puntas,Dados largos de 6 puntas,,,505,126,alta,False,True
19346,D-3444-HL,Dados largos de 6 puntas,Dados largos de 6 puntas,,,575,126,alta,False,True
19392,PAD-7,"pads Pad rematador 5"" Cepillo de ixtle para impermeabilizar, 7 (18 cm)","pads Pad rematador 5"" Cepillo de ixtle para impermeabilizar",7 (18 cm),,152,297,alta,False,True
19393,PAD-9,"pads Pad rematador 5"" Cepillo de ixtle para impermeabilizar, 9 (23 cm)","pads Pad rematador 5"" Cepillo de ixtle para impermeabilizar",9 (23 cm),,165,297,alta,False,True
19394,PAD-5R,"Pad rematador 5""","Pad rematador 5""",,,84,297,alta,False,True
19398,REP-PAD-7,"pads Pad rematador 5"" Cepillo de ixtle para impermeabilizar, 7 (18 cm)","pads Pad rematador 5"" Cepillo de ixtle para impermeabilizar",7 (18 cm),,66,297,alta,False,True
19399,REP-PAD-9,"pads Pad rematador 5"" Cepillo de ixtle para impermeabilizar, 9 (23 cm)","pads Pad rematador 5"" Cepillo de ixtle para impermeabilizar",9 (23 cm),,84,297,alta,False,True
1950,m,Ancho 19 mm,Ancho 19 mm,,,32,94,baja,True,False
19510,Clave,"Accesorios para PIPI-27 y PIPI-26, CajaMáster May. i|tMay. Púb.",Accesorios para PIPI-27 y PIPI-26,CajaMáster May. i|tMay. Púb.,,,111,baja,True,False
19511,AC-PIPI-200,Accesorios para PIPI-27 y PIPI-26,Accesorios para PIPI-27 y PIPI-26,,,55,111,alta,False,True
19679,LTP-6M,"Limas mango de polipropileno, ` (15 cm) o⁄sx"" 12",Limas mango de polipropileno,"` (15 cm) o⁄sx"" 12",,35,198,alta,False,True
19680,LTP-7M,"Limas mango de polipropileno, a (18 cm) 1o⁄u2"" 6",Limas mango de polipropileno,"a (18 cm) 1o⁄u2"" 6",,53,198,alta,False,True
19681,LTP-8M,"Limas mango de polipropileno, b (20 cm) 1o⁄u2"" 6",Limas mango de polipropileno,"b (20 cm) 1o⁄u2"" 6",,60,198,alta,False,True
19682,MB-4,"Martillos pulidos Truper Grip, de bola, 4 oz 13⁄sx"" [Y (25 cm) 48","Martillos pulidos Truper Grip, de bola","4 oz 13⁄sx"" [Y (25 cm) 48",TRUPER,203,281,alta,False,True
19711,MOR-10,"Martillos pulidos Truper Grip, 10 oz 1 1⁄sx"" [\ (30 cm) 48",Martillos pulidos Truper Grip,"10 oz 1 1⁄sx"" [\ (30 cm) 48",TRUPER,195,281,alta,False,True
19847,LILE-11T,,,180 g,,195,200,media,True,False
19883,MD-3F,,"octagonales, ma>6@ de 580ra de J8dr8@ de 14"" (35 cm)",3 lb (1.3 kg),,270,279,media,True,False
19884,MD-6F,,"octagonales, ma>6@ de 580ra de J8dr8@ de 36"" (90 cm)",6 lb (2.7 kg),,625,279,media,True,False
19916,VASO-330,"Refacciones para pistola para pintar, 2 20",Refacciones para pistola para pintar,2 20,,230,111,alta,False,True
19952,GOT-L,"Goggles de seguridad, ultra ligeros Goggles de seguridad Goggles de seguridad, profesionales","Goggles de seguridad, ultra ligeros Goggles de seguridad Goggles de seguridad, profesionales",,,72,328,alta,False,True
19989,MORCA-16,,25%,"16 oz 1 1⁄2"" [^ (35 cm) 24",TRUPER,250,281,media,True,False
19990,MORCA-20,,25%,"20 oz 1 q⁄sx"" [` (40 cm) 24",TRUPER,287,281,media,True,False
2000,g,"Lámpara LED plástica reflectora, recargable , 2,000 lm","Lámpara LED plástica reflectora, recargable , 2,000 lm",,,1240,200,baja,True,False
20004,CDC-1915P,"Ancho 19 mm, 1.5 m",Ancho 19 mm,1.5 m,,16,94,alta,False,True
20005,CDC-1950P,"Ancho 19 mm, 5 m",Ancho 19 mm,5 m,,32,94,alta,False,True
2002,,"Estuche con 5 puntas pozidriv iguales , largo 2"" (50 mm)","Estuche con 5 puntas pozidriv iguales , largo 2"" (50 mm)",,,55,316,baja,True,False
20020,cm,con 10 cinchos de acero inoxidable 55 kg (121 lb),con 10 cinchos de acero inoxidable 55 kg (121 lb),,,48,398,baja,True,False
2006,mm,,,,,72,212,baja,True,False
2007,mm,,,,,72,212,baja,True,False
2008,i|v,"Llaves combinadas extra largas , pulidas, 125 mm","Llaves combinadas extra largas , pulidas",125 mm,,72,212,baja,True,False
2009,mm,,,,,75,212,baja,True,False
2010,A,"Cables pasa corriente 10 AWG (5 mmj), 2 m",Cables pasa corriente 10 AWG (5 mmj),2 m,,158,21,alta,False,True
2011,laJes,"Juegos de llaves combinadas, std 3",Juegos de llaves combinadas,std 3,,480,215,baja,True,False
2012,k|z,"Llaves combinadas extra largas , pulidas, 164 mm","Llaves combinadas extra largas , pulidas",164 mm,,77,212,baja,True,False
2013,mm,,,,,105,212,baja,True,False
2014,o|sx,"Llaves combinadas extra largas , pulidas, 183 mm","Llaves combinadas extra largas , pulidas",183 mm,,87,212,baja,True,False
2015,mm,,,,,130,212,baja,True,False
2016,i|t,"Llaves combinadas extra largas , pulidas, 202 mm","Llaves combinadas extra largas , pulidas",202 mm,,105,212,baja,True,False
2017,mm,,,90,,230,213,baja,True,False
2018,q|sx,"Llaves combinadas extra largas , pulidas, 220 mm","Llaves combinadas extra largas , pulidas",220 mm,,109,212,baja,True,False
2019,,"Juegos de llaves combinadas, 7 9 11 13 15",Juegos de llaves combinadas,7 9 11 13 15,,,215,baja,True,False
2020,m|z,"Llaves combinadas extra largas , pulidas, 230 mm","Llaves combinadas extra largas , pulidas",230 mm,,137,212,baja,True,False
20210,DUO-14X4TP,"de desarmadores de PVC, i|ve",de desarmadores de PVC,i|ve,,75,142,alta,False,True
20211,DUO-316X4TP,"de desarmadores de PVC, k|sxe",de desarmadores de PVC,k|sxe,,60,142,alta,False,True
20215,DUO-14X4BP,"de desarmadores, mango Comfort Grip, i⁄v","de desarmadores, mango Comfort Grip",i⁄v,,72,141,alta,False,True
20216,DUO-316X4BP,"de desarmadores, mango Comfort Grip, k⁄sx","de desarmadores, mango Comfort Grip",k⁄sx,,60,141,alta,False,True
20217,JDT-2BP,"Dúo de desarmadores tipo trompo , mango Comfort Grip","Dúo de desarmadores tipo trompo , mango Comfort Grip",,,55,141,alta,False,True
20218,JD-4BP,Juego de 4 desarmadores mango Comfort Grip,Juego de 4 desarmadores mango Comfort Grip,,,118,141,alta,False,True
2022,ii|sx,"Llaves combinadas extra largas , pulidas, 259 mm","Llaves combinadas extra largas , pulidas",259 mm,,152,212,baja,True,False
20220,JD-6BP,Juego de 6 desarmadores mango Comfort Grip,Juego de 6 desarmadores mango Comfort Grip,,,177,141,alta,False,True
2023,enlapared,"Cargadores de baterías para, la pared",Cargadores de baterías para,la pared,TRUPER,,277,baja,True,False
2024,,Vasos de repuesto para pistolas para pintar,Vasos de repuesto para pistolas para pintar,,,130,111,baja,True,False
2025,,Vasos de repuesto para pistolas para pintar,Vasos de repuesto para pistolas para pintar,,,110,111,baja,True,False
2026,REP-CAREL-13-1,,,,,42,331,media,True,False
2028,o|z,"Llaves combinadas Juegos de llaves combinadas, 260 mm 6",Llaves combinadas Juegos de llaves combinadas,260 mm 6,,92,215,baja,True,False
2030,Interruptor,"Rotomartillo SDS Plus, 2 Joules","Rotomartillo SDS Plus, 2 Joules",,,245,241,baja,True,False
2032,LL-2018XF,"Llaves combinadas pulidas con cabeza articulada y matraca, q|sx 181 mm 90 3",Llaves combinadas pulidas con cabeza articulada y matraca,q|sx 181 mm 90 3,,262,214,alta,False,True
2050,Cálida,"Focos de halógeno tipo PAR, 3,000 K 20 400 lm 50 W 6 × 8 cm",Focos de halógeno tipo PAR,"3,000 K 20 400 lm 50 W 6 × 8 cm",,87,434,baja,True,False
20524,CCA-40P,"Cintas para empaque, 48 mm de ancho Cinta impresa para empaque FRÁGIL , 48 mm de ancho, 40 m 12 72","Cintas para empaque, 48 mm de ancho Cinta impresa para empaque FRÁGIL , 48 mm de ancho",40 m 12 72,,19,93,alta,False,True
20525,CTR-40P,"Cintas para empaque, 48 mm de ancho Cinta impresa para empaque FRÁGIL , 48 mm de ancho, 40 m 12 72","Cintas para empaque, 48 mm de ancho Cinta impresa para empaque FRÁGIL , 48 mm de ancho",40 m 12 72,,19,93,alta,False,True
20526,CCA-150P,"Cintas para empaque, 48 mm de ancho Cinta impresa para empaque FRÁGIL , 48 mm de ancho, 150 m 6 48","Cintas para empaque, 48 mm de ancho Cinta impresa para empaque FRÁGIL , 48 mm de ancho",150 m 6 48,,55,93,alta,False,True
20527,CTR-150P,"Cintas para empaque, 48 mm de ancho Cinta impresa para empaque FRÁGIL , 48 mm de ancho, 150 m 6 60","Cintas para empaque, 48 mm de ancho Cinta impresa para empaque FRÁGIL , 48 mm de ancho",150 m 6 60,,55,93,alta,False,True
20528,CDU-10P,"Cintas para ducto, 10 m 6 60",Cintas para ducto,10 m 6 60,,32,92,alta,False,True
20529,CDU-30P,"Cintas para ducto, 30 m 4 40",Cintas para ducto,30 m 4 40,,87,92,alta,False,True
20530,CDU-50P,"Cintas para ducto, 50 m 4 40",Cintas para ducto,50 m 4 40,,130,92,alta,False,True
20595,MT-16P,"Martillos tubulares, 16 y 20 oz, 16 oz 1 1⁄8"" [] (33 cm)","Martillos tubulares, 16 y 20 oz","16 oz 1 1⁄8"" [] (33 cm)",,130,280,alta,False,True
20596,MTR-16P,"Martillos tubulares, 16 y 20 oz, 16 oz 1 1⁄8"" [] (33 cm)","Martillos tubulares, 16 y 20 oz","16 oz 1 1⁄8"" [] (33 cm)",,130,280,alta,False,True
20597,MTR-20P,"Martillos tubulares, 16 y 20 oz","Martillos tubulares, 16 y 20 oz","20 oz 1 1⁄v"" [a (43 cm)",,152,280,alta,False,True
20631,SUS-CASP,,G,NA,,55,326,media,True,False
20668,MSK-12P,"uso general, 50 m 3, 12 mm 24","uso general, 50 m 3",12 mm 24,,21,93,alta,False,True
20669,MSK-34P,"uso general, 50 m 3, 18 mm 24","uso general, 50 m 3",18 mm 24,,30,93,alta,False,True
20671,MSK-1-12P,"uso general, 50 m 3, 36 mm 12","uso general, 50 m 3",36 mm 12,,55,93,alta,False,True
20703,JBAV-5P,,,,,130,64,media,True,False
2111,,"Mecánica Guantes para mecánico, palma de carnaza sintética , para mujer","Mecánica Guantes para mecánico, palma de carnaza sintética , para mujer",,,,335,baja,True,False
2120,RUA-0,"Lijas para plomero, en rollo","Lijas para plomero, en rollo",,,340,197,alta,False,True
2121,,"Mecánica Guantes para mecánico, palma de carnaza sintética y poliuretano","Mecánica Guantes para mecánico, palma de carnaza sintética y poliuretano",,,,335,baja,True,False
21379,JDT-2TP,Dúo de desarmadores tipo trompo mango de PVC,Dúo de desarmadores tipo trompo mango de PVC,,,47,142,alta,False,True
21395,,"Juego de 8 llaves torx tipo navaja, cuerpo de lámina, %#+»8!","Juego de 8 llaves torx tipo navaja, cuerpo de lámina",%#+»8!,,95,217,baja,True,False
2141,CaraCterístiCas:,,,,,,336,baja,True,False
2142,,"poliéster con recubrimiento de nitrilo, alta sensibilidad, 4131","poliéster con recubrimiento de nitrilo, alta sensibilidad",4131,,,337,baja,True,False
21454,VER-6P,"Calibradores vernier escolares, acero","Calibradores vernier escolares, acero",,,87,79,alta,False,True
21455,VER-6PX,"Calibradores vernier escolares, acero","Calibradores vernier escolares, acero",,,95,79,alta,False,True
21456,DR-316X3TP,"planos , mango de PVC, k|sx 6 1⁄2"" × 3""","planos , mango de PVC","k|sx 6 1⁄2"" × 3""",,26,142,alta,False,True
21457,DR-316X6TP,"planos , mango de PVC, k|sx 9 1⁄8"" × 6""","planos , mango de PVC","k|sx 9 1⁄8"" × 6""",,33,142,alta,False,True
21458,DR-316X4TP,"planos , mango de PVC, k|sx 6 o⁄8"" × 4""","planos , mango de PVC","k|sx 6 o⁄8"" × 4""",,32,142,alta,False,True
21459,DR-14X4TP,"planos , mango de PVC, i|v 7 1⁄v"" × 4""","planos , mango de PVC","i|v 7 1⁄v"" × 4""",,38,142,alta,False,True
21460,DR-14X8TP,"planos , mango de PVC, i|v 11 3⁄v"" × 8""","planos , mango de PVC","i|v 11 3⁄v"" × 8""",,51,142,alta,False,True
21461,DR-14X1-12TP,"planos , mango de PVC, i|v 3 1⁄v"" × 1 1⁄2""","planos , mango de PVC","i|v 3 1⁄v"" × 1 1⁄2""",,25,142,alta,False,True
21462,DR-14X6TP,"planos , mango de PVC, i|v 9 1⁄v"" × 6""","planos , mango de PVC","i|v 9 1⁄v"" × 6""",,43,142,alta,False,True
21463,DR-516X6TP,"planos , mango de PVC, m|sx 9 3⁄v"" × 6""","planos , mango de PVC","m|sx 9 3⁄v"" × 6""",,62,142,alta,False,True
21464,DG-18X4TP,"Juego de 8 desarmadores mango de PVC, i|z 6 1⁄v"" × 4""",Juego de 8 desarmadores mango de PVC,"i|z 6 1⁄v"" × 4""",,22,142,alta,False,True
21465,DG-18X6TP,"Juego de 8 desarmadores mango de PVC, i|z 8 1⁄v"" × 6""",Juego de 8 desarmadores mango de PVC,"i|z 8 1⁄v"" × 6""",,25,142,alta,False,True
21466,DG-18X8TP,"Juego de 8 desarmadores mango de PVC, i|z 10 1⁄v"" × 8""",Juego de 8 desarmadores mango de PVC,"i|z 10 1⁄v"" × 8""",,26,142,alta,False,True
21467,DG-316X4TP,"Juego de 8 desarmadores mango de PVC, k|sx 6 o⁄8"" × 4""",Juego de 8 desarmadores mango de PVC,"k|sx 6 o⁄8"" × 4""",,32,142,alta,False,True
21468,DG-316X6TP,"Juego de 8 desarmadores mango de PVC, k|sx 8 3⁄v"" × 6""",Juego de 8 desarmadores mango de PVC,"k|sx 8 3⁄v"" × 6""",,33,142,alta,False,True
21469,DG-316X8TP,"Juego de 8 desarmadores mango de PVC, k|sx 10 o⁄8"" × 8""",Juego de 8 desarmadores mango de PVC,"k|sx 10 o⁄8"" × 8""",,36,142,alta,False,True
21470,DP-516X6TP,"de cruz , mango de PVC Desarmadores planos , mango de PVC, m|sx 9 3⁄v"" × 6""","de cruz , mango de PVC Desarmadores planos , mango de PVC","m|sx 9 3⁄v"" × 6""",,62,142,alta,False,True
21471,DP-316X3TP,"de cruz , mango de PVC Desarmadores planos , mango de PVC, k|sx 6 1⁄v"" × 3""","de cruz , mango de PVC Desarmadores planos , mango de PVC","k|sx 6 1⁄v"" × 3""",,26,142,alta,False,True
21472,DP-316X6TP,"de cruz , mango de PVC Desarmadores planos , mango de PVC, k|sx 9"" × 6""","de cruz , mango de PVC Desarmadores planos , mango de PVC","k|sx 9"" × 6""",,33,142,alta,False,True
21473,DP-316X4TP,"de cruz , mango de PVC Desarmadores planos , mango de PVC, k|sx 7 1⁄v"" × 4""","de cruz , mango de PVC Desarmadores planos , mango de PVC","k|sx 7 1⁄v"" × 4""",,32,142,alta,False,True
21474,DP-14X4TP,"de cruz , mango de PVC Desarmadores planos , mango de PVC, i|v 7 1⁄2"" × 4""","de cruz , mango de PVC Desarmadores planos , mango de PVC","i|v 7 1⁄2"" × 4""",,38,142,alta,False,True
21475,DP-14X8TP,"de cruz , mango de PVC Desarmadores planos , mango de PVC, i|v 11 3⁄8"" × 8""","de cruz , mango de PVC Desarmadores planos , mango de PVC","i|v 11 3⁄8"" × 8""",,51,142,alta,False,True
21476,DP-14X1-12TP,"de cruz , mango de PVC Desarmadores planos , mango de PVC, i|v 3 1⁄v"" × 1 1⁄2""","de cruz , mango de PVC Desarmadores planos , mango de PVC","i|v 3 1⁄v"" × 1 1⁄2""",,25,142,alta,False,True
21477,DP-14X6TP,"de cruz , mango de PVC Desarmadores planos , mango de PVC, i|v 9 3⁄8"" × 6""","de cruz , mango de PVC Desarmadores planos , mango de PVC","i|v 9 3⁄8"" × 6""",,43,142,alta,False,True
21478,DR-316X3BP,"planos , mango Comfort Grip, k⁄sx 6 3⁄v"" × 3""","planos , mango Comfort Grip","k⁄sx 6 3⁄v"" × 3""",,32,141,alta,False,True
21479,DR-316X6BP,"planos , mango Comfort Grip, k⁄sx 9 o⁄8"" × 6""","planos , mango Comfort Grip","k⁄sx 9 o⁄8"" × 6""",,35,141,alta,False,True
21480,DR-316X4BP,"planos , mango Comfort Grip, k⁄sx 7 o⁄8"" × 4""","planos , mango Comfort Grip","k⁄sx 7 o⁄8"" × 4""",,33,141,alta,False,True
21481,DR-14X4BP,"planos , mango Comfort Grip, i⁄v 8 1⁄v"" × 4""","planos , mango Comfort Grip","i⁄v 8 1⁄v"" × 4""",,38,141,alta,False,True
21482,DR-14X8BP,"planos , mango Comfort Grip, i⁄v 12 1⁄v"" × 8""","planos , mango Comfort Grip","i⁄v 12 1⁄v"" × 8""",,51,141,alta,False,True
21483,DR-14X1-12BP,"planos , mango Comfort Grip, i⁄v 4"" × 1 1⁄2""","planos , mango Comfort Grip","i⁄v 4"" × 1 1⁄2""",,29,141,alta,False,True
21484,DR-14X6BP,"planos , mango Comfort Grip, i⁄v 10 1⁄v"" × 6""","planos , mango Comfort Grip","i⁄v 10 1⁄v"" × 6""",,40,141,alta,False,True
21485,DR-516X6BP,"planos , mango Comfort Grip, m⁄sx 10 5⁄8"" × 6""","planos , mango Comfort Grip","m⁄sx 10 5⁄8"" × 6""",,58,141,alta,False,True
21486,DG-18X4BP,"Juego de 8 desarmadores mango Comfort Grip, i⁄z 7"" × 4""",Juego de 8 desarmadores mango Comfort Grip,"i⁄z 7"" × 4""",,25,141,alta,False,True
21487,DG-18X6BP,"Juego de 8 desarmadores mango Comfort Grip, i⁄z 9"" × 6""",Juego de 8 desarmadores mango Comfort Grip,"i⁄z 9"" × 6""",,29,141,alta,False,True
21488,DG-18X8BP,"Juego de 8 desarmadores mango Comfort Grip, i⁄z 11"" × 8""",Juego de 8 desarmadores mango Comfort Grip,"i⁄z 11"" × 8""",,30,141,alta,False,True
21489,DG-316X4BP,"Juego de 8 desarmadores mango Comfort Grip, k⁄sx 7 o⁄8"" × 4""",Juego de 8 desarmadores mango Comfort Grip,"k⁄sx 7 o⁄8"" × 4""",,33,141,alta,False,True
21490,DG-316X6BP,"Juego de 8 desarmadores mango Comfort Grip, k⁄sx 9 o⁄8"" × 6""",Juego de 8 desarmadores mango Comfort Grip,"k⁄sx 9 o⁄8"" × 6""",,35,141,alta,False,True
21491,DG-316X8BP,"Juego de 8 desarmadores mango Comfort Grip, k⁄sx 11 o⁄8"" × 8""",Juego de 8 desarmadores mango Comfort Grip,"k⁄sx 11 o⁄8"" × 8""",,42,141,alta,False,True
21493,DP-316X3BP,"de cruz , mango Comfort Grip Desarmadores, k⁄sx 6 3⁄v"" × 3""","de cruz , mango Comfort Grip Desarmadores","k⁄sx 6 3⁄v"" × 3""",,30,141,alta,False,True
21494,DP-316X6BP,"de cruz , mango Comfort Grip Desarmadores, k⁄sx 9 o⁄8"" × 6""","de cruz , mango Comfort Grip Desarmadores","k⁄sx 9 o⁄8"" × 6""",,35,141,alta,False,True
21495,DP-316X4BP,"de cruz , mango Comfort Grip Desarmadores, k⁄sx 7 o⁄8"" × 4""","de cruz , mango Comfort Grip Desarmadores","k⁄sx 7 o⁄8"" × 4""",,32,141,alta,False,True
21496,DP-14X4BP,"de cruz , mango Comfort Grip Desarmadores, i⁄v 8 1⁄v"" × 4""","de cruz , mango Comfort Grip Desarmadores","i⁄v 8 1⁄v"" × 4""",,36,141,alta,False,True
21498,DP-14X1-12BP,"de cruz , mango Comfort Grip Desarmadores, i⁄v 4"" × 1 1⁄2""","de cruz , mango Comfort Grip Desarmadores","i⁄v 4"" × 1 1⁄2""",,29,141,alta,False,True
21499,DP-14X6BP,"de cruz , mango Comfort Grip Desarmadores, i⁄v 10 1⁄v"" × 6""","de cruz , mango Comfort Grip Desarmadores","i⁄v 10 1⁄v"" × 6""",,42,141,alta,False,True
21518,BOCOR-3P,"Accesorios para equipo de oxicorte y soldadura CORSOL-P, 3 1.9 mm",Accesorios para equipo de oxicorte y soldadura CORSOL-P,3 1.9 mm,,140,360,alta,False,True
21519,BOCOR-4P,"Accesorios para equipo de oxicorte y soldadura CORSOL-P, 4 2.4 mm",Accesorios para equipo de oxicorte y soldadura CORSOL-P,4 2.4 mm,,140,360,alta,False,True
21520,BOCOR-5P,"Accesorios para equipo de oxicorte y soldadura CORSOL-P, 5 2.8 mm",Accesorios para equipo de oxicorte y soldadura CORSOL-P,5 2.8 mm,,140,360,alta,False,True
21521,BOCOR-6P,"Accesorios para equipo de oxicorte y soldadura CORSOL-P, 6 3.3 mm",Accesorios para equipo de oxicorte y soldadura CORSOL-P,6 3.3 mm,,140,360,alta,False,True
21533,BOSOL-3P,"Accesorios para equipo de oxicorte y soldadura CORSOL-P, 3 0.8 mm",Accesorios para equipo de oxicorte y soldadura CORSOL-P,3 0.8 mm,,118,360,alta,False,True
21534,BOSOL-5P,"Accesorios para equipo de oxicorte y soldadura CORSOL-P, 5 1 mm",Accesorios para equipo de oxicorte y soldadura CORSOL-P,5 1 mm,,130,360,alta,False,True
21535,BOSOL-7P,"Accesorios para equipo de oxicorte y soldadura CORSOL-P, 7 1.5 mm",Accesorios para equipo de oxicorte y soldadura CORSOL-P,7 1.5 mm,,152,360,alta,False,True
21538,GOT-P,Goggles de seguridad,Goggles de seguridad,,,47,328,alta,False,True
21576,CORSOL-P,"Equipo de oxicorte y soldadura, 4 (100 mm) i⁄v (6.5 mm)",Equipo de oxicorte y soldadura,4 (100 mm) i⁄v (6.5 mm),,5400,360,alta,False,True
21692,VAL-BA,Adaptadores para inflar balones,Adaptadores para inflar balones,,,137,62,alta,False,True
21851,ALL-P8M," Juegos de llaves hexagonales, tipo llavero, 12"," Juegos de llaves hexagonales, tipo llavero",12,,32,216,alta,False,True
21854,ALL-10P-P,,,,,96,216,media,True,False
21855,,,,,,95,216,baja,True,False
21856,ALL-13P-P,,,"5/64"" 5/32"" 5/16""",,110,216,media,True,False
21880,LL-2008P,"Llaves combinadas Juegos de llaves combinadas, i|v 100 mm 12",Llaves combinadas Juegos de llaves combinadas,i|v 100 mm 12,,26,215,alta,False,True
21881,LL-2010P,"Llaves combinadas Juegos de llaves combinadas, m|sx 120 mm 12",Llaves combinadas Juegos de llaves combinadas,m|sx 120 mm 12,,29,215,alta,False,True
21882,LL-2012P,"Llaves combinadas Juegos de llaves combinadas, k|z 140 mm 12",Llaves combinadas Juegos de llaves combinadas,k|z 140 mm 12,,30,215,alta,False,True
21883,LL-2014P,"Llaves combinadas Juegos de llaves combinadas, o|sx 150 mm 12",Llaves combinadas Juegos de llaves combinadas,o|sx 150 mm 12,,35,215,alta,False,True
21884,LL-2016P,"Llaves combinadas Juegos de llaves combinadas, i|t 170 mm 12",Llaves combinadas Juegos de llaves combinadas,i|t 170 mm 12,,36,215,alta,False,True
21885,LL-2018P,"Llaves combinadas Juegos de llaves combinadas, q|sx 180 mm 12",Llaves combinadas Juegos de llaves combinadas,q|sx 180 mm 12,,42,215,alta,False,True
21886,LL-2020P,"Llaves combinadas Juegos de llaves combinadas, m|z 200 mm 12",Llaves combinadas Juegos de llaves combinadas,m|z 200 mm 12,,51,215,alta,False,True
21887,LL-2022P,"Llaves combinadas Juegos de llaves combinadas, ii|sx 210 mm 12",Llaves combinadas Juegos de llaves combinadas,ii|sx 210 mm 12,,55,215,alta,False,True
21888,LL-2024P,"Llaves combinadas Juegos de llaves combinadas, k|v 230 mm 12",Llaves combinadas Juegos de llaves combinadas,k|v 230 mm 12,,60,215,alta,False,True
21889,LL-2026P,"Llaves combinadas Juegos de llaves combinadas, ik|sx 250 mm 6",Llaves combinadas Juegos de llaves combinadas,ik|sx 250 mm 6,,87,215,alta,False,True
21890,LL-2028P,"Llaves combinadas Juegos de llaves combinadas, o|z 260 mm 6",Llaves combinadas Juegos de llaves combinadas,o|z 260 mm 6,,92,215,alta,False,True
21902,J-206P,"Juegos de llaves combinadas, ` laJes 3",Juegos de llaves combinadas,` laJes 3,,195,215,alta,False,True
21909,,"Juegos de llaves combinadas, 9 11 13 15",Juegos de llaves combinadas,9 11 13 15,,,215,baja,True,False
21910,"3⁄v""","Juegos de llaves combinadas, o⁄8""",Juegos de llaves combinadas,"o⁄8""",,,215,baja,True,False
21911,"o⁄sx""","Juegos de llaves combinadas, q⁄sx"" 11⁄sx"" 13⁄sx""",Juegos de llaves combinadas,"q⁄sx"" 11⁄sx"" 13⁄sx""",,,215,baja,True,False
21912,,"Juegos de llaves combinadas, 6 8 10 12 14 16",Juegos de llaves combinadas,6 8 10 12 14 16,,,215,baja,True,False
21913,,"Juegos de llaves combinadas, 7 9 11 13 15",Juegos de llaves combinadas,7 9 11 13 15,,,215,baja,True,False
21950,LL-3018P,"Juegos de 5 llaves españolas , pulidas, i|v m|sx 122 mm","Juegos de 5 llaves españolas , pulidas",i|v m|sx 122 mm,,30,215,alta,False,True
21951,LL-3020P,"Juegos de 5 llaves españolas , pulidas, m|sx k|z 140 mm","Juegos de 5 llaves españolas , pulidas",m|sx k|z 140 mm,,32,215,alta,False,True
21952,LL-3021P,"Juegos de 5 llaves españolas , pulidas, k|z o|sx 157 mm","Juegos de 5 llaves españolas , pulidas",k|z o|sx 157 mm,,39,215,alta,False,True
21953,LL-3025P,"Juegos de 5 llaves españolas , pulidas, o|sx i|t 172 mm","Juegos de 5 llaves españolas , pulidas",o|sx i|t 172 mm,,43,215,alta,False,True
21954,LL-3026P,"Juegos de 5 llaves españolas , pulidas, i|t q|sx 172 mm","Juegos de 5 llaves españolas , pulidas",i|t q|sx 172 mm,,46,215,alta,False,True
21955,LL-3030P,"Juegos de 5 llaves españolas , pulidas, q|sx m|z 185 mm","Juegos de 5 llaves españolas , pulidas",q|sx m|z 185 mm,,47,215,alta,False,True
21956,LL-3031P,"Juegos de 5 llaves españolas , pulidas, m|z k|v 221 mm","Juegos de 5 llaves españolas , pulidas",m|z k|v 221 mm,,72,215,alta,False,True
21971,LL-30809MP,"Juegos de 5 llaves españolas , pulidas, b c 140 mm","Juegos de 5 llaves españolas , pulidas",b c 140 mm,,32,215,alta,False,True
21972,LL-31011MP,"Juegos de 5 llaves españolas , pulidas, [Y [[ 157 mm","Juegos de 5 llaves españolas , pulidas",[Y [[ 157 mm,,39,215,alta,False,True
21973,LL-31213MP,"Juegos de 5 llaves españolas , pulidas, [\ [] 172 mm","Juegos de 5 llaves españolas , pulidas",[\ [] 172 mm,,46,215,alta,False,True
21974,,"Juegos de 5 llaves españolas , pulidas, 10 × 11","Juegos de 5 llaves españolas , pulidas",10 × 11,,,215,baja,True,False
21994,J-209P,"Juegos de llaves combinadas, c laJes std 3",Juegos de llaves combinadas,c laJes std 3,,420,215,alta,False,True
21995,J-209M,"Juegos de llaves combinadas, c laJes mm 3",Juegos de llaves combinadas,c laJes mm 3,,310,215,alta,False,True
21996,J-2010MP,"acabado níquel negro mixtas , pulidas, std mm","acabado níquel negro mixtas , pulidas",std mm,,330,215,alta,False,True
2200,ccmm,,x2,,,,571,baja,True,False
22000,J-305P,"Juegos de 5 llaves españolas , pulidas, _ laJes std 3⁄8"" × o⁄sx"" 5⁄8"" × 3⁄v"" 3","Juegos de 5 llaves españolas , pulidas","_ laJes std 3⁄8"" × o⁄sx"" 5⁄8"" × 3⁄v"" 3",,215,215,alta,False,True
22001,J-305M,"Juegos de 5 llaves españolas , pulidas, _ laJes mm 8 × 9 14 × 15 3","Juegos de 5 llaves españolas , pulidas",_ laJes mm 8 × 9 14 × 15 3,,195,215,alta,False,True
2201,PZ1,"Estuche con 5 puntas pozidriv iguales , largo 2"" (50 mm) Estuches con 5 puntas pozidriv iguales , largo 2"" (50 mm)","Estuche con 5 puntas pozidriv iguales , largo 2"" (50 mm) Estuches con 5 puntas pozidriv iguales , largo 2"" (50 mm)",,,55,316,alta,False,True
22016,J-206P,"Juegos de llaves combinadas, ` laJes std 3",Juegos de llaves combinadas,` laJes std 3,,195,215,alta,False,True
22017,J-206M,"Juegos de llaves combinadas, ` laJes mm 3",Juegos de llaves combinadas,` laJes mm 3,,195,215,alta,False,True
2202,PZ2,"Estuche con 5 puntas pozidriv iguales , largo 2"" (50 mm) Estuches con 5 puntas pozidriv iguales , largo 2"" (50 mm)","Estuche con 5 puntas pozidriv iguales , largo 2"" (50 mm) Estuches con 5 puntas pozidriv iguales , largo 2"" (50 mm)",,,55,316,alta,False,True
2203,PZ3,"Estuche con 5 puntas pozidriv iguales , largo 2"" (50 mm) Estuches con 5 puntas pozidriv iguales , largo 2"" (50 mm)","Estuche con 5 puntas pozidriv iguales , largo 2"" (50 mm) Estuches con 5 puntas pozidriv iguales , largo 2"" (50 mm)",,,55,316,alta,False,True
22090,ASP-12V-P,"Aspiradora para auto, 12 V","Aspiradora para auto, 12 V",,,435,31,alta,False,True
2210,kg,"Rodajas de polietileno placa giratoria con buje, 2"" (50) 22 67 8 × 6 61 × 49",Rodajas de polietileno placa giratoria con buje,"2"" (50) 22 67 8 × 6 61 × 49",,87,551,baja,True,False
2211,kg,"Rodajas de polietileno placa giratoria con buje, 2i|t"" (65) 22 77 8 × 6 61 × 49",Rodajas de polietileno placa giratoria con buje,"2i|t"" (65) 22 77 8 × 6 61 × 49",,105,551,baja,True,False
2212,kg,"Rodajas de polietileno placa giratoria con buje, 3"" (75) 22 92 8 × 6 59 × 49",Rodajas de polietileno placa giratoria con buje,"3"" (75) 22 92 8 × 6 59 × 49",,125,551,baja,True,False
22120,cm36,"flexible trenzado de vinilo i|t"" k|z"" plásticolatón, 36","flexible trenzado de vinilo i|t"" k|z"" plásticolatón",36,,205,517,baja,True,False
2213,kg,"Rodajas de polietileno placa giratoria con balero, 2"" (50) 25 72 8 67 × 49 4 72",Rodajas de polietileno placa giratoria con balero,"2"" (50) 25 72 8 67 × 49 4 72",,118,551,baja,True,False
2214,kg,"Rodajas de polietileno placa giratoria con balero, 2i|t"" (65) 35 87 12 95 × 66 4 36",Rodajas de polietileno placa giratoria con balero,"2i|t"" (65) 35 87 12 95 × 66 4 36",,187,551,baja,True,False
2215,kg,"Rodajas de polietileno placa giratoria con balero, 3"" (75) 35 99 12 95 × 66 4 24",Rodajas de polietileno placa giratoria con balero,"3"" (75) 35 99 12 95 × 66 4 24",,200220,551,baja,True,False
22150,cm36,"flexible trenzado de vinilo i|t"" k|z"" plásticolatón, 36","flexible trenzado de vinilo i|t"" k|z"" plásticolatón",36,,235,517,baja,True,False
2216,kg,"Rodajas de polietileno placa giratoria con balero, 4"" (100) 42 125 13 128 × 102 2 12",Rodajas de polietileno placa giratoria con balero,"4"" (100) 42 125 13 128 × 102 2 12",,365,551,baja,True,False
22203,MD-6MP,,"tipo nevada, ma>6@ de 580ra de J8dr8@ de 36"" (90 cm)",6 lb (2.7 kg),,465,279,media,True,False
22205,MD-8MP,,"tipo nevada, ma>6@ de 580ra de J8dr8@ de 36"" (90 cm)",8 lb (3.6 kg),,585,279,media,True,False
22206,MD-10MP,,"tipo nevada, ma>6@ de 580ra de J8dr8@ de 36"" (90 cm)",10 lb (4.5 kg),,635,279,media,True,False
22207,MD-12MP,,"tipo nevada, ma>6@ de 580ra de J8dr8@ de 36"" (90 cm)",12 lb (5.4 kg),,760,279,media,True,False
22215,DHT-2P,,"tipo nevada, ma>6@ de madera de 10 k|v"" (27 cm)",2 lb (0.9 kg),,152,279,media,True,False
22216,DHT-3P,,"tipo nevada, ma>6@ de madera de 10 k|v"" (27 cm)",3 lb (1.3 kg),,195,279,media,True,False
22217,DHT-4P,,"tipo nevada, ma>6@ de madera de 10 k|v"" (27 cm)",4 lb (1.8 kg),,245,279,media,True,False
22270,SJ-16P,"Martillo tubular pulido, uña curva, 16 oz, mango con TPR","Martillo tubular pulido, uña curva, 16 oz, mango con TPR","16 oz 1 1⁄8"" [] (33 cm)",,152,280,alta,False,True
22290,MP-16,"Martillos semipulidos, 16 oz 1 1⁄8"" [] (33 cm) 24",Martillos semipulidos,"16 oz 1 1⁄8"" [] (33 cm) 24",,115,281,alta,False,True
22291,MO-10E,"Mini martillo Comfort Grip , uña curva 10 oz","Mini martillo Comfort Grip , uña curva 10 oz","10 oz 15⁄sx"" ` i|t (16 cm)",,110,280,alta,False,True
2240,cm,"flexible trenzado de vinilo i|t"" k|z"" plásticolatón, 36","flexible trenzado de vinilo i|t"" k|z"" plásticolatón",36,,140,517,baja,True,False
22464,PLOM-4Z,"Plomadas metálicas con centro, 58 × 54 mm",Plomadas metálicas con centro,58 × 54 mm,,325,313,alta,False,True
2255,áánngguulloo,"Lámpara LED plástica reflectora, recargable , 2,000 lm","Lámpara LED plástica reflectora, recargable , 2,000 lm",,,,200,baja,True,False
2260,cm,"flexible trenzado de vinilo i|t"" k|z"" plásticolatón, 36","flexible trenzado de vinilo i|t"" k|z"" plásticolatón",36,,160,517,baja,True,False
2262,CV-762,"Tees, k|v k|v k|v 25 25 25 \Y 200",Tees,k|v k|v k|v 25 25 25 \Y 200,,11,509,alta,False,True
22658,MB-16P,"Martillos pulidos de bola, 16 oz 1 1⁄v"" [] i|t (34 cm) 16",Martillos pulidos de bola,"16 oz 1 1⁄v"" [] i|t (34 cm) 16",,152,281,alta,False,True
22659,MB-24P,"Martillos pulidos de bola, 24 oz 1 1⁄2"" [^ i|t (37 cm) 16",Martillos pulidos de bola,"24 oz 1 1⁄2"" [^ i|t (37 cm) 16",,180,281,alta,False,True
22660,MB-32P,"Martillos pulidos de bola, 32 oz 1 5⁄8"" [^ i|t (37 cm) 16",Martillos pulidos de bola,"32 oz 1 5⁄8"" [^ i|t (37 cm) 16",,195,281,alta,False,True
2277,ccmm,,x2,,,,571,baja,True,False
2280,cm,"flexible trenzado de vinilo i|t"" k|z"" plásticolatón, 36","flexible trenzado de vinilo i|t"" k|z"" plásticolatón",36,,175,517,baja,True,False
2299,HEPA,"Aspiradora inalámbrica para auto , 20 V","Aspiradora inalámbrica para auto , 20 V",,,,31,media,True,False
23031,PAEL-1CP,"Parrillas eléctricas de resistencia, Blanco 750 W 5 6 A 12",Parrillas eléctricas de resistencia,Blanco 750 W 5 6 A 12,,195,407,alta,False,True
23032,PAEL-2CP,"Parrillas eléctricas de resistencia, × Blanco 2,000 W (1,000 W cu) 5 16 A 8",Parrillas eléctricas de resistencia,"× Blanco 2,000 W (1,000 W cu) 5 16 A 8",,365,407,alta,False,True
23111,RE-PIPI-200P,"Refacciones para pistola para pintar, 6 30",Refacciones para pistola para pintar,6 30,,117,111,alta,False,True
23202,FGA-10NP,,,100,,87,518,media,True,False
23390,RES-1-P,"Respiradores media cara, sin cartuchos","Respiradores media cara, sin cartuchos",,,152,328,alta,False,True
23391,RES-2-P,"Respiradores media cara, sin cartuchos","Respiradores media cara, sin cartuchos",,,200,328,alta,False,True
23392,CF-VO-P,"Filtro y cartuchos para respiradores RES-2-P y RES-1-P, Cartucho para vapores orgánicos",Filtro y cartuchos para respiradores RES-2-P y RES-1-P,Cartucho para vapores orgánicos,,72,328,alta,False,True
23393,CF-PO-P,Filtro y cartuchos para respiradores RES-2-P y RES-1-P,Filtro y cartuchos para respiradores RES-2-P y RES-1-P,,,39,328,alta,False,True
23394,CF-PI-P,"Filtro y cartuchos para respiradores RES-2-P y RES-1-P, Cartucho para pintura en spray",Filtro y cartuchos para respiradores RES-2-P y RES-1-P,Cartucho para pintura en spray,,72,328,alta,False,True
23395,CF-VI-P,"Filtro y cartuchos para respiradores RES-2-P y RES-1-P, Cartucho para vapores inorgánicos",Filtro y cartuchos para respiradores RES-2-P y RES-1-P,Cartucho para vapores inorgánicos,,87,328,alta,False,True
2345,,Escuadras para muros de yeso,Escuadras para muros de yeso,,,,164,baja,True,False
24050,LILE-3P,"Linternas LED plásticas, recargables, 50 lm 6.5 h 100 m 15 × 5 cm 90 g","Linternas LED plásticas, recargables",50 lm 6.5 h 100 m 15 × 5 cm 90 g,,75,201,alta,False,True
24080,LILE-5P,"Linternas LED plásticas, recargables, 70 lm 6.5 h 150 m 17 × 6 cm 110 g","Linternas LED plásticas, recargables",70 lm 6.5 h 150 m 17 × 6 cm 110 g,,87,201,alta,False,True
24082,LILE-7P,"Linternas LED plásticas, recargables, 80 lm 6 h 150 m 19 × 6 cm 120 g","Linternas LED plásticas, recargables",80 lm 6 h 150 m 19 × 6 cm 120 g,,96,201,alta,False,True
24091,LIRE-145P,"Lámpara LED plástica reflectora, recargable , 260 lm, 290 g","Lámpara LED plástica reflectora, recargable , 260 lm",290 g,,215,200,alta,False,True
2432,cm),"» de bola, ojo ovalado, MB»24P MB»32P","» de bola, ojo ovalado",MB»24P MB»32P,,47,223,baja,True,False
2436,m,,,,,129,207,baja,True,False
24491,LMO-316P,"para motosierra, 8 (20 cm) 3⁄sx""",para motosierra,"8 (20 cm) 3⁄sx""",,26,199,alta,False,True
24492,LMO-732P,"para motosierra, 8 (20 cm) o⁄u2""",para motosierra,"8 (20 cm) o⁄u2""",,26,199,alta,False,True
25000,MA-7P,"Martillos semipulidos, 7 oz o⁄8"" [[ (28 cm) 24",Martillos semipulidos,"7 oz o⁄8"" [[ (28 cm) 24",,96,281,alta,False,True
25001,MAR-16P,"Martillos semipulidos, 16 oz 1 1⁄8"" [] (33 cm) 24",Martillos semipulidos,"16 oz 1 1⁄8"" [] (33 cm) 24",,115,281,alta,False,True
25036,CAS-NP,,G,,,125,326,media,True,False
25037,CAS-AP,,G,,,125,326,media,True,False
25038,CAS-BP,,G,,,125,326,media,True,False
25039,CAS-ZP,,G,,,125,326,media,True,False
25044,CAS-RP,,G,,,125,326,media,True,False
25045,CAS-VP,,G,,,125,326,media,True,False
25086,EMP-100LB,"Luminarios LED empotrados redondos, Fría _ * 380 lm 9 cm 7 cm 4 20",Luminarios LED empotrados redondos,Fría _ * 380 lm 9 cm 7 cm 4 20,,51,438,alta,False,True
25087,EMP-101LB,"Luminarios LED empotrados redondos, Fría a * 600 lm 12 cm 9 cm 4 20",Luminarios LED empotrados redondos,Fría a * 600 lm 12 cm 9 cm 4 20,,66,438,alta,False,True
25088,EMP-102LB,"Luminarios LED empotrados redondos, Fría [\ * 1,150 lm 14 cm 12 cm 2 12",Luminarios LED empotrados redondos,"Fría [\ * 1,150 lm 14 cm 12 cm 2 12",,96,438,alta,False,True
2510,A,"Cables pasa corriente 10 AWG (5 mmj), 2.5 m",Cables pasa corriente 10 AWG (5 mmj),2.5 m,,175,21,alta,False,True
25100,m,Ancho 25 mm,Ancho 25 mm,,,140,94,baja,True,False
2520,cm,"metálicos mosquitos, recargables","metálicos mosquitos, recargables",,,880,407,baja,True,False
2550,m,Ancho 25 mm,Ancho 25 mm,,,75,94,baja,True,False
2564,,Conector Yee,Conector Yee,,,,503,baja,True,False
2600,g,,,,,940,202,baja,True,False
26065,VAL-BA-5,Adaptadores para inflar balones,Adaptadores para inflar balones,,,11,62,alta,False,True
26076,J-2032MPG,Juego de 32 llaves combinadas mixtas acabado níquel negro,Juego de 32 llaves combinadas mixtas acabado níquel negro,,,845,215,alta,False,True
26077,J-2011PG,"Juegos de 11 llaves combinadas acabado níquel negro, std 5⁄sx"" 1⁄2"" 11⁄sx"" o⁄8""",Juegos de 11 llaves combinadas acabado níquel negro,"std 5⁄sx"" 1⁄2"" 11⁄sx"" o⁄8""",,510,215,alta,False,True
26078,J-2011MG,"Juegos de 11 llaves combinadas acabado níquel negro, mm 7 10 13 19",Juegos de 11 llaves combinadas acabado níquel negro,mm 7 10 13 19,,400,215,alta,False,True
26092,PAEL-2CPN,"Parrillas eléctricas de resistencia, Negro 2,000 W (1,000 W cu) 5 16 A 8",Parrillas eléctricas de resistencia,"Negro 2,000 W (1,000 W cu) 5 16 A 8",,365,407,alta,False,True
26093,PAEL-1CPN,"Parrillas eléctricas de resistencia, Negro 750 W 5 6 A 12",Parrillas eléctricas de resistencia,Negro 750 W 5 6 A 12,,195,407,alta,False,True
26101,LIRE-120P,,,Fijo 120 lm 9 h 80 m 13 × 4 cm 80 g,,130,201,media,True,False
26102,LIRE-180P,,,Fijo 180 lm 4 h 140 m 15 × 5 cm 110 g,,145,201,media,True,False
26117,ROTI-20P2,,,,,970,265,media,True,False
26118,TALI-20P2,,,,,910,265,media,True,False
26127,CB-MOG-65P,Carburadores para motores a gasolina,Carburadores para motores a gasolina,,,310,278,alta,False,True
26128,CB-MOG-130P,Carburadores para motores a gasolina,Carburadores para motores a gasolina,,,575,278,alta,False,True
2630,cm),"» REGIONAL, 23 mm EP-30 EP-26F EP-26R",» REGIONAL,23 mm EP-30 EP-26F EP-26R,,47,222,baja,True,False
27048,CS-75IBP,,"x2 x2 instala-fácil , llave tradicional instala-fácil , llave tradicional",,,195,572,media,True,False
27049,CS-75DBP,,"x2 x2 instala-fácil , llave tradicional instala-fácil , llave tradicional",,,195,572,media,True,False
27055,ST-724P,,,"\^ 8,000 rpm &so 6eneral",,152,156,media,True,False
27056,ST-740P,,,"^Y 8,000 rpm &so 6eneral",,200,156,media,True,False
27057,ST-1040EP,,,"40 7,500 rpm eneral",,300,157,media,True,False
27059,ST-760P,,,"`Y 7,000 rpm orte 5ino",,220,156,media,True,False
27120,TAL»12P2,,,,,1030,267,baja,True,False
2716,"o⁄8""","laminados de fibra de vidrio, 13,300 rpm",laminados de fibra de vidrio,"13,300 rpm",,47,151,baja,True,False
2717,"o⁄8""","laminados de fibra de vidrio, 13,300 rpm",laminados de fibra de vidrio,"13,300 rpm",,47,151,baja,True,False
2718,"o⁄8""","laminados de fibra de vidrio, 13,300 rpm",laminados de fibra de vidrio,"13,300 rpm",,47,151,baja,True,False
27200,PNT-2P,"Prensas de hierro dúctil para carpintería, 2 (50 mm) 1 1⁄z (29 mm)",Prensas de hierro dúctil para carpintería,2 (50 mm) 1 1⁄z (29 mm),,58,310,alta,False,True
27203,PNT-5P,"Prensas de hierro dúctil para carpintería, 5 (125 mm) 2 1⁄2 (65 mm)",Prensas de hierro dúctil para carpintería,5 (125 mm) 2 1⁄2 (65 mm),,165,310,alta,False,True
27204,PNT-6P,"Prensas de hierro dúctil para carpintería, 6 (150 mm) 2 3⁄4 (70 mm)",Prensas de hierro dúctil para carpintería,6 (150 mm) 2 3⁄4 (70 mm),,219,310,alta,False,True
2730,"o⁄8""","laminados de fibra de vidrio, 8,600 rpm",laminados de fibra de vidrio,"8,600 rpm",,96,151,baja,True,False
2731,"o⁄8""","laminados de fibra de vidrio, 8,600 rpm",laminados de fibra de vidrio,"8,600 rpm",,96,151,baja,True,False
28002,CIM-28P,Cepillo de ixtle para impermeabilizar,Cepillo de ixtle para impermeabilizar,,,140,297,alta,False,True
28019,LIPLA-40P,"Linterna LED plástica, de pilas , 40 lm","Linterna LED plástica, de pilas , 40 lm",40 lm 3.5 h 40 g,,79,201,alta,False,True
28041,R-ROPI-910P,"Felpas para rodillos uso general , 9, 3⁄z Lisas ROPI-910P","Felpas para rodillos uso general , 9",3⁄z Lisas ROPI-910P,,22,295,alta,False,True
28042,R-ROPI-915P,"Felpas para rodillos uso general , 9, m⁄z Poco rugosas ROPI-915P","Felpas para rodillos uso general , 9",m⁄z Poco rugosas ROPI-915P,,24,295,alta,False,True
28043,R-ROPI-920P,"Felpas para rodillos uso general , 9, 3⁄4 Rugosas ROPI-920P","Felpas para rodillos uso general , 9",3⁄4 Rugosas ROPI-920P,,25,295,alta,False,True
28044,R-ROPI-925P,"Felpas para rodillos uso general , 9, 1 Muy rugosas ROPI-925P","Felpas para rodillos uso general , 9",1 Muy rugosas ROPI-925P,,26,295,alta,False,True
28076,DP-18X4TP,"de cruz , mango de PVC Desarmadores planos , mango de PVC, i|z 6 1⁄v"" × 4""","de cruz , mango de PVC Desarmadores planos , mango de PVC","i|z 6 1⁄v"" × 4""",,22,142,alta,False,True
28077,DP-18X6TP,"de cruz , mango de PVC Desarmadores planos , mango de PVC, i|z 8 1⁄v"" × 6""","de cruz , mango de PVC Desarmadores planos , mango de PVC","i|z 8 1⁄v"" × 6""",,25,142,alta,False,True
28078,DP-18X8TP,"de cruz , mango de PVC Desarmadores planos , mango de PVC, i|z 10 1⁄v"" × 8""","de cruz , mango de PVC Desarmadores planos , mango de PVC","i|z 10 1⁄v"" × 8""",,26,142,alta,False,True
28082,DP-18X4BP,"de cruz , mango Comfort Grip Desarmadores, i⁄z 6 3⁄v"" × 4""","de cruz , mango Comfort Grip Desarmadores","i⁄z 6 3⁄v"" × 4""",,24,141,alta,False,True
28083,DP-18X6BP,"de cruz , mango Comfort Grip Desarmadores, i⁄z 8 3⁄v"" × 6""","de cruz , mango Comfort Grip Desarmadores","i⁄z 8 3⁄v"" × 6""",,26,141,alta,False,True
28084,DP-18X8BP,"de cruz , mango Comfort Grip Desarmadores, i⁄z 10 3⁄v"" × 8""","de cruz , mango Comfort Grip Desarmadores","i⁄z 10 3⁄v"" × 8""",,26,141,alta,False,True
28085,DP-316X8BP,"de cruz , mango Comfort Grip Desarmadores, k⁄sx 12"" × 8""","de cruz , mango Comfort Grip Desarmadores","k⁄sx 12"" × 8""",,36,141,alta,False,True
28086,DP-316X10BP,"de cruz , mango Comfort Grip Desarmadores, k⁄sx 13 o⁄8"" × 10""","de cruz , mango Comfort Grip Desarmadores","k⁄sx 13 o⁄8"" × 10""",,42,141,alta,False,True
28201,BOS-2LMP,,"Bombas para agua limpia, F8B@ 0a<a 4""","2 HP 23.5 A 80 m [`Y /=in 1 1⁄2"" NPT 2 mm 9",,3350,47,media,True,False
28203,BOS-1LMP,,"Bombas para agua limpia, F8B@ 0a<a 4""","1 HP 13.8 A 60 m cY /=in 1 1⁄v"" NPT 1.8 mm 6",,2465,47,media,True,False
28204,BOS-34LMP,,"Bombas para agua limpia, F8B@ 0a<a 4""","3⁄4 HP 12 A 40 m cY /=in 1 1⁄v"" NPT 1.8 mm 5",,2350,47,media,True,False
28205,BOS-12LMP,,"Bombas para agua limpia, F8B@ 0a<a 4""","1⁄2 HP 8.5 A 30 m cY /=in 1 1⁄v"" NPT 1.8 mm 4",,2125,47,media,True,False
28220,LIOR-1/3P4,,,Lijadora,,605,249,media,True,False
28223,BASE-LIOR-13P4Base,,,Base,,84,249,baja,True,False
28268,LIMI-20P,"Llave de impacto inalámbrica, 20 V , i|t""","Llave de impacto inalámbrica, 20 V , i|t""",,,1330,265,alta,False,True
28269,DIMI-20P,"Destornillador de impacto inalámbrico, 20 V , i|v""","Destornillador de impacto inalámbrico, 20 V , i|v""",,,1150,265,alta,False,True
28301,M-CORSOL-P,"Manguera cuata reforzada para oxiacetileno, 4.5 m","Manguera cuata reforzada para oxiacetileno, 4.5 m",,,545,360,alta,False,True
29000,ROTI-20P2K,,,Rotomartillo,,1330,265,media,True,False
29001,TALI-20P2K,,,Taladro,,1265,265,media,True,False
29012,PESQ-3P,"Prensa esquinera, trabajo ligero","Prensa esquinera, trabajo ligero",,,123,310,alta,False,True
29017,SOIN-310MP,,"Mini soldadora inversora, corriente máxima 100 A 60%",,,1200,358,media,True,False
29018,SOIN-512MP,,30% corriente máxima 120 A,,,1455,358,media,True,False
29019,SOIN-313MBP,,"60% máxima 130 A , Bi-Voltaje",,,1395,358,media,True,False
29020,COMBO-20P,,,,,2000,265,media,True,False
29042,PPSE15-TB,"Placas, [ )entana [®_ Adulos (35 mm)",Placas,[ )entana [®_ Adulos (35 mm),,15.50,393,alta,False,True
29043,PPTR-TB,"Placas, [ )entana ] Adulos (70 mm)",Placas,[ )entana ] Adulos (70 mm),,15.50,393,alta,False,True
29045,APSE15-ETB,"Contacto sencillo aterrizado Interruptores, 3 Vías 1.5 Módulos (35 mm)",Contacto sencillo aterrizado Interruptores,3 Vías 1.5 Módulos (35 mm),,21,393,alta,False,True
29046,APTI15-TB,Contacto sencillo aterrizado Interruptores,Contacto sencillo aterrizado Interruptores,,,29,393,alta,False,True
29047,COA15-TB,"Contacto sencillo aterrizado Interruptores, [®_ Adulos (35 mm)",Contacto sencillo aterrizado Interruptores,[®_ Adulos (35 mm),,29,393,alta,False,True
29048,TV15-TB,"Toma de televisión, [®_ Adulos (35 mm)",Toma de televisión,[®_ Adulos (35 mm),,22,393,alta,False,True
29049,TE15-TB,"Toma de teléfono, [®_ Adulos (35 mm)",Toma de teléfono,[®_ Adulos (35 mm),,22,393,alta,False,True
29050,DIM15-TB,"» Atenuador de luz giratorio, [®_ Adulos (35 mm)",» Atenuador de luz giratorio,[®_ Adulos (35 mm),,110,393,alta,False,True
29051,C2USB-TB,"Toma con 2 puertos USB-A, [®_ Adulos (35 mm)",Toma con 2 puertos USB-A,[®_ Adulos (35 mm),,175,393,alta,False,True
29052,PA-APSE15-TB,"Placas con 1 interruptor, [ nterruptor sencillo 1.5 Módulos (35 mm)",Placas con 1 interruptor,[ nterruptor sencillo 1.5 Módulos (35 mm),,34,393,alta,False,True
29053,PA-APDO15-TB,"Placas con 2 y 3 interruptores, \ nterruptores sencillos [®_ Adulos (35 mm)",Placas con 2 y 3 interruptores,\ nterruptores sencillos [®_ Adulos (35 mm),,51,393,alta,False,True
29054,PA-APTR-TB,"Placas con 2 y 3 interruptores, ] nterruptores sencillos [ Adulo (23 mm)",Placas con 2 y 3 interruptores,] nterruptores sencillos [ Adulo (23 mm),,65,393,alta,False,True
29055,PA-TI-TB,"Placas con 1 interruptor, [ %i=0re 1.5 Módulos (35 mm)",Placas con 1 interruptor,[ %i=0re 1.5 Módulos (35 mm),,40,393,alta,False,True
29056,PA-APSE15-ETB,"Placas con 1 interruptor, 1Interruptor3víastipoescalera 1.5 Módulos (35 mm)",Placas con 1 interruptor,1Interruptor3víastipoescalera 1.5 Módulos (35 mm),,40,393,alta,False,True
29057,CODO-TB,"Placas con contactos aterrizados e interruptor, ontacto dHpleL ] Adulos (70 mm)",Placas con contactos aterrizados e interruptor,ontacto dHpleL ] Adulos (70 mm),,48,393,alta,False,True
29058,PA-APCO15-TB,"Placas con contactos aterrizados e interruptor, 1 Interruptor sencillo y 1 contacto [®_ Adulos (35 mm)",Placas con contactos aterrizados e interruptor,1 Interruptor sencillo y 1 contacto [®_ Adulos (35 mm),,62,393,alta,False,True
29059,PA-APDO15-ETB,"Placas con 2 y 3 interruptores, 1 Interruptor sencillo + 1 de 3 vías [®_ Adulos (35 mm)",Placas con 2 y 3 interruptores,1 Interruptor sencillo + 1 de 3 vías [®_ Adulos (35 mm),,60,393,alta,False,True
29060,PA-TV-TB,"Placas con toma de televisión y de teléfono, Televisión [®_ Adulos (35 mm)",Placas con toma de televisión y de teléfono,Televisión [®_ Adulos (35 mm),,36,393,alta,False,True
29061,PA-TE-TB,"Placas con toma de televisión y de teléfono, Teléfono [®_ Adulos (35 mm)",Placas con toma de televisión y de teléfono,Teléfono [®_ Adulos (35 mm),,36,393,alta,False,True
29062,COUSB-TB,"Placa con 2 puertos USB-A y 1 contacto aterrizado, [®_ Adulos (35 mm)",Placa con 2 puertos USB-A y 1 contacto aterrizado,[®_ Adulos (35 mm),,220,393,alta,False,True
29072,SOIN-520BP,,"30% 200 A , Bi-Voltaje",,,2825,358,media,True,False
29847,ALL-P10P," Juegos de llaves hexagonales, tipo llavero, 3/32"" 1/4"" 6"," Juegos de llaves hexagonales, tipo llavero","3/32"" 1/4"" 6",,62,216,alta,False,True
29848,ALL-P10M,,,2.5 6 6 72,,52,216,media,True,False
29888,VASO-20P,"Vasos de repuesto para pistolas para pintar, NA",Vasos de repuesto para pistolas para pintar,NA,,95,111,alta,False,True
29894,FILH-ASI-20P,"Aspiradora inalámbrica para auto , 20 V","Aspiradora inalámbrica para auto , 20 V",,,105,31,alta,False,True
29917,JVAL-3,Ácidos Aceites Solventes,Ácidos Aceites Solventes,,,39,62,alta,False,True
29940,ASI-20P,"Aspiradora inalámbrica para auto , 20 V","Aspiradora inalámbrica para auto , 20 V",,,1455,31,alta,False,True
29975,TAL»12P,"Herramienta, 1 batería de 2 Ah y cargador","Herramienta, 1 batería de 2 Ah y cargador",,,635,267,baja,True,False
3001,,"combinadas largo 1"" (25 mm)","combinadas largo 1"" (25 mm)",,,42,315,baja,True,False
3002,,"combinadas largo 2"" (50 mm)","combinadas largo 2"" (50 mm)",,,62,315,baja,True,False
3008,A,"Cables pasa corriente 8 AWG (8 mmj), 3 m",Cables pasa corriente 8 AWG (8 mmj),3 m,,310,21,alta,False,True
3010,mm,"de corte preciso para metal, 20,000 rpm 5 200",de corte preciso para metal,"20,000 rpm 5 200",,16,152,baja,True,False
3016,k|sx,"Llaves e spañolas, i|v 126 mm",Llaves e spañolas,i|v 126 mm,,55,213,baja,True,False
3018,i|v,"Llaves e spañolas, m|sx 126 mm",Llaves e spañolas,m|sx 126 mm,,57,213,baja,True,False
3020,m|sx,"Llaves e spañolas, k|z 145 mm",Llaves e spañolas,k|z 145 mm,,57,213,baja,True,False
3021,k|z,"Llaves e spañolas, o|sx 162 mm",Llaves e spañolas,o|sx 162 mm,,77,213,baja,True,False
3025,o|sx,"Llaves e spañolas, i|t 181 mm",Llaves e spañolas,i|t 181 mm,,87,213,baja,True,False
3026,i|t,"Llaves e spañolas, q|sx 181 mm",Llaves e spañolas,q|sx 181 mm,,95,213,baja,True,False
3030,q|sx,"Llaves e spañolas, m|z 189 mm",Llaves e spañolas,m|z 189 mm,,98,213,baja,True,False
3031,m|z,"Llaves e spañolas, k|v 220 mm",Llaves e spañolas,k|v 220 mm,,120,213,baja,True,False
3033,iq|ut,"Llaves e spañolas, ii|sx 198 mm",Llaves e spañolas,ii|sx 198 mm,,120,213,baja,True,False
3034,m|z,"Llaves e spañolas, ii|sx 198 mm",Llaves e spañolas,ii|sx 198 mm,,120,213,baja,True,False
3035,ii|sx,"Llaves e spañolas, k|v 220 mm",Llaves e spañolas,k|v 220 mm,,123,213,baja,True,False
3040,m,,,,,174,207,baja,True,False
3060,m,,,,,250,207,baja,True,False
30607,mm,"L de estrías, de obstrucción y combinadas","L de estrías, de obstrucción y combinadas",,,57,213,baja,True,False
3075,Cálida,"Focos de halógeno tipo PAR, 3,000 K 30 900 lm 75 W 10 × 9 cm",Focos de halógeno tipo PAR,"3,000 K 30 900 lm 75 W 10 × 9 cm",,110,434,baja,True,False
30809,mm,"L de estrías, de obstrucción y combinadas","L de estrías, de obstrucción y combinadas",,,57,213,baja,True,False
30810,mm,"L de estrías, de obstrucción y combinadas","L de estrías, de obstrucción y combinadas",,,57,213,baja,True,False
3100,,"Bandas de lija de óxido de aluminio, 100",Bandas de lija de óxido de aluminio,100,,36,197,baja,True,False
31011,mm,"L de estrías, de obstrucción y combinadas","L de estrías, de obstrucción y combinadas",,,77,213,baja,True,False
31012,mm,"L de estrías, de obstrucción y combinadas","L de estrías, de obstrucción y combinadas",,,77,213,baja,True,False
3115,m|ut,"Estuches con 5 puntas planas iguales , largo 1"" (25 mm)","Estuches con 5 puntas planas iguales , largo 1"" (25 mm)",,,39,315,baja,True,False
3120,,"Bandas de lija de óxido de aluminio, 120",Bandas de lija de óxido de aluminio,120,,36,197,baja,True,False
31213,mm,"L de estrías, de obstrucción y combinadas","L de estrías, de obstrucción y combinadas",,,87,213,baja,True,False
3122,,generales Guantes de piel de cabra Usos generales Guantes de piel de cerdo,generales Guantes de piel de cabra Usos generales Guantes de piel de cerdo,,,152,333,baja,True,False
3125,i|v,"Estuches con 5 puntas planas iguales , largo 1"" (25 mm)","Estuches con 5 puntas planas iguales , largo 1"" (25 mm)",,,39,315,baja,True,False
3128,q|ut,"Estuches con 5 puntas planas iguales , largo 1"" (25 mm)","Estuches con 5 puntas planas iguales , largo 1"" (25 mm)",,,39,315,baja,True,False
3131,m|sx,"Estuches con 5 puntas planas iguales , largo 1"" (25 mm)","Estuches con 5 puntas planas iguales , largo 1"" (25 mm)",,,46,315,baja,True,False
31415,mm,"L de estrías, de obstrucción y combinadas","L de estrías, de obstrucción y combinadas",,,98,213,baja,True,False
3225,i|v,"Estuches con 5 puntas planas Estuche con 6 iguales , largo 2"" (50 mm) puntas planas","Estuches con 5 puntas planas Estuche con 6 iguales , largo 2"" (50 mm) puntas planas",,,55,315,baja,True,False
3227,k|z,"Estuches con 5 puntas planas Estuche con 6 iguales , largo 2"" (50 mm) puntas planas","Estuches con 5 puntas planas Estuche con 6 iguales , largo 2"" (50 mm) puntas planas",,,47,315,baja,True,False
3228,q|ut,"Estuches con 5 puntas planas Estuche con 6 iguales , largo 2"" (50 mm) puntas planas","Estuches con 5 puntas planas Estuche con 6 iguales , largo 2"" (50 mm) puntas planas",,,55,315,baja,True,False
3231,m|sx,"Estuches con 5 puntas planas Estuche con 6 iguales , largo 2"" (50 mm) puntas planas","Estuches con 5 puntas planas Estuche con 6 iguales , largo 2"" (50 mm) puntas planas",,,72,315,baja,True,False
3242,Pulgar,"generales Guantes de carnaza, puño ajustado Usos generales Guantes de carnaza, puño de seguridad","generales Guantes de carnaza, puño ajustado Usos generales Guantes de carnaza, puño de seguridad",,,,334,baja,True,False
336600,,"Llave de esfera de seguridad , cuerpo de latón","Llave de esfera de seguridad , cuerpo de latón",,,,521,baja,True,False
3400,,"Bandas de lija de carburo de silicio, 400",Bandas de lija de carburo de silicio,400,,55,197,baja,True,False
34100,FBO-22150X,"flexible trenzado de vinilo i|t"" k|z"" plásticolatón, 150 cm","flexible trenzado de vinilo i|t"" k|z"" plásticolatón",150 cm,,235,517,alta,False,True
3412,k|v,"Coples, 25 mm i|t 20 mm 2 100",Coples,25 mm i|t 20 mm 2 100,,180,501,baja,True,False
3419,,"milimétricos articulados, con extensión","milimétricos articulados, con extensión",,,180,126,baja,True,False
3422,,"milimétricos articulados, con extensión","milimétricos articulados, con extensión",,,204,126,baja,True,False
3424,,"Dados cortos de 12 puntas, 24",Dados cortos de 12 puntas,24,,180,126,baja,True,False
3425,'-80-BE,"milimétricos articulados, con extensión","milimétricos articulados, con extensión",,,204,126,baja,True,False
3426,,"Dados cortos de 12 puntas, 24",Dados cortos de 12 puntas,24,,180,126,baja,True,False
3427,,"milimétricos articulados, con extensión","milimétricos articulados, con extensión",,,219,126,baja,True,False
3428,,Dados largos de 6 puntas,Dados largos de 6 puntas,,,475,126,baja,True,False
3430,,Dados largos de 6 puntas,Dados largos de 6 puntas,,,475,126,baja,True,False
3432,,Dados largos de 6 puntas,Dados largos de 6 puntas,,,475,126,baja,True,False
3433,,"milimétricos articulados, con extensión","milimétricos articulados, con extensión",,,310,126,baja,True,False
3434,,Dados largos de 6 puntas,Dados largos de 6 puntas,,,475,126,baja,True,False
3436,,Dados largos de 6 puntas,Dados largos de 6 puntas,,,505,126,baja,True,False
3438,,Dados largos de 6 puntas,Dados largos de 6 puntas,,,505,126,baja,True,False
3440,FBO-2240X,"flexible trenzado de vinilo i|t"" k|z"" plásticolatón, 40 cm 36","flexible trenzado de vinilo i|t"" k|z"" plásticolatón",40 cm 36,,140,517,alta,False,True
3442,,Dados largos de 6 puntas,Dados largos de 6 puntas,,,525,126,baja,True,False
3444,,Dados largos de 6 puntas,Dados largos de 6 puntas,,,575,126,baja,True,False
3446,D-3820-BE6,Extensión de 6 Extensión de 10,Extensión de 6 Extensión de 10,,,375,126,alta,False,True
3449,_Y1=,"Matracas de liberación rápida, cabeza de pera , sistema reversible, 1","Matracas de liberación rápida, cabeza de pera , sistema reversible",1,,1950,123,baja,True,False
3450,D-3826-BE6,Extensión de 6 Extensión de 10,Extensión de 6 Extensión de 10,,,410,126,alta,False,True
3460,FBO-2260XM60cm,"flexible trenzado de vinilo i|t"" k|z"" plásticolatón, 60 cm 20","flexible trenzado de vinilo i|t"" k|z"" plásticolatón",60 cm 20,,160,517,baja,True,False
3480,FBO-2280XM80cm,"flexible trenzado de vinilo i|t"" k|z"" plásticolatón, 80 cm 32","flexible trenzado de vinilo i|t"" k|z"" plásticolatón",80 cm 32,,175,517,baja,True,False
3506,A,"Cables pasa corriente 6 AWG (13 mmj), 3.5 m",Cables pasa corriente 6 AWG (13 mmj),3.5 m,,420,21,alta,False,True
3808,,Largos de 6 puntas,Largos de 6 puntas,,,60,124,baja,True,False
3810,,Largos de 6 puntas,Largos de 6 puntas,,,60,124,baja,True,False
38100,,Tubería y conexiones PE-AL-PE (gas),Tubería y conexiones PE-AL-PE (gas),,,,501,baja,True,False
3812,Doblecuadro,"Matracas doble y triple cuadro , sistema reversible","Matracas doble y triple cuadro , sistema reversible",cuadro,,535,123,baja,True,False
3814,,Largos de 6 puntas,Largos de 6 puntas,,,60,124,baja,True,False
3816,,Largos de 6 puntas,Largos de 6 puntas,,,60,124,baja,True,False
3818,,Largos de 6 puntas,Largos de 6 puntas,,,66,124,baja,True,False
3820,,Largos de 6 puntas,Largos de 6 puntas,,,72,124,baja,True,False
3822,,Largos de 6 puntas,Largos de 6 puntas,,,79,124,baja,True,False
3824,,Largos de 6 puntas,Largos de 6 puntas,,,92,124,baja,True,False
3825,,semiflexible precio por metro,semiflexible precio por metro,,,,501,baja,True,False
3826,,Largos de 6 puntas,Largos de 6 puntas,,,98,124,baja,True,False
3838,k|z,"Conectores NPT, 16 mm k|z 4 240",Conectores NPT,16 mm k|z 4 240,,51,501,baja,True,False
3845,cm),"Matracas cabeza redonda , con disco, 36","Matracas cabeza redonda , con disco",36,,130,132,baja,True,False
3849,[b1=,"Matracas de liberación rápida, cabeza de pera , sistema reversible, 3","Matracas de liberación rápida, cabeza de pera , sistema reversible",3,,505,123,baja,True,False
3852,i|t,"Matracas de liberación rápida, cabeza de pera sistema reversible, (19 cm) 48","Matracas de liberación rápida, cabeza de pera sistema reversible",(19 cm) 48,,240,132,baja,True,False
3855,cm,Mangueras flexibles trenzado de acero inoxidable para monomando tuercaconector de latón,Mangueras flexibles trenzado de acero inoxidable para monomando tuercaconector de latón,,,100,517,baja,True,False
3865,"7i|t""","Extensiones, 9 mm, 1=) 13 mm","Extensiones, 9 mm",1=) 13 mm,,215,128,baja,True,False
3866,mm,"Extensiones, 9 mm","Extensiones, 9 mm",,,240,128,baja,True,False
3867,mm,"Extensiones, 9 mm","Extensiones, 9 mm",,,290,128,baja,True,False
3872,[b1=,"Matracas de liberación rápida, sistema reversible, mango plano","Matracas de liberación rápida, sistema reversible, mango plano",,,515,123,baja,True,False
3890,Cálida,"Focos de halógeno tipo PAR, 3,000 K 38 1,000 lm 90 W 13 × 13 cm",Focos de halógeno tipo PAR,"3,000 K 38 1,000 lm 90 W 13 × 13 cm",,165,434,baja,True,False
4000,LAN-4000,Refacciones para hidrolavadora con motor a gasolina LAGAS-4000,Refacciones para hidrolavadora con motor a gasolina LAGAS-4000,,,23500,183,alta,False,True
40011,VALI-12,"de alivio, i|t"" (13 mm)",de alivio,"i|t"" (13 mm)",,62,522,alta,False,True
4003,,Juego de 6 accesorios para baño acabado cromo,Juego de 6 accesorios para baño acabado cromo,,,750,463,baja,True,False
4004,,Exhibidor con juego de 4 accesorios AQA-4004,Exhibidor con juego de 4 accesorios AQA-4004,,,665,607,baja,True,False
40098,Salidadeflujo,,»,,,140,524,baja,True,False
40099,,,»,)»34,,175,524,baja,True,False
4015,EXA-14M,"de aire metálicos, [4"" 52 W 50 mj 2,500mkh 60 dB 44 × 44 19 × 14 × 36 3",de aire metálicos,"[4"" 52 W 50 mj 2,500mkh 60 dB 44 × 44 19 × 14 × 36 3",,1950,406,alta,False,True
40158,TQ-316J,"Juegos de taquetes plásticos con pijas y broca, k|sx 25 mm 6 1 1⁄v"" (32 mm) 3⁄sx"" × 100 mm 10 120",Juegos de taquetes plásticos con pijas y broca,"k|sx 25 mm 6 1 1⁄v"" (32 mm) 3⁄sx"" × 100 mm 10 120",,47,556,alta,False,True
40159,TQ-14J,"Juegos de taquetes plásticos con pijas y broca, i|v 38 mm 8 1 1⁄2"" (38 mm) 1⁄v"" × 100 mm 20 120",Juegos de taquetes plásticos con pijas y broca,"i|v 38 mm 8 1 1⁄2"" (38 mm) 1⁄v"" × 100 mm 20 120",,62,556,alta,False,True
40160,TQ-516J,"Juegos de taquetes plásticos con pijas y broca, m|sx 45 mm 10 2"" (50 mm) 5⁄sx"" × 100 mm 10 120",Juegos de taquetes plásticos con pijas y broca,"m|sx 45 mm 10 2"" (50 mm) 5⁄sx"" × 100 mm 10 120",,96,556,alta,False,True
40161,TQ-38J,"Juegos de taquetes plásticos con pijas y broca, k|z 45 mm 12 2"" (50 mm) 3⁄8"" × 125 mm 10 80",Juegos de taquetes plásticos con pijas y broca,"k|z 45 mm 12 2"" (50 mm) 3⁄8"" × 125 mm 10 80",,125,556,alta,False,True
40162,TQ-12J,"Juegos de taquetes plásticos con pijas y broca, i|t 60 mm 14 2 1⁄2"" (65 mm) 1⁄2"" × 150 mm 10 80",Juegos de taquetes plásticos con pijas y broca,"i|t 60 mm 14 2 1⁄2"" (65 mm) 1⁄2"" × 150 mm 10 80",,215,556,alta,False,True
4020,cm,,,Natural 50 20 120,,30,398,baja,True,False
40241,PPDO-SB,"Placas para contacto redondo, ABS Blanco",Placas para contacto redondo,ABS Blanco,,11,390,alta,False,True
4025,b`,"Candados de hierro, gancho largo","Candados de hierro, gancho largo",,,106,567,baja,True,False
4030,cm,"metálicos mosquitos, recargables","metálicos mosquitos, recargables",,,1390,407,baja,True,False
4032,"1⁄v""","Cubretaladros de 1 3⁄v"" de acero inoxidable de PVC","Cubretaladros de 1 3⁄v"" de acero inoxidable de PVC",,,7.70,489,baja,True,False
4040,cm,"metálicos mosquitos, recargables","metálicos mosquitos, recargables",,,1610,407,baja,True,False
4048,cm),"de bola, ojo cuadrado de bola, ojo ovalado","de bola, ojo cuadrado de bola, ojo ovalado",,,62,223,baja,True,False
4050,m,,,,,280,207,baja,True,False
4060,mm,C uchillas de repuesto para cortadores de azulejo,C uchillas de repuesto para cortadores de azulejo,,,175,113,baja,True,False
40704,NUDO-18G,,rilletes de acero 5orjado ca0le de acero,100 1,,390,538,media,True,False
40705,NUDO-316G,,rilletes de acero 5orjado ca0le de acero,50 1,,280,538,media,True,False
40706,NUDO-14G,,rilletes de acero 5orjado ca0le de acero,40 1,,345,538,media,True,False
40711,ATD-1-12,"roscadas para toma domiciliaria Medidor de nivel de agua para tinaco, [ i|t (38 mm) `",roscadas para toma domiciliaria Medidor de nivel de agua para tinaco,[ i|t (38 mm) `,,73,525,alta,False,True
40712,ATD-2,"roscadas para toma domiciliaria Medidor de nivel de agua para tinaco, \ (50 mm) `",roscadas para toma domiciliaria Medidor de nivel de agua para tinaco,\ (50 mm) `,,87,525,alta,False,True
40713,ATD-2-12,"roscadas para toma domiciliaria Medidor de nivel de agua para tinaco, \ i|t (64 mm) `",roscadas para toma domiciliaria Medidor de nivel de agua para tinaco,\ i|t (64 mm) `,,96,525,alta,False,True
40714,ATD-3,"roscadas para toma domiciliaria Medidor de nivel de agua para tinaco, ] (75 mm) ^",roscadas para toma domiciliaria Medidor de nivel de agua para tinaco,] (75 mm) ^,,110,525,alta,False,True
40715,ATD-4,"roscadas para toma domiciliaria Medidor de nivel de agua para tinaco, ^ (100 mm) ^",roscadas para toma domiciliaria Medidor de nivel de agua para tinaco,^ (100 mm) ^,,120,525,alta,False,True
40743,TQ-12TJ,"Juego de taquetes plásticos para panel de yeso, con pija","Juego de taquetes plásticos para panel de yeso, con pija",,,38,557,alta,False,True
40744,TAQ-316PA,"Taquetes plásticos Juegos de taquetes plásticos con pijas y broca, k|sx 25 mm 12 216",Taquetes plásticos Juegos de taquetes plásticos con pijas y broca,k|sx 25 mm 12 216,,9.50,556,alta,False,True
40745,TAQ-732PA,"Taquetes plásticos Juegos de taquetes plásticos con pijas y broca, o|ut 32 mm 12 216",Taquetes plásticos Juegos de taquetes plásticos con pijas y broca,o|ut 32 mm 12 216,,12,556,alta,False,True
40759,TQ-732J,"Juegos de taquetes plásticos con pijas y broca, o|ut 32 mm 8 1 1⁄v"" (32 mm) 1⁄v"" × 100 mm 10 120",Juegos de taquetes plásticos con pijas y broca,"o|ut 32 mm 8 1 1⁄v"" (32 mm) 1⁄v"" × 100 mm 10 120",,62,556,alta,False,True
40760,TAQ-12TPA,"panel de yeso para panel de yeso, con pija ensamble de madera","panel de yeso para panel de yeso, con pija ensamble de madera",,,25,557,alta,False,True
40862,TORM-14X1-34,"Tornillos tipo máquina , i|v"" a o|sx"", 1k|v"" (45 mm) 60","Tornillos tipo máquina , i|v"" a o|sx""","1k|v"" (45 mm) 60",,98,554,alta,False,True
40867,TORM-12X1-34,"Tornillos tipo máquina , i|t"" a k|v"", 1k|v"" (45 mm) 30 12","Tornillos tipo máquina , i|t"" a k|v""","1k|v"" (45 mm) 30 12",,225,554,alta,False,True
4090,,"3 cajones , 1 compartimento","3 cajones , 1 compartimento",,,8800,163,baja,True,False
41010,LILE-21U,"Linterna LED plástica, recargable , 40 lm, 80 g","Linterna LED plástica, recargable , 40 lm",80 g,,51,201,alta,False,True
4111,,"Mecánica Guantes para mecánico, alta sensibilidad, palma de carnaza sintética","Mecánica Guantes para mecánico, alta sensibilidad, palma de carnaza sintética",,,,335,baja,True,False
4120,,"Discos de lija con respaldo de fibra, 120",Discos de lija con respaldo de fibra,120,,17,197,baja,True,False
4131,,con recubrimiento alta sensibilidad,con recubrimiento alta sensibilidad,,,,337,baja,True,False
4140,,"Disco de corte preciso multimaterial , 4 1⁄2 "" Discos de carburo de tungsteno multimaterial","Disco de corte preciso multimaterial , 4 1⁄2 "" Discos de carburo de tungsteno multimaterial",,,,152,baja,True,False
41980,CV-GL-12,"Válvulas de globo, i⁄t 20 mm 6 48",Válvulas de globo,i⁄t 20 mm 6 48,,180,508,alta,False,True
41981,CV-GL-34,"Válvulas de globo, k⁄v 25 mm 6 36",Válvulas de globo,k⁄v 25 mm 6 36,,215,508,alta,False,True
41982,CV-GL-1,"Válvulas de globo, 1 32 mm 6 36",Válvulas de globo,1 32 mm 6 36,,255,508,alta,False,True
41983,CV-ES-12,"Válvulas de esfera Válvulas de bola, i⁄t 20 mm 6 180",Válvulas de esfera Válvulas de bola,i⁄t 20 mm 6 180,,96,508,alta,False,True
41984,CV-ES-34,"Válvulas de esfera Válvulas de bola, k⁄v 25 mm 6 126",Válvulas de esfera Válvulas de bola,k⁄v 25 mm 6 126,,152,508,alta,False,True
41985,CV-ES-1,"Válvulas de esfera Válvulas de bola, 1 32 mm 6 78",Válvulas de esfera Válvulas de bola,1 32 mm 6 78,,255,508,alta,False,True
41986,CV-ESD-12,"Válvulas de esfera desmontables, i⁄t 20 mm 2 48",Válvulas de esfera desmontables,i⁄t 20 mm 2 48,,380,508,alta,False,True
41987,CV-ESD-34,"Válvulas de esfera desmontables, k⁄v 25 mm 2 36",Válvulas de esfera desmontables,k⁄v 25 mm 2 36,,465,508,alta,False,True
41988,CV-ESD-1,"Válvulas de esfera desmontables, 1 32 mm 2 36",Válvulas de esfera desmontables,1 32 mm 2 36,,730,508,alta,False,True
42008,TAQ-12TP,"panel de yeso para panel de yeso, con pija ensamble de madera","panel de yeso para panel de yeso, con pija ensamble de madera",,,116,557,alta,False,True
4201,PH1,"Estuches con 5 puntas dobles iguales , largo 2"" (50 mm) largo 1"" (25 mm) largo 2"" (50 mm), i|v","Estuches con 5 puntas dobles iguales , largo 2"" (50 mm) largo 1"" (25 mm) largo 2"" (50 mm)",i|v,,62,316,alta,False,True
42015,CPVC-ESD-12,"Válvulas de esfera desmontables, i|t (13 mm) 5 145",Válvulas de esfera desmontables,i|t (13 mm) 5 145,,26,506,alta,False,True
42016,CPVC-ESD-34,"Válvulas de esfera desmontables, k|v (19 mm) 5 85",Válvulas de esfera desmontables,k|v (19 mm) 5 85,,55,506,alta,False,True
42017,CPVC-ESD-1,"Válvulas de esfera desmontables, [ (25 mm) 5 55",Válvulas de esfera desmontables,[ (25 mm) 5 55,,96,506,alta,False,True
42018,CPVC-GL-12,"Válvula de globo, i|t (13 mm)",Válvula de globo,i|t (13 mm),,43,506,alta,False,True
4202,PH2,"Estuches con 5 puntas dobles iguales , largo 2"" (50 mm) largo 1"" (25 mm) largo 2"" (50 mm), q|ut","Estuches con 5 puntas dobles iguales , largo 2"" (50 mm) largo 1"" (25 mm) largo 2"" (50 mm)",q|ut,,62,316,alta,False,True
4203,PH3,"Estuches con 5 puntas dobles iguales , largo 2"" (50 mm) largo 1"" (25 mm) largo 2"" (50 mm), m|sx","Estuches con 5 puntas dobles iguales , largo 2"" (50 mm) largo 1"" (25 mm) largo 2"" (50 mm)",m|sx,,79,316,alta,False,True
4210,,,,,,350,348,baja,True,False
42666,DUP-310,"Duplicadora tipo torno, 1,300 rpm",Duplicadora tipo torno,"1,300 rpm",,32000,571,alta,False,True
43012,CV-D4,,Dados de aluminio para termofusora CV-TER10,"1 1⁄v"" 40 4 84",,310,509,media,True,False
43013,CV-D5,,Dados de aluminio para termofusora CV-TER10,"1 1⁄2"" 50 4 48",,400,509,media,True,False
43014,CV-D6,,Dados de aluminio para termofusora CV-TER10,"2"" 63 4 40",,525,509,media,True,False
43074,CADI-20,,x2,3 20 × 16 × 9 cm,,330,571,media,True,False
43075,CADI-25,,x2,3 25 × 18 × 9 cm,,380,571,media,True,False
43076,CADI-30,,x2,5 30 × 24 × 9 cm,,515,571,media,True,False
43114,CED-13,con contracanastas para fregadero,con contracanastas para fregadero,,,300,491,alta,False,True
43115,CED-14,"Céspol doble flexible de plástico, conbotes y contracanastas , para fregadero","Céspol doble flexible de plástico, conbotes y contracanastas , para fregadero",,,460,491,alta,False,True
43116,CED-15,"Céspol doble flexible de plástico, conbotes y casquillos , para fregadero","Céspol doble flexible de plástico, conbotes y casquillos , para fregadero",,,300,491,alta,False,True
43117,CED-16,"Céspol doble flexible de plástico, conbotes para fregadero","Céspol doble flexible de plástico, conbotes para fregadero",,,265,491,alta,False,True
43118,CED-17,"de plástico y contracanastas , para fregadero con contracanastas para fregadero","de plástico y contracanastas , para fregadero con contracanastas para fregadero",,,390,491,alta,False,True
43119,CED-18,"de plástico, para fregadero para fregadero","de plástico, para fregadero para fregadero",,,235,491,alta,False,True
43123,CE-229,"Céspoles flexibles de plástico con contracanasta , para fregadero, 85 cm","Céspoles flexibles de plástico con contracanasta , para fregadero",85 cm,,160,490,alta,False,True
43124,CE-230,"Céspoles flexibles de plástico con contracanasta , para fregadero, 85 cm","Céspoles flexibles de plástico con contracanasta , para fregadero",85 cm,,215,490,alta,False,True
43125,CE-239,"Céspol rígido de plástico con contracanasta , para fregadero","Céspol rígido de plástico con contracanasta , para fregadero",,,175,490,alta,False,True
43126,CE-240,"Céspol flexible de plástico, con trampa y contracanasta , para fregadero, 45 cm","Céspol flexible de plástico, con trampa y contracanasta , para fregadero",45 cm,,187,490,alta,False,True
43127,CE-241,"Céspol flexible de plástico, con trampa para fregadero tipo bar, 45 cm","Céspol flexible de plástico, con trampa para fregadero tipo bar",45 cm,,125,490,alta,False,True
43128,CE-219,"flexibles de plástico, con bote contra , para lavabo, 46 cm","flexibles de plástico, con bote contra , para lavabo",46 cm,,110,490,alta,False,True
43129,CE-220,"flexibles de plástico, con bote contra , para lavabo, 46 cm","flexibles de plástico, con bote contra , para lavabo",46 cm,,140,490,alta,False,True
43133,CE-221,"flexibles de plástico contra , para lavabo, 85 cm","flexibles de plástico contra , para lavabo",85 cm,,110,490,alta,False,True
43134,CE-222,"flexibles de plástico contra , para lavabo, 85 cm","flexibles de plástico contra , para lavabo",85 cm,,140,490,alta,False,True
43135,CE-223,"Céspol flexible de plástico, con trampa y contra , para lavabo, 45 cm","Céspol flexible de plástico, con trampa y contra , para lavabo",45 cm,,110,490,alta,False,True
43136,CE-224,"bote , universales universales","bote , universales universales",,,160,491,alta,False,True
43137,CE-225,"bote , universales universales","bote , universales universales",,,125,491,alta,False,True
43138,CE-227,"Céspol rígido de plástico con trampa , universal","Céspol rígido de plástico con trampa , universal",,,87,491,alta,False,True
43139,CE-228,"flexibles de plástico, 85 cm",flexibles de plástico,85 cm,,87,491,alta,False,True
43142,CV-703,"rosca central con inserto de latón niquelado, k⁄v 25 mm 3⁄v 10 80",rosca central con inserto de latón niquelado,k⁄v 25 mm 3⁄v 10 80,,62,508,alta,False,True
43144,CV-712,"rosca central con inserto de latón niquelado, k⁄v 25 mm 3⁄v 10 100",rosca central con inserto de latón niquelado,k⁄v 25 mm 3⁄v 10 100,,96,508,alta,False,True
43146,CV-713,"rosca central con inserto de latón niquelado, 1 32 mm 1 5 50",rosca central con inserto de latón niquelado,1 32 mm 1 5 50,,152,508,alta,False,True
4340,BRJ-40,"Barajas española y póker, spa?ola",Barajas española y póker,spa?ola,,65,596,alta,False,True
43405,R-512,Brazos de pared para regadera 1⁄2 (6 cm),Brazos de pared para regadera 1⁄2 (6 cm),Regadera,,103,458,alta,False,True
43416,FLE-225,,,\ =,,235,525,media,True,False
43481,CV-BO-12,"Válvulas de bola, i⁄t 20 mm 10 150",Válvulas de bola,i⁄t 20 mm 10 150,,24,508,alta,False,True
43482,CS-90D,,"x3 clásicas , llave tradicional",Derecha 16,,880,572,media,True,False
43483,CS-90I,,"x3 clásicas , llave tradicional",Izquierda 16,,880,572,media,True,False
43484,CS-92,,"200,000",2,,845,573,media,True,False
43485,CV-BO-34,"Válvulas de bola, k⁄v 25 mm 10 100",Válvulas de bola,k⁄v 25 mm 10 100,,39,508,alta,False,True
43486,CV-BO-1,"Válvulas de bola, 1 32 mm 10 70",Válvulas de bola,1 32 mm 10 70,,62,508,alta,False,True
43487,CV-411,"Puentes, i|t 20 [Y 280",Puentes,i|t 20 [Y 280,,16,509,alta,False,True
43488,CS-93,,"200,000",3,,845,573,media,True,False
43489,CS-95I,,"x2 instala-fácil , llave tradicional",Izquierda 24,,515,572,media,True,False
43490,CS-95D,,"x2 instala-fácil , llave tradicional",Derecha 24,,515,572,media,True,False
43491,CV-412,"Puentes, k|v 25 [Y 150",Puentes,k|v 25 [Y 150,,24,509,alta,False,True
43492,CS-60D,,"x2 clásicas , llave tradicional",Derecha Mariposa 24,,565,572,media,True,False
43493,CS-65D,,"x2 clásicas , llave tradicional",Derecha Llave tradicional 24,,600,572,media,True,False
43494,CS-60I,,"x2 clásicas , llave tradicional",Izquierda Mariposa 24,,565,572,media,True,False
43495,CS-65I,,"x2 clásicas , llave tradicional",Izquierda Llave tradicional 24,,600,572,media,True,False
43497,CV-963,"unión plásticas Abrazaderas tipo “U”, 1 32 5 165",unión plásticas Abrazaderas tipo “U”,1 32 5 165,,29,509,alta,False,True
43498,CV-991,"unión mixtas, con inserto de latón niquelado, 1⁄2"" i⁄t 20 mm 5 130","unión mixtas, con inserto de latón niquelado","1⁄2"" i⁄t 20 mm 5 130",,140,508,alta,False,True
43501,CB-32,,"Cerradura de doble barra, doble cerrojo , llave tradicional x2",,,525,573,media,True,False
43502,CV-992,"unión mixtas, con inserto de latón niquelado, 3⁄v"" k⁄v 25 mm 5 100","unión mixtas, con inserto de latón niquelado","3⁄v"" k⁄v 25 mm 5 100",,180,508,alta,False,True
43503,CB-7C,"Candado para casco de motocicleta, 3",Candado para casco de motocicleta,3,,230,570,alta,False,True
43506,CB-40DB,,x2 x2 llave tradicional,Derecha 12,,275,573,media,True,False
43508,CB-40IB,,x2 x2 llave tradicional,Izquierda 12,,275,573,media,True,False
43509,CB-50D,,x3 llave tetra,Derecha 24,,345,573,media,True,False
43510,CB-50DB,,x3 llave tetra,Derecha 12,,355,573,media,True,False
43511,CB-50IB,,x3 llave tetra,Izquierda 12,,355,573,media,True,False
43512,CB-50I,,x3 llave tetra,Izquierda 24,,345,573,media,True,False
43517,CB-45DB,,x3 llave tetra,,,230,573,media,True,False
43519,CB-45IB,,"Cerraduras de barra libre , llave tradicional x2",Izquierda 12,,275,573,media,True,False
43528,CS-80D,,"x3 clásicas , llave tetra",,,365,572,media,True,False
43529,CS-80DB,,"x3 clásicas , llave tetra",,,380,572,media,True,False
43530,CS-80I,,"x3 clásicas , llave tetra",,,365,572,media,True,False
43531,CS-80IB,,"x3 clásicas , llave tetra",,,380,572,media,True,False
43540,EMP-203L,"LED plafón redondos , Luminarios delgados ultra, Fría \^ * 2,300 lm 29 cm28 cm 2 10","LED plafón redondos , Luminarios delgados ultra","Fría \^ * 2,300 lm 29 cm28 cm 2 10",,220,438,alta,False,True
43573,CS-70I,,"x2 clásicas , llave tradicional",,,220,572,media,True,False
43574,CS-70D,,"x2 clásicas , llave tradicional",,,220,572,media,True,False
43575,CS-75I,"instala-fácil , llave tetra instala-fácil , llave tradicional","instala-fácil , llave tetra instala-fácil , llave tradicional",,,220,572,alta,False,True
43576,CS-75D,"instala-fácil , llave tetra instala-fácil , llave tradicional","instala-fácil , llave tetra instala-fácil , llave tradicional",,,220,572,alta,False,True
43577,CS-85I,,"x3 instala-fácil , llave tetra",,,365,572,media,True,False
43578,CS-85D,,"x3 instala-fácil , llave tetra",,,365,572,media,True,False
43582,CS-70IB,,"x2 clásicas , llave tradicional",,,230,572,media,True,False
43583,CS-70DB,,"x2 clásicas , llave tradicional",,,230,572,media,True,False
43585,Derecha,,"x3 instala-fácil , llave de puntos",,,280,572,baja,True,False
43586,CS-85IB,,"x3 instala-fácil , llave tetra",,,380,572,media,True,False
43587,CS-85DB,,"x3 instala-fácil , llave tetra",,,380,572,media,True,False
43588,CS-75DC,"instala-fácil , llave tetra instala-fácil , llave tradicional","instala-fácil , llave tetra instala-fácil , llave tradicional",,,220,572,alta,False,True
43589,CS-75IC,"instala-fácil , llave tetra instala-fácil , llave tradicional","instala-fácil , llave tetra instala-fácil , llave tradicional",,,220,572,alta,False,True
43604,EXA-10M,"de aire metálicos, [Y"" 30 W 30 mj 800mkh 57 dB 33 × 33 17 × 12 × 28 4",de aire metálicos,"[Y"" 30 W 30 mj 800mkh 57 dB 33 × 33 17 × 12 × 28 4",,1390,406,alta,False,True
43605,EXA-12M,"de aire metálicos, [\"" 45 W 40 mj 1,900mkh 60 dB 38 × 38 18 × 13 × 32 3",de aire metálicos,"[\"" 45 W 40 mj 1,900mkh 60 dB 38 × 38 18 × 13 × 32 3",,1610,406,alta,False,True
43625,EXA-14M,"de aire metálicos, [4"" 52 W 50 mj 2,500mkh 60 dB 44 × 44 19 × 14 × 36 3",de aire metálicos,"[4"" 52 W 50 mj 2,500mkh 60 dB 44 × 44 19 × 14 × 36 3",,1950,406,alta,False,True
43788,CUT-DUP-310-U,,√,,,1850,571,media,True,False
43800,CUT-DUP-V,Refacciones para duplicadora,Refacciones para duplicadora,,,1675,571,alta,False,True
43852,VES-12,,»,"1⁄2"" (13 mm) 1⁄2"" (13 mm) 6",,118,523,media,True,False
43853,VES-78,,»,"1⁄2"" (13 mm) o⁄8"" (22 mm) 6",,125,523,media,True,False
43856,EXA-4D,"domésticos domésticos, 4"" 19 W 5 mj 200mkh 52 dB 16 × 17 10 × 6 × 10 27",domésticos domésticos,"4"" 19 W 5 mj 200mkh 52 dB 16 × 17 10 × 6 × 10 27",,290,406,alta,False,True
43857,EXA-6D,"domésticos domésticos, `"" 24 W 15 mj 320mkh 54 dB 21 × 22 11.5 × 7 × 15 12",domésticos domésticos,"`"" 24 W 15 mj 320mkh 54 dB 21 × 22 11.5 × 7 × 15 12",,400,406,alta,False,True
43858,CORE-315,"retráctil para perro, ECH-CH 15 kg ] = 14 cm 11 cm",retráctil para perro,ECH-CH 15 kg ] = 14 cm 11 cm,,180,541,alta,False,True
43859,CORE-520,"retráctil para perro, M 20 kg _ = 16 cm 13 cm",retráctil para perro,M 20 kg _ = 16 cm 13 cm,,225,541,alta,False,True
43860,CORE-550,"retráctil para perro, G 50 kg _ = 18 cm 15 cm",retráctil para perro,G 50 kg _ = 18 cm 15 cm,,355,541,alta,False,True
43865,VALI-34R,"de alivio, k|v"" (19 mm)",de alivio,"k|v"" (19 mm)",,118,522,alta,False,True
43893,RAQ-50,,,"1,200 mAh 2,000 V",,175,407,media,True,False
43915,TENF-516X4,,de acero 5orjado¯ gancho-ojo,"320 kg 4 1⁄2"" (115 mm) 5⁄sx"" (8 mm)",,103,538,media,True,False
43916,TENF-58X6,,de acero 5orjado¯ gancho-ojo,"1,000 kg 6"" (150 mm) 5⁄8"" (16 mm)",,290,538,media,True,False
43918,TENF-34X6,,de acero 5orjado¯ gancho-ojo,"1,300 kg 6"" (150 mm) 3⁄v"" (19 mm)",,400,538,media,True,False
43919,TENF-34X12,,de acero 5orjado¯ gancho-ojo,"1,300 kg 12"" (300 mm) 3⁄v"" (19 mm)",,510,538,media,True,False
43920,CB-15,,"x2 rudo , llave automotriz",15 mm 8,,143,570,media,True,False
43921,CB-20,,"x2 rudo , llave automotriz",20 mm 8,,274,570,media,True,False
43922,CB-10,,"x2 ligero , llave automotriz",10 mm 7 3,,114,570,media,True,False
43923,CB-12,,"x2 ligero , llave automotriz",12 mm 7 3,,120,570,media,True,False
43924,CB-8C,"Candado de cable, de combinación , 8 mm , uso ligero","Candado de cable, de combinación , 8 mm , uso ligero",8 mm 3 3,,114,570,alta,False,True
43925,CB-10C,"Candado de cable, de combinación , 10 mm , uso ligero","Candado de cable, de combinación , 10 mm , uso ligero",10 mm 3,,129,570,alta,False,True
43928,IB-330,"Interruptor de arranque tipo botonera , 30 A","Interruptor de arranque tipo botonera , 30 A",,,105,406,alta,False,True
43942,PDV-48C,,"1,000,000",3.3 kg,,1240,423,media,True,False
43943,PDV-58C,,"1,500,000",6 kg,,1515,423,media,True,False
43948,TENF-38X6,,de acero 5orjado¯ gancho-ojo,"450 kg 6"" (150 mm) 3⁄8"" (10 mm)",,120,538,media,True,False
43949,TENF-38O,,%ensores de acero 5orjado¯ ojo-ojo,"540 kg 6"" (150 mm) 3⁄8"" (10 mm)",,115,538,media,True,False
43950,TENF-12O,,%ensores de acero 5orjado¯ ojo-ojo,"1,000 kg 6"" (150 mm) 1⁄2"" (13 mm)",,170,538,media,True,False
43951,TENF-58O,,%ensores de acero 5orjado¯ ojo-ojo,"1,590 kg 9"" (230 mm) 5⁄8"" (16 mm)",,310,538,media,True,False
43952,TENF-34O,,%ensores de acero 5orjado¯ ojo-ojo,"2,360 kg 9"" (230 mm) 3⁄v"" (19 mm)",,435,538,media,True,False
43953,TENF-38Q,,%ensores de acero 5orjado¯ quijada-quijada,"540 kg 6"" (150 mm) 3⁄8"" (10 mm)",,145,538,media,True,False
43954,TENF-12Q,,%ensores de acero 5orjado¯ quijada-quijada,"1,000 kg 6"" (150 mm) 1⁄2"" (13 mm)",,195,538,media,True,False
43955,TENF-58Q,,%ensores de acero 5orjado¯ quijada-quijada,"1,590 kg 9"" (230 mm) 5⁄8"" (16 mm)",,355,538,media,True,False
43956,TENF-34Q,,%ensores de acero 5orjado¯ quijada-quijada,"2,360 kg 9"" (230 mm) 3⁄v"" (19 mm)",,545,538,media,True,False
44075,GANES-34,"eslinga forjados acero al carbono, k|v (19 mm) 5⁄8"" (16 mm) 4"" (100 mm) 500 kg",eslinga forjados acero al carbono,"k|v (19 mm) 5⁄8"" (16 mm) 4"" (100 mm) 500 kg",,62,539,alta,False,True
44076,GANES-58,"eslinga forjados acero al carbono, m|z (16 mm) 3⁄v"" (19 mm) 4 3⁄8"" (110 mm) 1,000 kg",eslinga forjados acero al carbono,"m|z (16 mm) 3⁄v"" (19 mm) 4 3⁄8"" (110 mm) 1,000 kg",,79,539,alta,False,True
44077,GANES-58X,"eslinga forjados acero al carbono, m|z (16 mm) 3⁄v"" (19 mm) 5"" (125 mm) 1,500 kg",eslinga forjados acero al carbono,"m|z (16 mm) 3⁄v"" (19 mm) 5"" (125 mm) 1,500 kg",,105,539,alta,False,True
44078,GANES-58XX,"eslinga forjados acero al carbono, m|z (16 mm) o⁄8"" (22 mm) 5 1⁄v"" (132 mm) 2,000 kg",eslinga forjados acero al carbono,"m|z (16 mm) o⁄8"" (22 mm) 5 1⁄v"" (132 mm) 2,000 kg",,110,539,alta,False,True
44082,NUDO-18,,rilletes de acero 5orjado ca0le de acero,2 12,,13,538,media,True,False
44083,NUDO-316,,rilletes de acero 5orjado ca0le de acero,2 12,,17,538,media,True,False
44084,NUDO-14,,rilletes de acero 5orjado ca0le de acero,2 12,,24,538,media,True,False
44085,NUDO-516,,rilletes de acero 5orjado ca0le de acero,2 12,,25,538,media,True,False
44086,NUDO-38,,rilletes de acero 5orjado ca0le de acero,1 6,,22,538,media,True,False
44087,NUDO-12,,rilletes de acero 5orjado ca0le de acero,1 6,,33,538,media,True,False
44091,GANS-316,"“S” de acero, k|sx (5 mm) 1 3⁄v"" (44 mm) 15 kg",“S” de acero,"k|sx (5 mm) 1 3⁄v"" (44 mm) 15 kg",,10.50,539,alta,False,True
44092,GANS-14,"“S” de acero, i|v (6.5 mm) 2"" (50 mm) 40 kg",“S” de acero,"i|v (6.5 mm) 2"" (50 mm) 40 kg",,12,539,alta,False,True
44093,GANS-516,"“S” de acero, m|sx (8 mm) 2 3⁄v"" (69 mm) 70 kg",“S” de acero,"m|sx (8 mm) 2 3⁄v"" (69 mm) 70 kg",,17,539,alta,False,True
4411,,abrasivos para desbaste de acero inoxidable,abrasivos para desbaste de acero inoxidable,,,,153,baja,True,False
44111,RIM-51M,"Salidas de tina sin desviador, Negro mate",Salidas de tina sin desviador,Negro mate,,1005,476,alta,False,True
44118,RIM-61M,,»,Negro mate,,710,476,media,True,False
44119,RIMM-01M,Manerales para mezcladoras para lavabo y fregadero,Manerales para mezcladoras para lavabo y fregadero,,,270,475,alta,False,True
44127,RIMM-02M,"Manerales metálicos para tina taladros separados, Negro mate",Manerales metálicos para tina taladros separados,Negro mate,,400,476,alta,False,True
44128,RIMM-03M,"Manerales metálicos para mezcladoras, monomandos y tinas","Manerales metálicos para mezcladoras, monomandos y tinas",,,165,475,alta,False,True
44129,CV-ES-1-14,"Válvulas de esfera Válvulas de bola, 1 i⁄v 40 mm 2 24",Válvulas de esfera Válvulas de bola,1 i⁄v 40 mm 2 24,,310,508,alta,False,True
44139,CV-ES-1-12,"Válvulas de esfera Válvulas de bola, 1 i⁄t 50 mm 1 15",Válvulas de esfera Válvulas de bola,1 i⁄t 50 mm 1 15,,585,508,alta,False,True
44145,CV-ES-2,"Válvulas de esfera Válvulas de bola, 2 63 mm 1 9",Válvulas de esfera Válvulas de bola,2 63 mm 1 9,,940,508,alta,False,True
44160,CAPL-3N,"plásticas, _Y =",plásticas,_Y =,,17.50,541,alta,False,True
44161,CAPL-3B,"plásticas, _Y =",plásticas,_Y =,,17.50,541,alta,False,True
44162,CAPL-3M,"plásticas, _Y =",plásticas,_Y =,,17.50,541,alta,False,True
44166,CAPL-3R,"plásticas, _Y =",plásticas,_Y =,,17.50,541,alta,False,True
44170,CAPL-5N,"plásticas, \_ =",plásticas,\_ =,,24,541,alta,False,True
44171,CAPL-5B,"plásticas, \_ =",plásticas,\_ =,,24,541,alta,False,True
44172,CAPL-5M,"plásticas, \_ =",plásticas,\_ =,,24,541,alta,False,True
44176,CAPL-5R,"plásticas, \_ =",plásticas,\_ =,,24,541,alta,False,True
44182,CAPL-8M,"plásticas, \_ =",plásticas,\_ =,,35,541,alta,False,True
44186,CAPL-8R,"plásticas, \_ =",plásticas,\_ =,,35,541,alta,False,True
44280,CAPE-20,"de paseo para perro, 1.20 m Collares de entrenamiento para perro, ECH 2 mm 12","de paseo para perro, 1.20 m Collares de entrenamiento para perro",ECH 2 mm 12,,32,541,alta,False,True
44281,CAPE-25,"de paseo para perro, 1.20 m Collares de entrenamiento para perro, CH 2.5 mm 12","de paseo para perro, 1.20 m Collares de entrenamiento para perro",CH 2.5 mm 12,,35,541,alta,False,True
44282,CAPE-30,"de paseo para perro, 1.20 m Collares de entrenamiento para perro, CH-M3 mm 12","de paseo para perro, 1.20 m Collares de entrenamiento para perro",CH-M3 mm 12,,47,541,alta,False,True
44283,CAPE-35,"de paseo para perro, 1.20 m Collares de entrenamiento para perro, M 3.5 mm 12","de paseo para perro, 1.20 m Collares de entrenamiento para perro",M 3.5 mm 12,,55,541,alta,False,True
44284,CAPE-40,"de paseo para perro, 1.20 m Collares de entrenamiento para perro, M-G 4 mm 12","de paseo para perro, 1.20 m Collares de entrenamiento para perro",M-G 4 mm 12,,62,541,alta,False,True
44285,CAPE-45,"de paseo para perro, 1.20 m Collares de entrenamiento para perro, G 4.5 mm [Y","de paseo para perro, 1.20 m Collares de entrenamiento para perro",G 4.5 mm [Y,,72,541,alta,False,True
44286,CAPE-50,"de paseo para perro, 1.20 m Collares de entrenamiento para perro, EG 5 mm [Y","de paseo para perro, 1.20 m Collares de entrenamiento para perro",EG 5 mm [Y,,87,541,alta,False,True
44289,CACA-20,"de entrenamiento para perro, ECH 45 cm \ == 24",de entrenamiento para perro,ECH 45 cm \ == 24,,16,541,alta,False,True
44290,CACA-25,"de entrenamiento para perro, CH 45 cm \®_ == 12",de entrenamiento para perro,CH 45 cm \®_ == 12,,19,541,alta,False,True
44291,CACA-30,"de entrenamiento para perro, M 50 cm ] == 12",de entrenamiento para perro,M 50 cm ] == 12,,25,541,alta,False,True
44292,CACA-35,"de entrenamiento para perro, G 55 cm ]®_ == 12",de entrenamiento para perro,G 55 cm ]®_ == 12,,30,541,alta,False,True
44293,CACA-40,"de entrenamiento para perro, EG 60 cm ^ == 12",de entrenamiento para perro,EG 60 cm ^ == 12,,38,541,alta,False,True
44294,COPE-10,"Correa con pechera para perro, colores surtidos, CH 115 cm 1 cm","Correa con pechera para perro, colores surtidos",CH 115 cm 1 cm,,39,541,alta,False,True
44295,COPE-15,"Correa con pechera para perro, colores surtidos, M 125 cm 1.5 cm","Correa con pechera para perro, colores surtidos",M 125 cm 1.5 cm,,55,541,alta,False,True
44312,CAPE-20V,"de amarre para perro, 1.80 m Cinturón de seguridad para perro, ECH [®a ==","de amarre para perro, 1.80 m Cinturón de seguridad para perro",ECH [®a ==,,35,541,alta,False,True
44313,CAPE-25V,"de amarre para perro, 1.80 m Cinturón de seguridad para perro, CH \®[ ==","de amarre para perro, 1.80 m Cinturón de seguridad para perro",CH \®[ ==,,39,541,alta,False,True
44314,CAPE-30V,"de amarre para perro, 1.80 m Cinturón de seguridad para perro, CH-M \®^ ==","de amarre para perro, 1.80 m Cinturón de seguridad para perro",CH-M \®^ ==,,52,541,alta,False,True
44315,CAPE-35V,"de amarre para perro, 1.80 m Cinturón de seguridad para perro, M \®a ==","de amarre para perro, 1.80 m Cinturón de seguridad para perro",M \®a ==,,55,541,alta,False,True
44316,CAPE-40V,"de amarre para perro, 1.80 m Cinturón de seguridad para perro, M-G \®c ==","de amarre para perro, 1.80 m Cinturón de seguridad para perro",M-G \®c ==,,62,541,alta,False,True
44360,TAE-14T,"Taquetes expansivos con tornillo, k|z 41 mm 1⁄v"" 4 12",Taquetes expansivos con tornillo,"k|z 41 mm 1⁄v"" 4 12",,29,556,alta,False,True
44361,TAE-516T,"Taquetes expansivos con tornillo, k|z 41 mm 5⁄sx"" 4 12",Taquetes expansivos con tornillo,"k|z 41 mm 5⁄sx"" 4 12",,32,556,alta,False,True
44362,TAE-14,"Taquetes expansivos sin tornillo, i|t 44 mm 1⁄v"" 4 6",Taquetes expansivos sin tornillo,"i|t 44 mm 1⁄v"" 4 6",,46,556,alta,False,True
44363,TAE-516,"Taquetes expansivos sin tornillo, m|z 54 mm 5⁄sx"" 4 6",Taquetes expansivos sin tornillo,"m|z 54 mm 5⁄sx"" 4 6",,72,556,alta,False,True
44364,TAE-38,"Taquetes expansivos sin tornillo, m|z 54 mm 3⁄8"" 4 6",Taquetes expansivos sin tornillo,"m|z 54 mm 3⁄8"" 4 6",,72,556,alta,False,True
44438,CV-227,"Reducciones campana, [ i|t k|v 50 25 ^",Reducciones campana,[ i|t k|v 50 25 ^,,24,509,alta,False,True
44439,CV-228,"Reducciones campana, [ i|t [ i|v 50 40 ^",Reducciones campana,[ i|t [ i|v 50 40 ^,,26,509,alta,False,True
44444,CV-229,"Reducciones campana, \ i|t 63 20 ^",Reducciones campana,\ i|t 63 20 ^,,36,509,alta,False,True
44445,CV-230,"Reducciones campana, \ k|v 63 25 ^",Reducciones campana,\ k|v 63 25 ^,,42,509,alta,False,True
44446,CV-231,"Reducciones campana, 2 1 63 32 4",Reducciones campana,2 1 63 32 4,,46,509,alta,False,True
44447,CV-232,"Reducciones campana, \ [ i|v 63 40 ^",Reducciones campana,\ [ i|v 63 40 ^,,51,509,alta,False,True
44448,CV-233,"Reducciones campana, \ [ i|t 63 50 ^",Reducciones campana,\ [ i|t 63 50 ^,,55,509,alta,False,True
44449,V-052S,Juego de 2 llaves de empotrar sin manerales,Juego de 2 llaves de empotrar sin manerales,Juego,,320,509,alta,False,True
44456,R-013M,"Regaderas de teléfono con soporte Brazos para regaderas, Negro mate",Regaderas de teléfono con soporte Brazos para regaderas,Negro mate,,990,477,alta,False,True
44459,CPVC-ES-1-14,"Válvulas de esfera Válvulas de esfera desmontables, [ i|v (32 mm) 4 40",Válvulas de esfera Válvulas de esfera desmontables,[ i|v (32 mm) 4 40,,118,506,alta,False,True
44462,CPVC-ES-1-12,"Válvulas de esfera Válvulas de esfera desmontables, [ i|t (38 mm) 4 28",Válvulas de esfera Válvulas de esfera desmontables,[ i|t (38 mm) 4 28,,130,506,alta,False,True
44463,CPVC-ES-2,"Válvulas de esfera Válvulas de esfera desmontables, \ (50 mm) 4 16",Válvulas de esfera Válvulas de esfera desmontables,\ (50 mm) 4 16,,152,506,alta,False,True
44464,AO-12GA,"Abrazaderas para tubería conduit pared gruesa HW Ö, i|t 20",Abrazaderas para tubería conduit pared gruesa HW Ö,i|t 20,,26,422,alta,False,True
44471,AO-34GA,"Abrazaderas para tubería conduit pared gruesa HW Ö, k|v 20",Abrazaderas para tubería conduit pared gruesa HW Ö,k|v 20,,38,422,alta,False,True
44474,AO-1GA,"Abrazaderas para tubería conduit pared gruesa HW Ö, 1 10",Abrazaderas para tubería conduit pared gruesa HW Ö,1 10,,51,422,alta,False,True
44484,AO-114GA,"Abrazaderas para tubería conduit pared gruesa HW Ö, [ i|v 10",Abrazaderas para tubería conduit pared gruesa HW Ö,[ i|v 10,,39,422,alta,False,True
44515,AO-112GA,"Abrazaderas para tubería conduit pared gruesa HW Ö, [ i|t 10",Abrazaderas para tubería conduit pared gruesa HW Ö,[ i|t 10,,43,422,alta,False,True
44516,AO-2GA,"Abrazaderas para tubería conduit pared gruesa HW Ö, 2 10",Abrazaderas para tubería conduit pared gruesa HW Ö,2 10,,62,422,alta,False,True
44517,AO-3GA,"Abrazaderas para tubería conduit pared gruesa HW Ö, 3 5",Abrazaderas para tubería conduit pared gruesa HW Ö,3 5,,140,422,alta,False,True
44539,AO-4GA,"Abrazaderas para tubería conduit pared gruesa HW Ö, 4 5",Abrazaderas para tubería conduit pared gruesa HW Ö,4 5,,175,422,alta,False,True
44556,TORM-14X12,"Tornillos tipo máquina , i|v"" a o|sx"", i|t"" (13 mm) 150","Tornillos tipo máquina , i|v"" a o|sx""","i|t"" (13 mm) 150",,112,554,alta,False,True
44557,TORM-14X34,"Tornillos tipo máquina , i|v"" a o|sx"", k|v"" (19 mm) 100","Tornillos tipo máquina , i|v"" a o|sx""","k|v"" (19 mm) 100",,96,554,alta,False,True
44558,TORM-14X1,"Tornillos tipo máquina , i|v"" a o|sx"", 1"" (25 mm) 100","Tornillos tipo máquina , i|v"" a o|sx""","1"" (25 mm) 100",,108,554,alta,False,True
44559,TORM-14X1-14,"Tornillos tipo máquina , i|v"" a o|sx"", 1i|v"" (32 mm) 100","Tornillos tipo máquina , i|v"" a o|sx""","1i|v"" (32 mm) 100",,118,554,alta,False,True
44560,TORM-14X1-12,"Tornillos tipo máquina , i|v"" a o|sx"", 1i|t"" (38 mm) 80","Tornillos tipo máquina , i|v"" a o|sx""","1i|t"" (38 mm) 80",,109,554,alta,False,True
44561,TORM-14X2,"Tornillos tipo máquina , i|v"" a o|sx"", × 2"" (50 mm) 60","Tornillos tipo máquina , i|v"" a o|sx""","× 2"" (50 mm) 60",,108,554,alta,False,True
44562,TORM-14X2-12,"Tornillos tipo máquina , i|v"" a o|sx"", × 2i|t"" (65 mm) 50","Tornillos tipo máquina , i|v"" a o|sx""","× 2i|t"" (65 mm) 50",,108,554,alta,False,True
44591,TORM-12X1,"Tornillos tipo máquina , i|t"" a k|v"", 1"" (25 mm) 40 12","Tornillos tipo máquina , i|t"" a k|v""","1"" (25 mm) 40 12",,207,554,alta,False,True
44592,TORM-12X1-14,"Tornillos tipo máquina , i|t"" a k|v"", 1i|v"" (32 mm) 40 12","Tornillos tipo máquina , i|t"" a k|v""","1i|v"" (32 mm) 40 12",,230,554,alta,False,True
44593,TORM-12X1-12,"Tornillos tipo máquina , i|t"" a k|v"", 1i|t"" (38 mm) 30 12","Tornillos tipo máquina , i|t"" a k|v""","1i|t"" (38 mm) 30 12",,195,554,alta,False,True
44594,TORM-12X2,"Tornillos tipo máquina , i|t"" a k|v"", 2"" (50 mm) 30 12","Tornillos tipo máquina , i|t"" a k|v""","2"" (50 mm) 30 12",,230,554,alta,False,True
44599,TORE-18X12,"Tornillos tipo estufa, i|t"" (13 mm) 700",Tornillos tipo estufa,"i|t"" (13 mm) 700",,118,554,alta,False,True
44600,TORE-18X58,"Tornillos tipo estufa, m|z"" (16 mm) 600",Tornillos tipo estufa,"m|z"" (16 mm) 600",,123,554,alta,False,True
44601,TORE-18X34,"Tornillos tipo estufa, k|v"" (19 mm) 500",Tornillos tipo estufa,"k|v"" (19 mm) 500",,115,554,alta,False,True
44602,TORE-18X1,"Tornillos tipo estufa, 1"" (25 mm) 400",Tornillos tipo estufa,"1"" (25 mm) 400",,115,554,alta,False,True
44603,TORE-18X1-14,"Tornillos tipo estufa, 1i|v"" (32 mm) 350",Tornillos tipo estufa,"1i|v"" (32 mm) 350",,105,554,alta,False,True
44710,"i|t""","Tornillos de acero, tipo coche, (13 mm) 150","Tornillos de acero, tipo coche",(13 mm) 150,,130,555,baja,True,False
44711,"k|v""","Tornillos de acero, tipo coche, (19 mm) 100","Tornillos de acero, tipo coche",(19 mm) 100,,109,555,baja,True,False
44712,mm),"Tornillos de acero, tipo coche, 100","Tornillos de acero, tipo coche",100,,118,555,baja,True,False
44713,"1i|v""","Tornillos de acero, tipo coche, (32 mm) 100","Tornillos de acero, tipo coche",(32 mm) 100,,130,555,baja,True,False
44714,"1i|t""","Tornillos de acero, tipo coche, mm) 80","Tornillos de acero, tipo coche",mm) 80,,118,555,baja,True,False
44715,mm),"Tornillos de acero, tipo coche, 60","Tornillos de acero, tipo coche",60,,105,555,baja,True,False
44716,"2i|t""","Tornillos de acero, tipo coche, mm) 50","Tornillos de acero, tipo coche",mm) 50,,118,555,baja,True,False
44731,caja,,,,,,555,baja,True,False
44732,detaquetede,,,taquete de i⁄v,,,555,baja,True,False
44737,TAE-516A2G,,,"2k|v"" (70 mm) 100",,710,555,media,True,False
44763,"i|t""","Tornillos de acero, grado 5, (13 mm) C 150","Tornillos de acero, grado 5",(13 mm) C 150,,123,555,baja,True,False
44764,"k|v""","Tornillos de acero, grado 5, mm) C 100","Tornillos de acero, grado 5",mm) C 100,,105,555,baja,True,False
44765,mm),"Tornillos de acero, grado 5, C 100","Tornillos de acero, grado 5",C 100,,118,555,baja,True,False
44766,"1i|v""","Tornillos de acero, grado 5, (32 mm) P 100","Tornillos de acero, grado 5",(32 mm) P 100,,152,555,baja,True,False
44767,"1i|t""","Tornillos de acero, grado 5, (38 mm) P 80","Tornillos de acero, grado 5",(38 mm) P 80,,130,555,baja,True,False
44768,mm),"Tornillos de acero, grado 5, P 60","Tornillos de acero, grado 5",P 60,,123,555,baja,True,False
44769,"2i|t""","Tornillos de acero, grado 5, (65 mm) P 50","Tornillos de acero, grado 5",(65 mm) P 50,,130,555,baja,True,False
44785,caja,,,,,,555,baja,True,False
44790,TAE-516A1G,,,"2"" (50 mm) 100",,645,555,media,True,False
44792,detaquetede,,,taquete de k⁄z,,,555,baja,True,False
44820,CPVC-052S,Juego de 2 llaves de empotrar sin manerales,Juego de 2 llaves de empotrar sin manerales,Juego,,255,506,alta,False,True
44821,R-312M,,"#e6aderas cGadradas 1\"" (3Y cm)¯ para techo",Negro mate Regadera,,2290,477,media,True,False
44822,R-313M,,"#e6aderas redondas 1\"" (3Y cm)¯ para techo",Negro mate,,2390,477,media,True,False
44826,R-308M,,"#e6aderas cGadradas b"" (\Y cm) y 1Y"" (\5 cm)¯ para pared",Negro mate Regadera,,1320,477,media,True,False
44827,R-309M,,"#e6aderas redondas b"" (\Y cm) y 1Y"" (\5 cm)¯ para pared",Negro mate,,1350,477,media,True,False
44907,TECA-1M,,%ensores de cadena con matraca,"1,000 kg 1⁄v"" - 5⁄sx"" 9 mm 54 cm 44 cm 1 5",,575,538,media,True,False
44908,TECA-2M,,%ensores de cadena con matraca,"2,500 kg 5⁄sx"" - 3⁄8"" 12 mm 74 cm 63 cm 1 4",,910,538,media,True,False
44909,TECA-4M,,%ensores de cadena con matraca,"4,200 kg 3⁄8"" - 1⁄2"" 16 mm 74 cm 65 cm 1 4",,990,538,media,True,False
44910,COLPA-1,"Bolsa con 100 grapas cola de pato, 1 2.5 cm 6.3 mm",Bolsa con 100 grapas cola de pato,1 2.5 cm 6.3 mm,,62,557,alta,False,True
44911,COLPA-2,"Bolsa con 100 grapas cola de pato, 2 3.5 cm 9 mm",Bolsa con 100 grapas cola de pato,2 3.5 cm 9 mm,,110,557,alta,False,True
44912,COLPA-3,"Bolsa con 100 grapas cola de pato, 3 4 cm 11.2 mm",Bolsa con 100 grapas cola de pato,3 4 cm 11.2 mm,,152,557,alta,False,True
44913,TECA-6M,,%ensores de cadena con matraca,"6,000 kg 1⁄2"" - 5⁄8"" 18 mm 87 cm 72 cm 1 2",,1270,538,media,True,False
44966,GRI-316,,rilletes de acero 5orjado,"330 kg k⁄sx"" (5 mm) 1"" (25 mm) 1⁄v"" (6.5 mm)",,30,538,media,True,False
44967,GRI-14,,rilletes de acero 5orjado,"500 kg 1⁄v"" (6.5 mm) 1 1⁄v"" (32 mm) m⁄sx"" (8 mm)",,32,538,media,True,False
44968,GRI-516,,rilletes de acero 5orjado,"750 kg m⁄sx"" (8 mm) 1 1⁄2"" (38 mm) k⁄z"" (10 mm)",,39,538,media,True,False
45045,CPVC-ANG,Llave angular,Llave angular,,,32,506,alta,False,True
45046,CPVC-052,Juego de 2 llaves de empotrar con manerales,Juego de 2 llaves de empotrar con manerales,Juego,,480,506,alta,False,True
45049,CPVC-ES-1,"Válvulas de esfera Válvulas de esfera desmontables, [ (25 mm) 10 60",Válvulas de esfera Válvulas de esfera desmontables,[ (25 mm) 10 60,,72,506,alta,False,True
45065,R-401,"Regaderas cuadradas 3 k|v"" (10 cm)","Regaderas cuadradas 3 k|v"" (10 cm)",Regadera,,160,458,alta,False,True
45066,R-401S,"Regaderas cuadradas 3 k|v"" (10 cm), Cabeza","Regaderas cuadradas 3 k|v"" (10 cm)",Cabeza,,110,458,alta,False,True
45067,R-402,"Regaderas redondas 4 i|v"" (11 cm)","Regaderas redondas 4 i|v"" (11 cm)",Regadera,,185,458,alta,False,True
45068,R-402S,"Regaderas redondas 4 i|v"" (11 cm), Cabeza","Regaderas redondas 4 i|v"" (11 cm)",Cabeza,,129,458,alta,False,True
45075,R-309,,"#e6aderas redondas b"" (\Y cm) y 1Y"" (\5 cm)¯ para pared",Cromo,,1320,477,media,True,False
45076,R-309N,,"#e6aderas redondas b"" (\Y cm) y 1Y"" (\5 cm)¯ para pared",Níquel satinado,,1365,477,media,True,False
45077,R-311,,"#e6aderas redondas b"" (\Y cm) y 1Y"" (\5 cm)¯ para pared",Cromo,,1800,477,media,True,False
45078,R-311N,,"#e6aderas redondas b"" (\Y cm) y 1Y"" (\5 cm)¯ para pared",Níquel satinado,,2125,477,media,True,False
45079,R-313,,"#e6aderas redondas 1\"" (3Y cm)¯ para techo",Cromo,,2290,477,media,True,False
45080,R-313N,,"#e6aderas redondas 1\"" (3Y cm)¯ para techo",Níquel satinado,,2460,477,media,True,False
45089,,"Diablo-plataforma convertible, 3 en 1 Diablo-plataforma convertible, 2 en 1","Diablo-plataforma convertible, 3 en 1 Diablo-plataforma convertible, 2 en 1",,,2475,148,baja,True,False
4510,i|t,"Discos de corte preciso para metal de corte preciso para metal y acero inoxidable, 1 mm 13,300 rpm",Discos de corte preciso para metal de corte preciso para metal y acero inoxidable,"1 mm 13,300 rpm",,25,152,baja,True,False
4512,ESMA-4512N,"NUEVO, 12",NUEVO,12,,110,256,alta,False,True
4516,i|t,"de corte preciso para metal, 1.6 mm 13,200 rpm 20 120",de corte preciso para metal,"1.6 mm 13,200 rpm 20 120",,12.50,152,baja,True,False
45172,CV-D1,,Dados de aluminio para termofusoras CV-TER10 y CV-TER,"1⁄2"" 20 10 100",,175,509,media,True,False
45173,CV-D2,,Dados de aluminio para termofusoras CV-TER10 y CV-TER,"3⁄v"" 25 10 100",,215,509,media,True,False
45174,CV-D3,,Dados de aluminio para termofusoras CV-TER10 y CV-TER,"1"" 32 10 100",,240,509,media,True,False
4518,cm),Carburadores para motosierra,Carburadores para motosierra,,,3050,275,baja,True,False
45186,RIM-51N,"Salidas de tina sin desviador, Níquel satinado",Salidas de tina sin desviador,Níquel satinado,,1095,476,alta,False,True
45197,RIM-51,"Salidas de tina sin desviador, Cromo",Salidas de tina sin desviador,Cromo,,960,476,alta,False,True
4520,cm),Carburadores para motosierra,Carburadores para motosierra,,,3100,275,baja,True,False
45201,RIM-61,,»,Cromo,,625,476,media,True,False
45202,RIM-61N,,»,Níquel satinado,,795,476,media,True,False
45250,ELMM-01,"manerales metálicos para mezcladoras Manerales, Cromo 4",manerales metálicos para mezcladoras Manerales,Cromo 4,,310,474,alta,False,True
45251,ELMM-02,"manerales metálicos para mezcladoras Manerales, ELM-43 Cromo 4",manerales metálicos para mezcladoras Manerales,ELM-43 Cromo 4,,240,474,alta,False,True
45252,ELMM-05,"para monomandos, Cromo",para monomandos,Cromo,,118,474,alta,False,True
45253,ELMM-06,"para monomandos, ELF-82 Cromo",para monomandos,ELF-82 Cromo,,122,474,alta,False,True
45254,ELMM-07,"manerales metálicos para mezcladoras Manerales, ELM-92 Cromo 4",manerales metálicos para mezcladoras Manerales,ELM-92 Cromo 4,,365,474,alta,False,True
45255,ELMM-01N,"manerales metálicos para mezcladoras Manerales, 4",manerales metálicos para mezcladoras Manerales,4,,380,474,alta,False,True
45256,ELMM-02N,"manerales metálicos para mezcladoras Manerales, ELM-43N 4",manerales metálicos para mezcladoras Manerales,ELM-43N 4,,295,474,alta,False,True
45257,ELMM-05N,para monomandos,para monomandos,,,152,474,alta,False,True
45258,ELMM-06N,"para monomandos, ELF-82N",para monomandos,ELF-82N,,152,474,alta,False,True
45261,CV-401,"Curvas 90°, i|t 20 [Y 300",Curvas 90°,i|t 20 [Y 300,,16,509,alta,False,True
45262,CV-402,"Curvas 90°, k|v 25 [Y 200",Curvas 90°,k|v 25 [Y 200,,24,509,alta,False,True
45263,CV-571,"Codos, i|t k|v 20 25 [Y",Codos,i|t k|v 20 25 [Y,,,509,media,True,False
45266,,"unión mixtas, con inserto de latón niquelado, 5 100","unión mixtas, con inserto de latón niquelado",5 100,,,508,baja,True,False
45286,TC-12-GA,"Codos y tubos conduit pared gruesa HW Ö, i|t 3 m 1.5 mm 2.1 kg 5 NA",Codos y tubos conduit pared gruesa HW Ö,i|t 3 m 1.5 mm 2.1 kg 5 NA,,,422,media,True,False
45287,TC-34-GA,"Codos y tubos conduit pared gruesa HW Ö, k|v 3 m 1.5 mm 2.7 kg 5 NA",Codos y tubos conduit pared gruesa HW Ö,k|v 3 m 1.5 mm 2.7 kg 5 NA,,,422,media,True,False
45288,TC-1-GA,"Codos y tubos conduit pared gruesa HW Ö, [ 3 m 1.7 mm 3.8 kg 5 NA",Codos y tubos conduit pared gruesa HW Ö,[ 3 m 1.7 mm 3.8 kg 5 NA,,,422,media,True,False
45289,RIMM-01,"Manerales para mezcladoras para lavabo y fregadero, Cromo",Manerales para mezcladoras para lavabo y fregadero,Cromo,,255,475,alta,False,True
45290,RIMM-01N,Manerales para mezcladoras para lavabo y fregadero,Manerales para mezcladoras para lavabo y fregadero,,,270,475,alta,False,True
45291,RIMM-02,"Manerales metálicos para tina taladros separados, Cromo",Manerales metálicos para tina taladros separados,Cromo,,365,476,alta,False,True
45292,RIMM-02N,"Manerales metálicos para tina taladros separados, Níquel satinado",Manerales metálicos para tina taladros separados,Níquel satinado,,400,476,alta,False,True
45293,RIMM-03,"Manerales metálicos para mezcladoras, monomandos y tinas, Cromo","Manerales metálicos para mezcladoras, monomandos y tinas",Cromo,,158,475,alta,False,True
45294,RIMM-03N,"Manerales metálicos para mezcladoras, monomandos y tinas","Manerales metálicos para mezcladoras, monomandos y tinas",,,165,475,alta,False,True
45297,ESRO-12XA,,»,"1⁄2"" (13 mm)",,152,523,media,True,False
45298,ESRO-34XA,,»,"3⁄v"" (19 mm)",,240,523,media,True,False
45299,ESRO-1XA,,»,"1"" (25 mm)",,375,523,media,True,False
45317,CE-296,"Céspol flexible de plástico, con trampa , universal","Céspol flexible de plástico, con trampa , universal",,,105,491,alta,False,True
45318,CE-245,"flexibles de plástico contra , para lavabo, 85 cm","flexibles de plástico contra , para lavabo",85 cm,,105,490,alta,False,True
45319,CED-12,Céspol doble flexible de plástico para fregadero,Céspol doble flexible de plástico para fregadero,,,125,491,alta,False,True
45323,RS-703M,"Resumideros reversibles de acero inoxidable, 255 g 4k|z"" (110 mm) 4k|z"" (110 mm) 1 k⁄z"" (35 mm) Negro mate 2",Resumideros reversibles de acero inoxidable,"255 g 4k|z"" (110 mm) 4k|z"" (110 mm) 1 k⁄z"" (35 mm) Negro mate 2",,295,493,alta,False,True
45324,RS-704M,"Resumideros reversibles de acero inoxidable, 635 g 4k|z"" (110 mm) 12"" (300 mm) 1 k⁄z"" (35 mm) Negro mate 2",Resumideros reversibles de acero inoxidable,"635 g 4k|z"" (110 mm) 12"" (300 mm) 1 k⁄z"" (35 mm) Negro mate 2",,545,493,alta,False,True
45325,ESRO-1-14XA,,»,"1 1⁄v"" (32 mm)",,530,523,media,True,False
45327,ESRO-1-12XA,,»,"1 1⁄2"" (38 mm)",,770,523,media,True,False
45329,ESRO-2XA,,»,"2"" (50 mm)",,1265,523,media,True,False
45345,TIR-10NL,,1@> 1@>Fr@< rem@F@,100 lm,,400,441,media,True,False
45361,TIR-01NL,,Tira LED flexible multicolor 1@> 1@>Fr@< rem@F@,Fría 300 lm,,219,441,media,True,False
45362,TIR-02NL,,Tira LED flexible multicolor 1@> 1@>Fr@< rem@F@,Ámbar 280 lm,,219,441,media,True,False
45374,ESSO-12XA,,»,"1⁄2"" (13 mm)",,125,523,media,True,False
45375,ESSO-34XA,,»,"3⁄v"" (19 mm)",,240,523,media,True,False
45380,AQCR-82,"Cabezales dirigibles para mezcladoras de fregadero, Cromo",Cabezales dirigibles para mezcladoras de fregadero,Cromo,,55,460,alta,False,True
45381,AQCR-82N,"Cabezales dirigibles para mezcladoras de fregadero, Níquel satinado",Cabezales dirigibles para mezcladoras de fregadero,Níquel satinado,,72,460,alta,False,True
45385,AQCR-82M,"Cabezales dirigibles para mezcladoras de fregadero, Negro mate",Cabezales dirigibles para mezcladoras de fregadero,Negro mate,,60,460,alta,False,True
4540,"o⁄8""","laminados, Discos laminados, alto rendimiento, Discos plástico respaldo de fibra de vidrio respaldo, 13,300 rpm","laminados, Discos laminados, alto rendimiento, Discos plástico respaldo de fibra de vidrio respaldo","13,300 rpm",,79,151,baja,True,False
45444,CV-004,"Tubos de 4 m Tees, [ i|v 40 5.5 _ 2 ^cb^] CV-721 k|v i|t i|t 25 20 20 [Y 240",Tubos de 4 m Tees,[ i|v 40 5.5 _ 2 ^cb^] CV-721 k|v i|t i|t 25 20 20 [Y 240,,11,509,alta,False,True
45445,CV-005,"Tubos de 4 m Tees, [ i|t 50 6.9 _ 2 ^cb^^ CV-722 k|v k|v i|t 25 25 20 [Y 240",Tubos de 4 m Tees,[ i|t 50 6.9 _ 2 ^cb^^ CV-722 k|v k|v i|t 25 25 20 [Y 240,,,509,media,True,False
45446,CV-006,"Tubos de 4 m Tees, \ 63 8.6 _ 2 ^cb^_ CV-723 k|v i|t k|v 25 20 25 [Y 240",Tubos de 4 m Tees,\ 63 8.6 _ 2 ^cb^_ CV-723 k|v i|t k|v 25 20 25 [Y 240,,11,509,alta,False,True
45447,CV-264,"Coples, [ i|v 40 ^ 172",Coples,[ i|v 40 ^ 172,,21,509,alta,False,True
45448,CV-265,"Coples, [ i|t 50 ^ 112",Coples,[ i|t 50 ^ 112,,32,509,alta,False,True
45449,CV-266,"Coples, 2 63 4 64",Coples,2 63 4 64,,59,509,alta,False,True
45450,CV-614,"Adaptadores con inserto de latón niquelado Tees, 1 1⁄v"" 1 i⁄v 40 mm 4 32",Adaptadores con inserto de latón niquelado Tees,"1 1⁄v"" 1 i⁄v 40 mm 4 32",,315,508,alta,False,True
45451,CV-615,"Adaptadores con inserto de latón niquelado Tees, 1 1⁄2"" 1 i⁄t 50 mm 4 28",Adaptadores con inserto de latón niquelado Tees,"1 1⁄2"" 1 i⁄t 50 mm 4 28",,345,508,alta,False,True
45452,CV-616,"Adaptadores con inserto de latón niquelado Tees, 2"" 2 63 mm 2 20",Adaptadores con inserto de latón niquelado Tees,"2"" 2 63 mm 2 20",,475,508,alta,False,True
45456,CV-364,"Tapones, [ i|v 40 ^ 320",Tapones,[ i|v 40 ^ 320,,24,509,alta,False,True
45457,CV-365,"Tapones, [ i|t 50 ^ 180",Tapones,[ i|t 50 ^ 180,,39,509,alta,False,True
45459,CV-564,"Codos, [ i|v[ i|v 40 40 ^",Codos,[ i|v[ i|v 40 40 ^,,26,509,alta,False,True
45460,CV-565,"Codos, [ i|t[ i|t 50 50 ^",Codos,[ i|t[ i|t 50 50 ^,,42,509,alta,False,True
45465,CV-764,"Tees, [ i|v [ i|v [ i|v 40 40 40 ^ 88",Tees,[ i|v [ i|v [ i|v 40 40 40 ^ 88,,29,509,alta,False,True
45466,CV-765,"Tees, [ i|t[ i|t[ i|t 50 50 50 ^ 48",Tees,[ i|t[ i|t[ i|t 50 50 50 ^ 48,,55,509,alta,False,True
45467,CV-766,"Tees, 2 2 2 63 63 63 4 28",Tees,2 2 2 63 63 63 4 28,,105,509,alta,False,True
45468,CV-224,"Reducciones bushing, [ i|vk|v 40 25 ^ 228",Reducciones bushing,[ i|vk|v 40 25 ^ 228,,14.50,509,alta,False,True
45469,CV-225,"Reducciones bushing, [ i|v[ 40 32 ^ 200",Reducciones bushing,[ i|v[ 40 32 ^ 200,,19,509,alta,False,True
45470,CV-226,"Reducciones bushing, [ i|t[ 50 32 ^ 176",Reducciones bushing,[ i|t[ 50 32 ^ 176,,26,509,alta,False,True
45471,RS-605,"Resumideros cuadrados de acero inoxidable, 305 g 4"" (100 mm) 1 k⁄v"" (45 mm) Natural 4",Resumideros cuadrados de acero inoxidable,"305 g 4"" (100 mm) 1 k⁄v"" (45 mm) Natural 4",,195,493,alta,False,True
45472,RS-607,"Resumideros cuadrados de acero inoxidable, 710 g 6"" (150 mm) 1 k⁄v"" (45 mm) Natural 4",Resumideros cuadrados de acero inoxidable,"710 g 6"" (150 mm) 1 k⁄v"" (45 mm) Natural 4",,400,493,alta,False,True
45473,RS-605M,"Resumideros cuadrados de acero inoxidable, 305 g 4"" (100 mm) 1 k⁄v"" (45 mm) Negro mate 4",Resumideros cuadrados de acero inoxidable,"305 g 4"" (100 mm) 1 k⁄v"" (45 mm) Negro mate 4",,215,493,alta,False,True
45474,RS-607M,"Resumideros cuadrados de acero inoxidable, 710 g 6"" (150 mm) 1 k⁄v"" (45mm) Negro mate 4",Resumideros cuadrados de acero inoxidable,"710 g 6"" (150 mm) 1 k⁄v"" (45mm) Negro mate 4",,430,493,alta,False,True
45484,CPVC-71M,Monomando de empotrar para regadera,Monomando de empotrar para regadera,Monomando,,465,506,alta,False,True
45486,CPVC-KIT-M,Kit de instalación para regadera con monomando,Kit de instalación para regadera con monomando,Kit,,585,506,alta,False,True
45551,CV-521,"Codos macho-hembra, i|t 20 20 [Y",Codos macho-hembra,i|t 20 20 [Y,,,509,media,True,False
45552,CV-522,"Codos macho-hembra, k|v 25 25 [Y",Codos macho-hembra,k|v 25 25 [Y,,,509,media,True,False
45553,CV-871,"Codos macho-hembra, i|t 20 20 [Y",Codos macho-hembra,i|t 20 20 [Y,,,509,media,True,False
45555,CV-771,"Cruz, i|t 20 [Y 300",Cruz,i|t 20 [Y 300,,11,509,alta,False,True
45556,CV-961,"unión plásticas Abrazaderas tipo “U”, i|t 20 [Y 400",unión plásticas Abrazaderas tipo “U”,i|t 20 [Y 400,,12.50,509,alta,False,True
45557,CV-962,"unión plásticas Abrazaderas tipo “U”, k|v 25 [Y 220",unión plásticas Abrazaderas tipo “U”,k|v 25 [Y 220,,16,509,alta,False,True
45580,CB-456I,,x3 llave tetra,,,215,573,media,True,False
45584,CB-456D,,x3 llave tetra,,,215,573,media,True,False
45585,MUL-16100,,×16,4 × 3 × 117 cm,,845,408,media,True,False
45586,MUL-818U,"Multicontactos con supresor de picos puertos USB-A y USB-C de carga rápida, 1,800 Joules 8 × 3 × 27 cm Blanco",Multicontactos con supresor de picos puertos USB-A y USB-C de carga rápida,"1,800 Joules 8 × 3 × 27 cm Blanco",,545,408,alta,False,True
4560,"o⁄8""","laminados, Discos laminados, alto rendimiento, Discos plástico respaldo de fibra de vidrio respaldo, 13,300 rpm","laminados, Discos laminados, alto rendimiento, Discos plástico respaldo de fibra de vidrio respaldo","13,300 rpm",,79,151,baja,True,False
45653,RS-801M,"Resumideros cuadrados de latón, 330 g 4"" (100 mm) 1 k⁄v"" (45 mm) Negro mate 2",Resumideros cuadrados de latón,"330 g 4"" (100 mm) 1 k⁄v"" (45 mm) Negro mate 2",,435,493,alta,False,True
45654,RS-802M,"Resumideros cuadrados de latón, 960 g 6"" (150 mm) 1 k⁄v"" (45 mm) Negro mate 1",Resumideros cuadrados de latón,"960 g 6"" (150 mm) 1 k⁄v"" (45 mm) Negro mate 1",,1165,493,alta,False,True
45661,MUL-818UN,"Multicontactos con supresor de picos puertos USB-A y USB-C de carga rápida, 1,800 Joules 8 × 3 × 27 cm Negro",Multicontactos con supresor de picos puertos USB-A y USB-C de carga rápida,"1,800 Joules 8 × 3 × 27 cm Negro",,545,408,alta,False,True
45662,MUL-612U,"Multicontactos con supresor de picos puertos USB-A y USB-C de carga rápida, 1,200 Joules 8 × 3 × 24 cm Blanco",Multicontactos con supresor de picos puertos USB-A y USB-C de carga rápida,"1,200 Joules 8 × 3 × 24 cm Blanco",,515,408,alta,False,True
45663,MUL-612UN,"Multicontactos con supresor de picos puertos USB-A y USB-C de carga rápida, 1,200 Joules 8 × 3 × 24 cm Negro",Multicontactos con supresor de picos puertos USB-A y USB-C de carga rápida,"1,200 Joules 8 × 3 × 24 cm Negro",,515,408,alta,False,True
45664,MUL-411U,"Multicontactos con supresor de picos puertos USB-A y USB-C de carga rápida, 1,080 Joules 4 × 3 × 27 cm Blanco",Multicontactos con supresor de picos puertos USB-A y USB-C de carga rápida,"1,080 Joules 4 × 3 × 27 cm Blanco",,380,408,alta,False,True
45665,MUL-411UN,"Multicontactos con supresor de picos puertos USB-A y USB-C de carga rápida, 1,080 Joules 4 × 3 × 27 cm Negro",Multicontactos con supresor de picos puertos USB-A y USB-C de carga rápida,"1,080 Joules 4 × 3 × 27 cm Negro",,380,408,alta,False,True
45668,ATIN-007,Medidor de nivel de agua para tinaco,Medidor de nivel de agua para tinaco,,,1265,525,alta,False,True
45669,EMP-800L,"Luminarios LED plafón cuadrados delgados , ajustables, Fría ` * 400 lm 10 cm 4 cm 5.5 cm","Luminarios LED plafón cuadrados delgados , ajustables",Fría ` * 400 lm 10 cm 4 cm 5.5 cm,,85,438,alta,False,True
45670,EMP-801L,"Luminarios LED plafón cuadrados delgados , ajustables, Fría b * 600 lm 12 cm 4 cm 7.5 cm","Luminarios LED plafón cuadrados delgados , ajustables",Fría b * 600 lm 12 cm 4 cm 7.5 cm,,102,438,alta,False,True
45671,EMP-802L,"Luminarios LED plafón cuadrados delgados , ajustables, Fría [_ * 1,250 lm 17 cm 4 cm 12.5 cm","Luminarios LED plafón cuadrados delgados , ajustables","Fría [_ * 1,250 lm 17 cm 4 cm 12.5 cm",,152,438,alta,False,True
45672,SOC-10NS,,"Sockets colgantes metálicos, E8> 5@1@",Negro,,195,439,media,True,False
45673,SOC-10HS,,"Sockets colgantes metálicos, E8> 5@1@",Hierro,,215,439,media,True,False
45674,SOC-10SS,,"Sockets colgantes metálicos, E8> 5@1@",Satín,,225,439,media,True,False
4570,,"Refacciones para esmeriladoras de 4 i|t""","Refacciones para esmeriladoras de 4 i|t""",,TRUPER,,235,baja,True,False
45715,,"Juegos de manerales metálicos para mezcladoras, ""»62",Juegos de manerales metálicos para mezcladoras,"""»62",,240,459,baja,True,False
45716,,"Juegos de manerales metálicos para mezcladoras, ""»62",Juegos de manerales metálicos para mezcladoras,"""»62",,225,459,baja,True,False
45734,TAE-8X45CG,"Taquetes expansivos con armella cerrada, m|sx 50 mm o⁄sx"" 143 kg 100 1 8",Taquetes expansivos con armella cerrada,"m|sx 50 mm o⁄sx"" 143 kg 100 1 8",,720,556,alta,False,True
45735,TAE-10X60CG,"Taquetes expansivos con armella cerrada, k|z 65 mm 1⁄2"" 183 kg 50 1 8",Taquetes expansivos con armella cerrada,"k|z 65 mm 1⁄2"" 183 kg 50 1 8",,635,556,alta,False,True
45736,TAE-12X70CG,"Taquetes expansivos con armella cerrada, i|t 75 mm 5⁄8"" 296 kg 25 1 8",Taquetes expansivos con armella cerrada,"i|t 75 mm 5⁄8"" 296 kg 25 1 8",,545,556,alta,False,True
45737,TAE-16X80CG,"Taquetes expansivos con armella cerrada, m|z 90 mm 3⁄v"" 408 kg 25 1 4",Taquetes expansivos con armella cerrada,"m|z 90 mm 3⁄v"" 408 kg 25 1 4",,910,556,alta,False,True
45744,CTV-40SW,,"Cámara WiFi robotizada para interiores , para socket , 4 MP",,,580,424,media,True,False
45771,R-308,,"#e6aderas cGadradas b"" (\Y cm) y 1Y"" (\5 cm)¯ para pared",Cromo Regadera,,1280,477,media,True,False
45772,R-308N,,"#e6aderas cGadradas b"" (\Y cm) y 1Y"" (\5 cm)¯ para pared",Níquel satinado Regadera,,1390,477,media,True,False
45773,R-310,,"#e6aderas cGadradas b"" (\Y cm) y 1Y"" (\5 cm)¯ para pared",Cromo Regadera,,1675,477,media,True,False
45774,R-310N,,"#e6aderas cGadradas b"" (\Y cm) y 1Y"" (\5 cm)¯ para pared",Níquel satinado Regadera,,1950,477,media,True,False
45775,R-312,,"#e6aderas cGadradas 1\"" (3Y cm)¯ para techo",Cromo Regadera,,2250,477,media,True,False
45776,R-312N,,"#e6aderas cGadradas 1\"" (3Y cm)¯ para techo",Níquel satinado Regadera,,2390,477,media,True,False
45777,BCH-750,"Brazos para regaderas, Cromo R-310, R-311, R-308 y R-309",Brazos para regaderas,"Cromo R-310, R-311, R-308 y R-309",,430,477,alta,False,True
45778,BCH-750N,"Brazos para regaderas, Níquel satinado R-310N, R-311N, R-308N y R-309N",Brazos para regaderas,"Níquel satinado R-310N, R-311N, R-308N y R-309N",,515,477,alta,False,True
45779,R-308S,,"#e6aderas cGadradas b"" (\Y cm) y 1Y"" (\5 cm)¯ para pared",Cromo Cabeza,,790,477,media,True,False
45780,R-308SN,,"#e6aderas cGadradas b"" (\Y cm) y 1Y"" (\5 cm)¯ para pared",Níquel satinado Cabeza,,840,477,media,True,False
45781,R-310S,,"#e6aderas cGadradas b"" (\Y cm) y 1Y"" (\5 cm)¯ para pared",Cromo Cabeza,,1240,477,media,True,False
45783,R-312S,,"#e6aderas cGadradas 1\"" (3Y cm)¯ para techo",Cromo Cabeza,,1875,477,media,True,False
45784,R-312SN,,"#e6aderas cGadradas 1\"" (3Y cm)¯ para techo",Níquel satinado Cabeza,,1950,477,media,True,False
45785,R-013,"Regaderas de teléfono con soporte Brazos para regaderas, Cromo",Regaderas de teléfono con soporte Brazos para regaderas,Cromo,,855,477,alta,False,True
45786,R-013N,"Regaderas de teléfono con soporte Brazos para regaderas, Níquel satinado",Regaderas de teléfono con soporte Brazos para regaderas,Níquel satinado,,1095,477,alta,False,True
4580,ESMA-4580PN,"Refacciones para esmeriladoras de 4 i|t""","Refacciones para esmeriladoras de 4 i|t""",,TRUPER,,235,media,True,False
45842,TIR-601AL,"LED secuenciales, en par, ^ * 190 lm 108 60 cm","LED secuenciales, en par",^ * 190 lm 108 60 cm,,120,441,alta,False,True
45843,TIR-301AL,"LED secuenciales, en par, \®_ * 120 lm 54 30 cm","LED secuenciales, en par",\®_ * 120 lm 54 30 cm,,102,441,alta,False,True
45859,V-71,Monomando de empotrar para regadera,Monomando de empotrar para regadera,Monomando,,815,509,alta,False,True
45860,V-T-,Kit de instalación para regadera con monomando,Kit de instalación para regadera con monomando,Kit,,870,509,baja,True,False
45863,CB-70A,,x2 con alarma,Grande 7 mm 100 60 30 6,,435,570,media,True,False
45865,MUL-3EN,,×4 ×3,4 × 3 × 12 cm Negro 48,,58,409,media,True,False
45885,AQCR-81N,"Cuellos flexibles para mezcladoras de fregadero, AQF-88N Níquel satinado",Cuellos flexibles para mezcladoras de fregadero,AQF-88N Níquel satinado,,180,460,alta,False,True
4590,Mangoajustable,"Esmeriladora 4 i|t"", 950 W","Esmeriladora 4 i|t"", 950 W",,,1395,233,baja,True,False
45948,AQCR-81M,"Cuellos flexibles para mezcladoras de fregadero, AQF-88M Negro mate",Cuellos flexibles para mezcladoras de fregadero,AQF-88M Negro mate,,180,460,alta,False,True
45950,PA-COAP-SB,"Placas con interruptores y contactos aterrizados, ABS Blanco 3",Placas con interruptores y contactos aterrizados,ABS Blanco 3,,53,390,alta,False,True
45951,PA-CODO-MSB,"y contactos aterrizados aterrizados y tierra aislada, ABS Blanco 20 A",y contactos aterrizados aterrizados y tierra aislada,ABS Blanco 20 A,,51,390,alta,False,True
45952,PA-APSE-SB,"Placas para interruptor vertical, ABS Blanco",Placas para interruptor vertical,ABS Blanco,,35,390,alta,False,True
45953,PA-APDO-SB,"Placas con interruptores y contactos aterrizados, ABS Blanco 3",Placas con interruptores y contactos aterrizados,ABS Blanco 3,,57,390,alta,False,True
45954,PA-CODO-SB,"y contactos aterrizados aterrizados y tierra aislada, ABS Blanco 15 A",y contactos aterrizados aterrizados y tierra aislada,ABS Blanco 15 A,,32,390,alta,False,True
46000,APSE-S,"Interruptores, Marfil 10",Interruptores,Marfil 10,,24,391,alta,False,True
46001,COAP-S,"Interruptores y contactos Interruptores, Marfil",Interruptores y contactos Interruptores,Marfil,,42,391,alta,False,True
46002,APDO-S,,»,,,38,391,media,True,False
46003,APSE-ES,"Interruptores, Marfil 10",Interruptores,Marfil 10,,42,391,alta,False,True
46010,APSO-TI,"Interruptores de sobreponer, !ara ti=0re Baquelita Marfil 100",Interruptores de sobreponer,!ara ti=0re Baquelita Marfil 100,,17.50,392,alta,False,True
46030,AO-114,"Abrazaderas para tubería conduit pared delgada EMT Ö, [ i|v",Abrazaderas para tubería conduit pared delgada EMT Ö,[ i|v,,32,422,alta,False,True
46031,AO-112,"Abrazaderas para tubería conduit pared delgada EMT Ö, [ i|t",Abrazaderas para tubería conduit pared delgada EMT Ö,[ i|t,,36,422,alta,False,True
46032,AO-2,"Abrazaderas para tubería conduit pared delgada EMT Ö, 2",Abrazaderas para tubería conduit pared delgada EMT Ö,2,,46,422,alta,False,True
46033,CPVC-KIT,Kit de instalación para regadera con manerales,Kit de instalación para regadera con manerales,Kit,,515,506,alta,False,True
46034,CPVC-KIT-B,Kit de instalación para regadera sin manerales,Kit de instalación para regadera sin manerales,Kit,,315,506,alta,False,True
46035,V-T,"Kit de instalación para regadera con manerales, × Kit",Kit de instalación para regadera con manerales,× Kit,,710,509,alta,False,True
46037,V-T-B,"Kit de instalación para regadera sin manerales, × Kit",Kit de instalación para regadera sin manerales,× Kit,,430,509,alta,False,True
46048,RS-702,"Resumideros cuadrados de acero inoxidable, 745 g 6"" (150 mm) 1 k⁄v"" (45 mm) Natural 2",Resumideros cuadrados de acero inoxidable,"745 g 6"" (150 mm) 1 k⁄v"" (45 mm) Natural 2",,430,493,alta,False,True
46049,RS-802,"Resumideros cuadrados de latón, 960 g 6"" (150 mm) 1 k⁄v"" (45 mm) Cromo 1",Resumideros cuadrados de latón,"960 g 6"" (150 mm) 1 k⁄v"" (45 mm) Cromo 1",,1110,493,alta,False,True
46089,MUL-340U,,× 2,4 × 3 × 20 cm Marfil 4,,240,408,media,True,False
46099,EXA-8B,"de aire, b"" 28 W 20 mj 430mkh 65 dB 25 × 24 11 × 9 × 18 10",de aire,"b"" 28 W 20 mj 430mkh 65 dB 25 × 24 11 × 9 × 18 10",,465,406,alta,False,True
46100,CODO-MS,"Contactos dúplex, Marfil Bolsa 127 V 20 A",Contactos dúplex,Marfil Bolsa 127 V 20 A,,38,391,alta,False,True
46101,COSE-MS,"Contactos redondos sencillos, Marfil 127 V 20 A",Contactos redondos sencillos,Marfil 127 V 20 A,,30,391,alta,False,True
46102,CODO-S,"Contactos dúplex, Marfil Bolsa 127 V 15 A",Contactos dúplex,Marfil Bolsa 127 V 15 A,,24,391,alta,False,True
46103,COSO-DA,"Contactos de sobreponer dúplex Interruptores de sobreponer, HpleL Baquelita Marfil 100",Contactos de sobreponer dúplex Interruptores de sobreponer,HpleL Baquelita Marfil 100,,32,392,alta,False,True
46105,CODO-TAS,"Contactos dúplex de tierra aislada, 127 V 15 A",Contactos dúplex de tierra aislada,127 V 15 A,,47,391,alta,False,True
46109,COSE-S,"Contactos redondos sencillos, Marfil 127 V 15 A",Contactos redondos sencillos,Marfil 127 V 15 A,,29,391,alta,False,True
46115,COSO-DA-C,"Contactos de sobreponer dúplex Interruptores de sobreponer, HpleL Baquelita Café 100",Contactos de sobreponer dúplex Interruptores de sobreponer,HpleL Baquelita Café 100,,32,392,alta,False,True
46138,RS-603,"Resumideros cuadrados metálicos, 450 g 6"" (150 mm) 1 1⁄2"" (38 mm) Cromo 4",Resumideros cuadrados metálicos,"450 g 6"" (150 mm) 1 1⁄2"" (38 mm) Cromo 4",,290,493,alta,False,True
46181,MUL-4E,,×4 ×3,3 × 3 × 19 cm Marfil 36,,73,409,media,True,False
46302,DIM-S,,»,Marfil,,158,391,media,True,False
46328,MUL-615UN,,× 2,6 × 4 × 31 cm Negro,,310,408,media,True,False
46329,MUL-615U,,× 2,6 × 4 × 31 cm Marfil,,310,408,media,True,False
46349,CAJL-26,,x2,,,280,571,media,True,False
46368,TIR-001L,"LED, 5 m, Fría 1,300 lm 3.5 × 2.8 mm","LED, 5 m","Fría 1,300 lm 3.5 × 2.8 mm",,349,441,alta,False,True
46369,TIR-002L,"LED, 5 m, Ámbar 1,600 lm 3.5 × 2.8 mm","LED, 5 m","Ámbar 1,600 lm 3.5 × 2.8 mm",,349,441,alta,False,True
46370,TIR-010L,,Tira LED multicolor 1@> 1@>Fr@< rem@F@,550 lm 5 × 5 mm,,645,441,media,True,False
46379,FL-969,,,,,815,525,media,True,False
46380,GAME-2520,"metálicos mosquitos, recargables, 20 × 15 × 25 cm","metálicos mosquitos, recargables",20 × 15 × 25 cm,,880,407,alta,False,True
46381,GAME-3025,"metálicos mosquitos, recargables, 25 × 15 × 30 cm","metálicos mosquitos, recargables",25 × 15 × 30 cm,,1030,407,alta,False,True
46382,GAME-3030,"metálicos mosquitos, recargables, 30 × 15 × 30 cm","metálicos mosquitos, recargables",30 × 15 × 30 cm,,1095,407,alta,False,True
46383,GAME-4030,"metálicos mosquitos, recargables, 30 × 20 × 40 cm","metálicos mosquitos, recargables",30 × 20 × 40 cm,,1390,407,alta,False,True
46384,GAME-4040,"metálicos mosquitos, recargables, 40 × 20 × 40 cm","metálicos mosquitos, recargables",40 × 20 × 40 cm,,1610,407,alta,False,True
46385,GAME-5040,"metálicos mosquitos, recargables, 40 × 20 × 50 cm","metálicos mosquitos, recargables",40 × 20 × 50 cm,,1750,407,alta,False,True
46386,PA-APSE-E,Interruptores y contacto,Interruptores y contacto,,,43,392,alta,False,True
46387,PA-CO-E,Interruptores y contacto,Interruptores y contacto,,,43,392,alta,False,True
46388,PA-APCO-E,Interruptores y contacto,Interruptores y contacto,,,58,392,alta,False,True
46389,PA-APDO-E,Interruptores y contacto,Interruptores y contacto,,,58,392,alta,False,True
46390,CO-E,"Interruptores y contacto, Policarbonato @>F.1F@B@<.D8N.2@E8>F83DD. Marfil",Interruptores y contacto,Policarbonato @>F.1F@B@<.D8N.2@E8>F83DD. Marfil,,14.50,392,alta,False,True
46400,PPCI-S,"Placas ciegas, ABS Marfil 10",Placas ciegas,ABS Marfil 10,,11,390,alta,False,True
46402,PACI-S,"Placas ciegas, Aluminio Dorado 10",Placas ciegas,Aluminio Dorado 10,,25,390,alta,False,True
46403,PPAN-S,"Placas ciegas, Policarbonato Marfil",Placas ciegas,Policarbonato Marfil,,11,390,alta,False,True
46404,PAAN-S,"Placas ciegas, Aluminio Dorado",Placas ciegas,Aluminio Dorado,,25,390,alta,False,True
46406,PPDO-S,"Placas para contacto redondo, ABS Marfil",Placas para contacto redondo,ABS Marfil,,11,390,alta,False,True
46408,PADO-S,"Placas para contacto redondo, Aluminio Dorado",Placas para contacto redondo,Aluminio Dorado,,25,390,alta,False,True
46409,PPDO-TAS,"Placas para contacto redondo, Policarbonato Naranja",Placas para contacto redondo,Policarbonato Naranja,,11,390,alta,False,True
46410,PPIN-DOS,"Placas para intemperie, Dúplex",Placas para intemperie,Dúplex,,39,391,alta,False,True
46411,PPIN-SES,"Placas para intemperie, Contacto redondo",Placas para intemperie,Contacto redondo,,35,391,alta,False,True
46412,PPSE-S,"Placas para contacto redondo, Policarbonato Marfil",Placas para contacto redondo,Policarbonato Marfil,,11,390,alta,False,True
46414,PASE-S,"Placas para contacto redondo, Aluminio Dorado",Placas para contacto redondo,Aluminio Dorado,,25,390,alta,False,True
46415,PPAP-S,"Placas para interruptor vertical, Policarbonato Marfil 10",Placas para interruptor vertical,Policarbonato Marfil 10,,11,390,alta,False,True
46417,PAAP-S,"Placas para interruptor vertical, Aluminio Dorado 10",Placas para interruptor vertical,Aluminio Dorado 10,,25,390,alta,False,True
46435,PASE-E,"Placas, 1",Placas,1,,30,392,alta,False,True
46436,PADO-E,"Placas, 2 12",Placas,2 12,,30,392,alta,False,True
46437,PATR-E,"Placas, 3",Placas,3,,30,392,alta,False,True
46438,APTI-E,"Interruptores y contacto, Policarbonato nterruptor para ti=0re Marfil",Interruptores y contacto,Policarbonato nterruptor para ti=0re Marfil,,14.50,392,alta,False,True
46439,APSE-E,"Interruptores y contacto, Policarbonato nterruptor sencillo Marfil",Interruptores y contacto,Policarbonato nterruptor sencillo Marfil,,14.50,392,alta,False,True
46440,APSE-EE,"Interruptores y contacto, Policarbonato nterruptor de ] J9as Marfil",Interruptores y contacto,Policarbonato nterruptor de ] J9as Marfil,,16,392,alta,False,True
46441,CO-E,"Interruptores y contacto, Policarbonato @>F.1F@B@<.D8N.2@E8>F83DD. Marfil",Interruptores y contacto,Policarbonato @>F.1F@B@<.D8N.2@E8>F83DD. Marfil,,14.50,392,alta,False,True
46442,APAL-2,"Interruptor de palanca 1 polo , onoff, 2,500 W 1","Interruptor de palanca 1 polo , onoff","2,500 W 1",,30,406,alta,False,True
46443,APAL-3,"Interruptor de palanca 1 polo , onon, 2,500 W 2","Interruptor de palanca 1 polo , onon","2,500 W 2",,30,406,alta,False,True
46445,ELFM-84,"para monomandos, ELF-84 Cromo",para monomandos,ELF-84 Cromo,,87,474,alta,False,True
46538,COPE-90S,Cinturón de seguridad para perro,Cinturón de seguridad para perro,,,55,541,alta,False,True
46543,RS-703,"Resumideros reversibles de acero inoxidable, 255 g 4k|z"" (110 mm) 4k|z"" (110 mm) 1 k⁄z"" (35 mm) Natural 2",Resumideros reversibles de acero inoxidable,"255 g 4k|z"" (110 mm) 4k|z"" (110 mm) 1 k⁄z"" (35 mm) Natural 2",,270,493,alta,False,True
46544,RS-704,"Resumideros reversibles de acero inoxidable, 635 g 4k|z"" (110 mm) 12"" (300 mm) 1 k⁄z"" (35 mm) Natural 2",Resumideros reversibles de acero inoxidable,"635 g 4k|z"" (110 mm) 12"" (300 mm) 1 k⁄z"" (35 mm) Natural 2",,465,493,alta,False,True
46545,PIDO-S,"Placas para contacto redondo, Acero inoxidable Natural",Placas para contacto redondo,Acero inoxidable Natural,,30,390,alta,False,True
46546,PISE-S,"Placas para contacto redondo, Acero inoxidable Natural",Placas para contacto redondo,Acero inoxidable Natural,,30,390,alta,False,True
46547,PIAP-S,"Placas para interruptor vertical, Acero inoxidable Natural 10",Placas para interruptor vertical,Acero inoxidable Natural 10,,30,390,alta,False,True
46548,PICI-S,"Placas ciegas, Acero inoxidable Plata 10",Placas ciegas,Acero inoxidable Plata 10,,30,390,alta,False,True
46559,CS-75IQ,,"x3 instala-fácil , llave de puntos",,,270,572,media,True,False
46596,RS-604M,"Resumideros cuadradosde latón, 360 g 4"" (100 mm) 1 k⁄v"" (45 mm) Negro mate 2",Resumideros cuadradosde latón,"360 g 4"" (100 mm) 1 k⁄v"" (45 mm) Negro mate 2",,345,493,alta,False,True
46597,RS-606M,"Resumideros cuadradosde latón, 680 g 6"" (150 mm) 1 k⁄v"" (45 mm) Negro mate 2",Resumideros cuadradosde latón,"680 g 6"" (150 mm) 1 k⁄v"" (45 mm) Negro mate 2",,625,493,alta,False,True
46600,CS-75DQ,,"x3 instala-fácil , llave de puntos",,,270,572,media,True,False
46632,TAE-14A1G,,,"1k|v"" (45 mm) 100",,505,555,media,True,False
46633,TAE-14A2G,,,"2i|v"" (57 mm) 100",,525,555,media,True,False
46634,TAE-14A3G,,,"3"" (75 mm) 100",,545,555,media,True,False
46635,TAE-14A4G,,,"3i|v"" (80 mm) 100",,575,555,media,True,False
46636,TAE-516A1G,,,"2"" (50 mm) 100",,645,555,media,True,False
46637,TAE-516A2G,,,"2k|v"" (70 mm) 100",,710,555,media,True,False
46638,TAE-516A3G,,,"3i|t"" (90 mm) 100",,780,555,media,True,False
46657,TAE-14A1,"Taquetes arpón, 1k|v"" (45 mm) 6",Taquetes arpón,"1k|v"" (45 mm) 6",,39,555,alta,False,True
46658,TAE-14A2,"Taquetes arpón, 2i|v"" (57 mm) 6",Taquetes arpón,"2i|v"" (57 mm) 6",,40,555,alta,False,True
46660,TAE-14A4,"Taquetes arpón, 3i|v"" (80 mm) 6",Taquetes arpón,"3i|v"" (80 mm) 6",,43,555,alta,False,True
46662,TAE-516A2,"Taquetes arpón, 2k|v"" (70 mm) 6",Taquetes arpón,"2k|v"" (70 mm) 6",,55,555,alta,False,True
46663,TAE-516A3,"Taquetes arpón, 3i|t"" (90 mm) 6",Taquetes arpón,"3i|t"" (90 mm) 6",,60,555,alta,False,True
46664,TAE-38A1,"Taquetes arpón, 2i|v"" (57 mm) 6",Taquetes arpón,"2i|v"" (57 mm) 6",,62,555,alta,False,True
46689,RS-702M,"Resumideros cuadrados de acero inoxidable, 745 g 6"" (150 mm) 1 k⁄v"" (45 mm) Negro mate 2",Resumideros cuadrados de acero inoxidable,"745 g 6"" (150 mm) 1 k⁄v"" (45 mm) Negro mate 2",,510,493,alta,False,True
46699,CS-75IQB,,"x3 instala-fácil , llave de puntos",,,280,572,media,True,False
46719,MUL-660N,"con supresor de picos 600 Joules , 6 entradas, 6 × 4 × 31 cm Negro","con supresor de picos 600 Joules , 6 entradas",6 × 4 × 31 cm Negro,,250,408,alta,False,True
46724,AQCR-60N,"Cuellos tipo bar para mezcladoras, A""M»62N",Cuellos tipo bar para mezcladoras,"A""M»62N",,130,459,alta,False,True
46725,AQCR-60M,"Cuellos tipo bar para mezcladoras, A""M»62M",Cuellos tipo bar para mezcladoras,"A""M»62M",,130,459,alta,False,True
46795,CV-101,"Abrazaderas tipo “U”, i|t 20 \Y 3,000",Abrazaderas tipo “U”,"i|t 20 \Y 3,000",,,509,media,True,False
46796,CV-102,"Abrazaderas tipo “U”, k|v 25 \Y 2,000",Abrazaderas tipo “U”,"k|v 25 \Y 2,000",,2.40,509,alta,False,True
46797,CV-103,"Abrazaderas tipo “U”, 1 32 20 1,500",Abrazaderas tipo “U”,"1 32 20 1,500",,,509,media,True,False
46798,CADI-15,,x2,6 15 × 12 × 8 cm,,250,571,media,True,False
46873,TBMM-45N,metálicos de repuesto para monomandos,metálicos de repuesto para monomandos,,,87,466,alta,False,True
46923,AO-12,"Abrazaderas para tubería conduit pared delgada EMT Ö, i|t",Abrazaderas para tubería conduit pared delgada EMT Ö,i|t,,19,422,alta,False,True
46924,AO-34,"Abrazaderas para tubería conduit pared delgada EMT Ö, k|v",Abrazaderas para tubería conduit pared delgada EMT Ö,k|v,,25,422,alta,False,True
46925,AO-1,"Abrazaderas para tubería conduit pared delgada EMT Ö, 1",Abrazaderas para tubería conduit pared delgada EMT Ö,1,,38,422,alta,False,True
46926,AO-38,"Abrazaderas para tubería conduit pared delgada EMT Ö, k|z",Abrazaderas para tubería conduit pared delgada EMT Ö,k|z,,19,422,alta,False,True
46928,AO-3,"Abrazaderas para tubería conduit pared delgada EMT Ö, 3",Abrazaderas para tubería conduit pared delgada EMT Ö,3,,105,422,alta,False,True
46929,AO-4,"Abrazaderas para tubería conduit pared delgada EMT Ö, 4",Abrazaderas para tubería conduit pared delgada EMT Ö,4,,115,422,alta,False,True
46967,SMA-18G,"Sujetadores tipo mariposa, k⁄z i|z"" 50 mm 38 mm",Sujetadores tipo mariposa,"k⁄z i|z"" 50 mm 38 mm",,425,557,alta,False,True
46968,SMA-316G,"Sujetadores tipo mariposa, i⁄t k|sx"" 75 mm 50 mm",Sujetadores tipo mariposa,"i⁄t k|sx"" 75 mm 50 mm",,575,557,alta,False,True
46969,SMA-14G,"Sujetadores tipo mariposa, m⁄z i|v"" 75 mm 55 mm",Sujetadores tipo mariposa,"m⁄z i|v"" 75 mm 55 mm",,740,557,alta,False,True
47183,MUL-627,,×8,270 Joules 5 × 3 × 29 cm Marfil,,195,409,media,True,False
47184,MUL-645,,×8,450 Joules 5 × 3 × 29 cm Marfil,,215,409,media,True,False
47185,MUL-660,"con supresor de picos 600 Joules , 6 entradas, 6 × 4 × 31 cm Marfil","con supresor de picos 600 Joules , 6 entradas",6 × 4 × 31 cm Marfil,,250,408,alta,False,True
47187,MUL-811,,×8,460 Joules 7 × 3 × 18 cm Marfil,,195,409,media,True,False
47223,TAE-14TG,"Taquetes expansivos con tornillo, k|z 41 mm 1⁄v"" 100 1",Taquetes expansivos con tornillo,"k|z 41 mm 1⁄v"" 100 1",,465,556,alta,False,True
47339,TAE-38TG,"Taquetes expansivos con tornillo, i|t 56 mm 3⁄8"" 50 1",Taquetes expansivos con tornillo,"i|t 56 mm 3⁄8"" 50 1",,480,556,alta,False,True
47350,COSO-DA-2,"Contactos de sobreponer dúplex Interruptores de sobreponer, HpleL ABS Marfil 100",Contactos de sobreponer dúplex Interruptores de sobreponer,HpleL ABS Marfil 100,,36,392,alta,False,True
47358,SMA-18,"Sujetadores tipo mariposa, k⁄z i|z"" 50 mm 38 mm",Sujetadores tipo mariposa,"k⁄z i|z"" 50 mm 38 mm",,24,557,alta,False,True
47359,SMA-316,"Sujetadores tipo mariposa, i⁄t k|sx"" 75 mm 50 mm",Sujetadores tipo mariposa,"i⁄t k|sx"" 75 mm 50 mm",,30,557,alta,False,True
47360,SMA-14,"Sujetadores tipo mariposa, m⁄z i|v"" 75 mm 55 mm",Sujetadores tipo mariposa,"m⁄z i|v"" 75 mm 55 mm",,38,557,alta,False,True
47364,TAE-14G,"Taquetes expansivos sin tornillo, i|t 44 mm 1⁄v"" 100 1",Taquetes expansivos sin tornillo,"i|t 44 mm 1⁄v"" 100 1",,1015,556,alta,False,True
47366,TAE-516G,"Taquetes expansivos sin tornillo, m|z 54 mm 5⁄sx"" 50 1",Taquetes expansivos sin tornillo,"m|z 54 mm 5⁄sx"" 50 1",,770,556,alta,False,True
47370,TAE-38T,"Taquetes expansivos con tornillo, i|t 56 mm 3⁄8"" 4 6",Taquetes expansivos con tornillo,"i|t 56 mm 3⁄8"" 4 6",,51,556,alta,False,True
47371,TAE-12T,"Taquetes expansivos con tornillo, m|z 60 mm 1⁄2"" 2 6",Taquetes expansivos con tornillo,"m|z 60 mm 1⁄2"" 2 6",,51,556,alta,False,True
47372,TAE-58T,"Taquetes expansivos con tornillo, k|v 72 mm 5⁄8"" 2 6",Taquetes expansivos con tornillo,"k|v 72 mm 5⁄8"" 2 6",,87,556,alta,False,True
47373,TAE-316,"Taquetes expansivos sin tornillo, k|z 38 mm 3⁄sx"" 4 6",Taquetes expansivos sin tornillo,"k|z 38 mm 3⁄sx"" 4 6",,26,556,alta,False,True
47378,TAE-12,"Taquetes expansivos sin tornillo, o|z 70 mm 1⁄2"" 2 6",Taquetes expansivos sin tornillo,"o|z 70 mm 1⁄2"" 2 6",,72,556,alta,False,True
47383,UTP,,"Cámara WiFi para exteriores , tipo bala , 2 MP",,,,424,baja,True,False
47399,CBR-51A,,"Bobinas de cable de red UTP calibre 24 AWG , CAT 5e",2,,,424,baja,True,False
47553,PAEL-2CDNNegro,"Parrillas eléctricas quemador tipo disco, Negro 2,000 W (1,000 W cu) 5 16 A 8",Parrillas eléctricas quemador tipo disco,"Negro 2,000 W (1,000 W cu) 5 16 A 8",,525,407,baja,True,False
47554,PAEL-1CDNNegro,"Parrillas eléctricas quemador tipo disco, Negro 1,000 W 5 8 A 12",Parrillas eléctricas quemador tipo disco,"Negro 1,000 W 5 8 A 12",,310,407,baja,True,False
47555,PAEL-2CNNegro,"Parrillas eléctricas de resistencia, Negro 2,500 W (1,250 W cu) 6 21 A 8",Parrillas eléctricas de resistencia,"Negro 2,500 W (1,250 W cu) 6 21 A 8",,625,407,baja,True,False
47556,PAEL-1CNNegro,"Parrillas eléctricas de resistencia, Negro 1,250 W 6 10 A 12",Parrillas eléctricas de resistencia,"Negro 1,250 W 6 10 A 12",,400,407,baja,True,False
47560,TAE-8X45C,"Taquetes expansivos con armella cerrada, m|sx 50 mm o⁄sx"" 143 kg 4 6 72",Taquetes expansivos con armella cerrada,"m|sx 50 mm o⁄sx"" 143 kg 4 6 72",,39,556,alta,False,True
47561,TAE-10X60C,"Taquetes expansivos con armella cerrada, k|z 65 mm 1⁄2"" 183 kg 4 6 72",Taquetes expansivos con armella cerrada,"k|z 65 mm 1⁄2"" 183 kg 4 6 72",,62,556,alta,False,True
47562,TAE-12X70C,"Taquetes expansivos con armella cerrada, i|t 75 mm 5⁄8"" 296 kg 2 6 72",Taquetes expansivos con armella cerrada,"i|t 75 mm 5⁄8"" 296 kg 2 6 72",,55,556,alta,False,True
47563,TAE-16X80C,"Taquetes expansivos con armella cerrada, m|z 90 mm 3⁄v"" 408 kg 2 6 72",Taquetes expansivos con armella cerrada,"m|z 90 mm 3⁄v"" 408 kg 2 6 72",,96,556,alta,False,True
47564,TAE-8X45A,"Taquetes expansivos con armella abierta, m|sx"" 50 mm 3⁄8"" 143 kg 4 6 72",Taquetes expansivos con armella abierta,"m|sx"" 50 mm 3⁄8"" 143 kg 4 6 72",,39,556,alta,False,True
47565,TAE-10X60A,"Taquetes expansivos con armella abierta, k|z"" 65 mm o⁄sx"" 183 kg 4 6 72",Taquetes expansivos con armella abierta,"k|z"" 65 mm o⁄sx"" 183 kg 4 6 72",,62,556,alta,False,True
47566,TAE-12X70A,"Taquetes expansivos con armella abierta, i|t"" 75 mm 1⁄2"" 296 kg 2 6 72",Taquetes expansivos con armella abierta,"i|t"" 75 mm 1⁄2"" 296 kg 2 6 72",,55,556,alta,False,True
47567,TAE-16X80A,"Taquetes expansivos con armella abierta, m|z"" 90 mm 3⁄v"" 408 kg 2 6 72",Taquetes expansivos con armella abierta,"m|z"" 90 mm 3⁄v"" 408 kg 2 6 72",,96,556,alta,False,True
4760,,"Extensiones, 3"" (8 1=)",Extensiones,"3"" (8 1=)",,46,128,baja,True,False
4761,,"Extensiones, 6"" (15 1=)",Extensiones,"6"" (15 1=)",,72,128,baja,True,False
47613,FILY-12,"Filtros en “Y” Válvula de alivio para Válvulas de alivio calentador de agua, k|v"", i|t"" (13 mm)","Filtros en “Y” Válvula de alivio para Válvulas de alivio calentador de agua, k|v""","i|t"" (13 mm)",,125,522,alta,False,True
47614,FILY-34,"Filtros en “Y” Válvula de alivio para Válvulas de alivio calentador de agua, k|v"", k|v"" (19 mm)","Filtros en “Y” Válvula de alivio para Válvulas de alivio calentador de agua, k|v""","k|v"" (19 mm)",,200,522,alta,False,True
47615,FILY-1,"Filtros en “Y” Válvula de alivio para Válvulas de alivio calentador de agua, k|v"", 1"" (25 mm)","Filtros en “Y” Válvula de alivio para Válvulas de alivio calentador de agua, k|v""","1"" (25 mm)",,340,522,alta,False,True
47650,RS-701M,"Resumideros cuadrados de acero inoxidable, 305 g 4"" (100 mm) 1 k⁄v"" (45 mm) Negro mate 4",Resumideros cuadrados de acero inoxidable,"305 g 4"" (100 mm) 1 k⁄v"" (45 mm) Negro mate 4",,250,493,alta,False,True
4766,"5k|v""","Extensiones, 9 mm, 1=) 13 mm","Extensiones, 9 mm",1=) 13 mm,,165,128,baja,True,False
47679,VALI-34,"Válvula de alivio para Válvulas calentador de agua, k|v"", k|v"" (19 mm) 2","Válvula de alivio para Válvulas calentador de agua, k|v""","k|v"" (19 mm) 2",,575,522,alta,False,True
4769,15cm,Desarmador para dados,Desarmador para dados,,,145,128,baja,True,False
4770,"1k|z""","Nudos universales y nudos universales, 7 piezas, 1=)","Nudos universales y nudos universales, 7 piezas",1=),,85,127,baja,True,False
47720,APSE-ESB,"Interruptores, Blanco 10",Interruptores,Blanco 10,,42,391,alta,False,True
47721,CODO-MSB,"Contactos dúplex, Blanco Bolsa 127 V 20 A",Contactos dúplex,Blanco Bolsa 127 V 20 A,,38,391,alta,False,True
47723,DIM-SB,,»,Blanco,,158,391,media,True,False
47724,PPCI-SB,"Placas ciegas, ABS Blanco 10",Placas ciegas,ABS Blanco 10,,11,390,alta,False,True
47725,PPSE-SB,"Placas para contacto redondo, Policarbonato Blanco",Placas para contacto redondo,Policarbonato Blanco,,11,390,alta,False,True
47726,PPAP-SB,"Placas para interruptor vertical, Policarbonato Blanco 10",Placas para interruptor vertical,Policarbonato Blanco 10,,11,390,alta,False,True
47727,APSE-SB,"Interruptores, Blanco 10",Interruptores,Blanco 10,,24,391,alta,False,True
47728,COAP-SB,"Interruptores y contactos Interruptores, Blanco",Interruptores y contactos Interruptores,Blanco,,42,391,alta,False,True
47730,COSE-MSB,"Contactos redondos sencillos, Blanco 127 V 20 A",Contactos redondos sencillos,Blanco 127 V 20 A,,30,391,alta,False,True
47731,COSE-SB,"Contactos redondos sencillos, Blanco 127 V 15 A",Contactos redondos sencillos,Blanco 127 V 15 A,,29,391,alta,False,True
47732,,Contactos dúplex,Contactos dúplex,,,,391,baja,True,False
47733,CODO-SGB,"Contactos dúplex, Blanco Granel 127 V 15 A",Contactos dúplex,Blanco Granel 127 V 15 A,,21,391,alta,False,True
47771,TC-12-DV,"Codos y tubos conduit pared delgada EMT Ö, i|t 3 m 1 mm 1.2 kg 5 NA",Codos y tubos conduit pared delgada EMT Ö,i|t 3 m 1 mm 1.2 kg 5 NA,,,422,media,True,False
47772,TC-34-DV,"Codos y tubos conduit pared delgada EMT Ö, k|v 3 m 1 mm 1.6 kg 5 NA",Codos y tubos conduit pared delgada EMT Ö,k|v 3 m 1 mm 1.6 kg 5 NA,,,422,media,True,False
47773,TC-1-DV,"Codos y tubos conduit pared delgada EMT Ö, [ 3 m 1.5 mm 3.3 kg 5 NA",Codos y tubos conduit pared delgada EMT Ö,[ 3 m 1.5 mm 3.3 kg 5 NA,,,422,media,True,False
47774,CODCO-12,"Codos y tubos conduit pared delgada EMT Ö, i|t 28 cm 1 mm 102 g 10 80",Codos y tubos conduit pared delgada EMT Ö,i|t 28 cm 1 mm 102 g 10 80,,33,422,alta,False,True
47775,CODCO-34,"Codos y tubos conduit pared delgada EMT Ö, k|v 30 cm 1 mm 144 g 10 60",Codos y tubos conduit pared delgada EMT Ö,k|v 30 cm 1 mm 144 g 10 60,,47,422,alta,False,True
47776,CODCO-1,"Codos y tubos conduit pared delgada EMT Ö, [ 38 cm 1.6 mm 410 g 5 30",Codos y tubos conduit pared delgada EMT Ö,[ 38 cm 1.6 mm 410 g 5 30,,92,422,alta,False,True
47796,EMP-600L,"Luminarios LED plafón redondos delgados , ajustables, Fría ` * 400 lm 10 cm 4 cm 7 cm","Luminarios LED plafón redondos delgados , ajustables",Fría ` * 400 lm 10 cm 4 cm 7 cm,,79,438,alta,False,True
47797,EMP-601L,"Luminarios LED plafón redondos delgados , ajustables, Fría b * 600 lm 12 cm 4 cm 8 cm","Luminarios LED plafón redondos delgados , ajustables",Fría b * 600 lm 12 cm 4 cm 8 cm,,96,438,alta,False,True
47798,EMP-602L,"Luminarios LED plafón redondos delgados , ajustables, Fría [_ * 1,250 lm 17 cm 4 cm 13 cm","Luminarios LED plafón redondos delgados , ajustables","Fría [_ * 1,250 lm 17 cm 4 cm 13 cm",,143,438,alta,False,True
47804,MUL-645N,,×8,450 Joules 5 × 3 × 29 cm Negro,,215,409,media,True,False
4785,"4i|t""","Barras corredizas, (11®5 1=) 3",Barras corredizas,(11®5 1=) 3,,85,128,baja,True,False
47868,LUZ-NN,"3 Luz LED de noche, forma de nube, neón","3 Luz LED de noche, forma de nube, neón",,,160,440,alta,False,True
47977,CEM-32I,"electromecánicas de sobreponer llave de puntos, Izquierda",electromecánicas de sobreponer llave de puntos,Izquierda,,760,573,alta,False,True
47979,CEM-32D,"electromecánicas de sobreponer llave de puntos, Derecha",electromecánicas de sobreponer llave de puntos,Derecha,,760,573,alta,False,True
48003,APPA,Interruptores de paso para lámpara,Interruptores de paso para lámpara,e paso Policarbonato Marfil 100,,17.50,392,alta,False,True
48022,CODO-MTAS,"Contactos dúplex de tierra aislada, 127 V 20 A",Contactos dúplex de tierra aislada,127 V 20 A,,58,391,alta,False,True
48061,VARP-12,"Válvulas reductoras de presión, i⁄t (13 mm)",Válvulas reductoras de presión,i⁄t (13 mm),,450,522,alta,False,True
48062,VARP-34,"Válvulas reductoras de presión, k⁄v (19 mm)",Válvulas reductoras de presión,k⁄v (19 mm),,515,522,alta,False,True
48070,ATIN-003,Multiconector de polipropileno para tinaco sin válvula,Multiconector de polipropileno para tinaco sin válvula,,,62,524,alta,False,True
48071,,"Brida de polipropileno para tinaco, %»004 ×",Brida de polipropileno para tinaco,%»004 ×,,72,524,baja,True,False
48072,,"Jarro de aire de polipropileno para tinaco, 1⁄2"" × 140 cm, %»005","Jarro de aire de polipropileno para tinaco, 1⁄2"" × 140 cm",%»005,,62,524,baja,True,False
48073,ATIN-006,,»,,,118,524,media,True,False
48075,PICHA-1P,"Válvula de pie para cisterna (pichancha), de polipropileno, 1""","Válvula de pie para cisterna (pichancha), de polipropileno, 1""",,,47,524,alta,False,True
48081,ATIN-001,Multiconector de polipropileno para tinaco con válvula,Multiconector de polipropileno para tinaco con válvula,,,140,524,alta,False,True
48082,VAFLO-12P,,»,i|t,,110,524,media,True,False
48094,color,"Luminarios LED empotrados redondos, luminoso () ()Ö ay®",Luminarios LED empotrados redondos,luminoso () ()Ö ay®,,,438,baja,True,False
48095,EMP-101LB,"Luminarios LED empotrados redondos, Fría a * 600 lm 12 cm 9 cm 4 20",Luminarios LED empotrados redondos,Fría a * 600 lm 12 cm 9 cm 4 20,,66,438,alta,False,True
48125,PAEL-1R,"Parrillas eléctricas de resistencia, Blanco 1,250 W 3 10 A 12",Parrillas eléctricas de resistencia,"Blanco 1,250 W 3 10 A 12",,220,407,alta,False,True
48126,PAEL-1C,"Parrillas eléctricas de resistencia, Blanco 1,250 W 6 10 A 12",Parrillas eléctricas de resistencia,"Blanco 1,250 W 6 10 A 12",,400,407,alta,False,True
48127,PAEL-2C,"Parrillas eléctricas de resistencia, Blanco 2,500 W (1,250 W cu) 6 21 A 8",Parrillas eléctricas de resistencia,"Blanco 2,500 W (1,250 W cu) 6 21 A 8",,625,407,alta,False,True
48170,PPDI-S,"Placas ciegas, Policarbonato Marfil",Placas ciegas,Policarbonato Marfil,,11,390,alta,False,True
48174,PADI-S,"Placas ciegas, Aluminio Dorado",Placas ciegas,Aluminio Dorado,,25,390,alta,False,True
48182,MUL-4NI,,×4,,,195,409,media,True,False
48186,MUL-612X,,×8 ×10 ×6,6 × 5 × 37 cm,,345,408,media,True,False
48188,MUL-812X,,×8 ×10 ×6,14 × 4 × 24 cm,,365,408,media,True,False
48190,MUL-1012X,,×8 ×10 ×6,14 × 4 × 24 cm,,430,408,media,True,False
48199,REF-AB-01,Accesorios para baño,Accesorios para baño,,,14.50,458,alta,False,True
48293,R-516,Brazos de pared para regadera 1⁄2 (6 cm),Brazos de pared para regadera 1⁄2 (6 cm),Regadera,,85,458,alta,False,True
48294,R-516S,"Brazos de pared para regadera 1⁄2 (6 cm), Cabeza",Brazos de pared para regadera 1⁄2 (6 cm),Cabeza,,58,458,alta,False,True
48338,CED-11,Céspol doble rígido de plástico para fregadero,Céspol doble rígido de plástico para fregadero,,,118,491,alta,False,True
48347,EMP-100LB,"Luminarios LED empotrados redondos, Fría _ * 380 lm 9 cm 7 cm 4 20",Luminarios LED empotrados redondos,Fría _ * 380 lm 9 cm 7 cm 4 20,,51,438,alta,False,True
48348,EMP-102LB,"Luminarios LED empotrados redondos, Fría [\ * 1,150 lm 14 cm 12 cm 2 12",Luminarios LED empotrados redondos,"Fría [\ * 1,150 lm 14 cm 12 cm 2 12",,96,438,alta,False,True
48368,CS-756I,"instala-fácil , llave tetra instala-fácil , llave tradicional","instala-fácil , llave tetra instala-fácil , llave tradicional",,,220,572,alta,False,True
48369,CS-756D,"instala-fácil , llave tetra instala-fácil , llave tradicional","instala-fácil , llave tetra instala-fácil , llave tradicional",,,220,572,alta,False,True
48387,CBR-51G,,"Bobinas de cable de red UTP calibre 24 AWG , CAT 5e",2,,,424,baja,True,False
48389,CBR-51B,,"Bobinas de cable de red UTP calibre 24 AWG , CAT 5e",2,,,424,baja,True,False
48420,R-401M,"Regaderas cuadradas 3 k|v"" (10 cm)","Regaderas cuadradas 3 k|v"" (10 cm)",Regadera,,175,458,alta,False,True
48421,R-401SM,"Regaderas cuadradas 3 k|v"" (10 cm), Cabeza","Regaderas cuadradas 3 k|v"" (10 cm)",Cabeza,,115,458,alta,False,True
48422,R-402M,"Regaderas redondas 4 i|v"" (11 cm)","Regaderas redondas 4 i|v"" (11 cm)",Regadera,,205,458,alta,False,True
48423,R-402SM,"Regaderas redondas 4 i|v"" (11 cm), Cabeza","Regaderas redondas 4 i|v"" (11 cm)",Cabeza,,137,458,alta,False,True
48449,CBR-61B,"Bobinas de cable de red UTP calibre 23 AWG , CAT 6","Bobinas de cable de red UTP calibre 23 AWG , CAT 6",2,,,424,media,True,False
48468,CBR-61A,"Bobinas de cable de red UTP calibre 23 AWG , CAT 6","Bobinas de cable de red UTP calibre 23 AWG , CAT 6",2,,,424,media,True,False
48471,,"Manerales metálicos para regadera », AQE-662",Manerales metálicos para regadera »,AQE-662,,,461,baja,True,False
48472,,"Manerales metálicos para regadera », AQE-662",Manerales metálicos para regadera »,AQE-662,,,461,baja,True,False
48488,PA-CODO-S,"y contactos aterrizados aterrizados y tierra aislada, ABS Marfil 15 A",y contactos aterrizados aterrizados y tierra aislada,ABS Marfil 15 A,,32,390,alta,False,True
48489,PA-COAP-S,"Placas con interruptores y contactos aterrizados, ABS Marfil 3",Placas con interruptores y contactos aterrizados,ABS Marfil 3,,53,390,alta,False,True
48490,PA-CODO-MS,"y contactos aterrizados aterrizados y tierra aislada, ABS Marfil 20 A",y contactos aterrizados aterrizados y tierra aislada,ABS Marfil 20 A,,51,390,alta,False,True
48491,PA-APSE-S,"Placas para interruptor vertical, ABS Marfil",Placas para interruptor vertical,ABS Marfil,,35,390,alta,False,True
48492,PA-APDO-S,"Placas con interruptores y contactos aterrizados, ABS Marfil 3",Placas con interruptores y contactos aterrizados,ABS Marfil 3,,57,390,alta,False,True
48493,PA-CODO-TAS,"y contactos aterrizados aterrizados y tierra aislada, Policarbonato Naranja 15 A",y contactos aterrizados aterrizados y tierra aislada,Policarbonato Naranja 15 A,,58,390,alta,False,True
48494,PA-CODO-SA,"y contactos aterrizados aterrizados y tierra aislada, Aluminio Dorado 15 A",y contactos aterrizados aterrizados y tierra aislada,Aluminio Dorado 15 A,,46,390,alta,False,True
48495,PA-COAP-SA,"Placas con interruptores y contactos aterrizados, Aluminio Dorado 3",Placas con interruptores y contactos aterrizados,Aluminio Dorado 3,,67,390,alta,False,True
48496,PA-CODO-MSA,"y contactos aterrizados aterrizados y tierra aislada, Aluminio Dorado 20 A",y contactos aterrizados aterrizados y tierra aislada,Aluminio Dorado 20 A,,62,390,alta,False,True
48497,PA-APSE-SA,"Placas para interruptor vertical, Aluminio Dorado",Placas para interruptor vertical,Aluminio Dorado,,51,390,alta,False,True
48498,PA-APDO-SA,"Placas con interruptores y contactos aterrizados, Aluminio Dorado 3",Placas con interruptores y contactos aterrizados,Aluminio Dorado 3,,72,390,alta,False,True
48510,VAHO-12,"Válvulas check tipo horizontal, i⁄t (13 mm)",Válvulas check tipo horizontal,i⁄t (13 mm),,160,522,alta,False,True
48511,VAHO-34,"Válvulas check tipo horizontal, k⁄v (19 mm)",Válvulas check tipo horizontal,k⁄v (19 mm),,215,522,alta,False,True
48512,VAHO-1,"Válvulas check tipo horizontal, 1 (25 mm)",Válvulas check tipo horizontal,1 (25 mm),,315,522,alta,False,True
48530,EXA-4B,"de aire, 4"" 18 W 5 mj 110mkh 51 dB 16 × 16 8 × 6 × 10 12",de aire,"4"" 18 W 5 mj 110mkh 51 dB 16 × 16 8 × 6 × 10 12",,330,406,alta,False,True
48531,EXA-5B,"de aire, _"" 20 W 10 mj 220mkh 58 dB 17 × 17 9 × 7 × 12 12",de aire,"_"" 20 W 10 mj 220mkh 58 dB 17 × 17 9 × 7 × 12 12",,355,406,alta,False,True
48532,EXA-6B,"de aire, `"" 24 W 15 mj 320mkh 59 dB 21 × 21 10 × 7 × 15 12",de aire,"`"" 24 W 15 mj 320mkh 59 dB 21 × 21 10 × 7 × 15 12",,400,406,alta,False,True
48533,"i|t""","Válvulas ligeras para Válvula robusta para flotador, para tinaco flotador, para cisterna, (13 mm) 39g 4 200","Válvulas ligeras para Válvula robusta para flotador, para tinaco flotador, para cisterna",(13 mm) 39g 4 200,,39,522,baja,True,False
48534,"i|t""","Válvulas robustas para flotador, para tinaco, (13 mm) 42g 4 200","Válvulas robustas para flotador, para tinaco",(13 mm) 42g 4 200,,47,522,baja,True,False
48536,REF-COGL-1,"Válvulas de globo ,200 psi, NA","Válvulas de globo ,200 psi",NA,,29,523,alta,False,True
48539,MUL-4N,"4 y 6 entradas ×4, 5 × 3 × 21 cm Negro",4 y 6 entradas ×4,5 × 3 × 21 cm Negro,,96,409,alta,False,True
48545,VAFLO-34P,,»,k|v,,130,524,media,True,False
48789,CG-474,"cuerda corrida, [ i|v (32 mm) 4 140",cuerda corrida,[ i|v (32 mm) 4 140,,16,514,alta,False,True
48792,MUL-8N,,×8,7 × 3 × 18 cm Negro,,160,409,media,True,False
48793,MUL-811N,,×8,460 Joules 7 × 3 × 18 cm Negro,,195,409,media,True,False
49000,ESRO-12,"Válvulas de esfera, 200 y 300 psi, 1⁄2"" (13 mm) 200 psi","Válvulas de esfera, 200 y 300 psi","1⁄2"" (13 mm) 200 psi",,96,523,alta,False,True
49001,ESRO-34,"Válvulas de esfera, 200 y 300 psi, 3⁄v"" (19 mm) 200 psi","Válvulas de esfera, 200 y 300 psi","3⁄v"" (19 mm) 200 psi",,136,523,alta,False,True
49002,ESRO-1,"Válvulas de esfera, 200 y 300 psi, 1"" (25 mm) 200 psi","Válvulas de esfera, 200 y 300 psi","1"" (25 mm) 200 psi",,235,523,alta,False,True
49003,ESRO-1-14,"Válvulas de esfera, 200 y 300 psi, 1 1⁄v"" (32 mm) 300 psi","Válvulas de esfera, 200 y 300 psi","1 1⁄v"" (32 mm) 300 psi",,430,523,alta,False,True
49004,ESRO-1-12,"Válvulas de esfera, 200 y 300 psi, 1 1⁄2"" (38 mm) 300 psi","Válvulas de esfera, 200 y 300 psi","1 1⁄2"" (38 mm) 300 psi",,585,523,alta,False,True
49005,ESRO-2,"Válvulas de esfera, 200 y 300 psi, 2"" (50 mm) 300 psi","Válvulas de esfera, 200 y 300 psi","2"" (50 mm) 300 psi",,890,523,alta,False,True
49006,ESSO-12,"de esfera, alta presión 600 psi Válvulas de esfera, 200 y 300 psi","de esfera, alta presión 600 psi Válvulas de esfera, 200 y 300 psi",,,72,523,alta,False,True
49007,ESSO-34,"de esfera, alta presión 600 psi Válvulas de esfera, 200 y 300 psi","de esfera, alta presión 600 psi Válvulas de esfera, 200 y 300 psi",,,110,523,alta,False,True
49012,ESRO-14,"Válvulas de esfera, 200 y 300 psi, 1⁄v"" (6 mm) 200 psi","Válvulas de esfera, 200 y 300 psi","1⁄v"" (6 mm) 200 psi",,87,523,alta,False,True
49013,ESRO-38,"Válvulas de esfera, 200 y 300 psi, 3⁄8"" (10 mm) 200 psi","Válvulas de esfera, 200 y 300 psi","3⁄8"" (10 mm) 200 psi",,87,523,alta,False,True
49014,ESRO-2-12,"Válvulas de esfera, 200 y 300 psi, 2 1⁄2"" (64 mm) 300 psi","Válvulas de esfera, 200 y 300 psi","2 1⁄2"" (64 mm) 300 psi",,2850,523,alta,False,True
49015,ESRO-3,"Válvulas de esfera, 200 y 300 psi, 3"" (76 mm) 300 psi","Válvulas de esfera, 200 y 300 psi","3"" (76 mm) 300 psi",,3750,523,alta,False,True
49017,CORO-1/2,"Válvulas de compuerta ,150 psi, × 1⁄2"" (13 mm)","Válvulas de compuerta ,150 psi","× 1⁄2"" (13 mm)",,152,523,alta,False,True
49018,CORO-3/4,"Válvulas de compuerta ,150 psi, 3⁄v"" (19 mm)","Válvulas de compuerta ,150 psi","3⁄v"" (19 mm)",,187,523,alta,False,True
49019,CORO-1,"Válvulas de compuerta ,150 psi, 1"" (25 mm)","Válvulas de compuerta ,150 psi","1"" (25 mm)",,270,523,alta,False,True
49020,CORO-1-1/4,"Válvulas de compuerta ,150 psi, 1 1⁄v"" (32 mm)","Válvulas de compuerta ,150 psi","1 1⁄v"" (32 mm)",,465,523,alta,False,True
49021,CORO-1-1/2,"Válvulas de compuerta ,150 psi, 1 1⁄2"" (38 mm)","Válvulas de compuerta ,150 psi","1 1⁄2"" (38 mm)",,525,523,alta,False,True
49022,CORO-2,"Válvulas de compuerta ,150 psi, 2"" (50 mm)","Válvulas de compuerta ,150 psi","2"" (50 mm)",,790,523,alta,False,True
49023,COSO-1/2,"Válvulas de compuerta ,150 psi, 1⁄2"" (13 mm)","Válvulas de compuerta ,150 psi","1⁄2"" (13 mm)",,140,523,alta,False,True
49024,COSO-3/4,"Válvulas de compuerta ,150 psi, 3⁄v"" (19 mm)","Válvulas de compuerta ,150 psi","3⁄v"" (19 mm)",,200,523,alta,False,True
49025,COSO-1,"Válvulas de compuerta ,150 psi, 1"" (25 mm)","Válvulas de compuerta ,150 psi","1"" (25 mm)",,270,523,alta,False,True
49026,COSO-1-1/4,"Válvulas de globo ,200 psi","Válvulas de globo ,200 psi",,,365,523,alta,False,True
49027,COSO-1-1/2,"Válvulas de globo ,200 psi","Válvulas de globo ,200 psi",,,49027,523,alta,False,True
49028,COSO-2,"Válvulas de globo ,200 psi","Válvulas de globo ,200 psi",,,29,523,alta,False,True
49033,"i|t""","Válvulas robustas para flotador, para tinaco, (13 mm) 170g 6 48","Válvulas robustas para flotador, para tinaco",(13 mm) 170g 6 48,,165,522,baja,True,False
49037,GLRO-1,"Válvulas de globo ,200 psi, 1"" (25 mm)","Válvulas de globo ,200 psi","1"" (25 mm)",,400,523,alta,False,True
49038,GLRO-1/2,"Válvulas de globo ,200 psi, 1⁄2"" (13 mm)","Válvulas de globo ,200 psi","1⁄2"" (13 mm)",,160,523,alta,False,True
49039,GLRO-3/4,"Válvulas de globo ,200 psi, 3⁄v"" (19 mm)","Válvulas de globo ,200 psi","3⁄v"" (19 mm)",,205,523,alta,False,True
49040,GLSO-1/2,"Válvulas de globo ,200 psi, 1⁄2"" (13 mm)","Válvulas de globo ,200 psi","1⁄2"" (13 mm)",,152,523,alta,False,True
49041,GLSO-3/4,"Válvulas de globo ,200 psi, 3⁄v"" (19 mm)","Válvulas de globo ,200 psi","3⁄v"" (19 mm)",,175,523,alta,False,True
49042,GLSO-1,"Válvulas de globo ,200 psi, 1"" (25 mm)","Válvulas de globo ,200 psi","1"" (25 mm)",,365,523,alta,False,True
49065,VARE-12,"Válvulas check con resorte Válvulas reductoras de presión, 1⁄2"" (13 mm)",Válvulas check con resorte Válvulas reductoras de presión,"1⁄2"" (13 mm)",,110,522,alta,False,True
49067,VARE-1,"Válvulas check con resorte Válvulas reductoras de presión, 1"" (25 mm)",Válvulas check con resorte Válvulas reductoras de presión,"1"" (25 mm)",,187,522,alta,False,True
49068,VARE-1-14,"Válvulas check con resorte Válvulas reductoras de presión, 1 1⁄v"" (32 mm)",Válvulas check con resorte Válvulas reductoras de presión,"1 1⁄v"" (32 mm)",,270,522,alta,False,True
49069,VARE-1-12,"Válvulas check con resorte Válvulas reductoras de presión, 1 1⁄2"" (38 mm)",Válvulas check con resorte Válvulas reductoras de presión,"1 1⁄2"" (38 mm)",,365,522,alta,False,True
49070,VARE-2,"Válvulas check con resorte Válvulas reductoras de presión, 2"" (50 mm)",Válvulas check con resorte Válvulas reductoras de presión,"2"" (50 mm)",,515,522,alta,False,True
49128,GAME-6040,"metálicos mosquitos, recargables, 40 × 25 × 60 cm","metálicos mosquitos, recargables",40 × 25 × 60 cm,,2390,407,alta,False,True
49149,RAQ-35,,,"× 300 mAh 3,000 V",,110,407,media,True,False
49200,LES-200,Lámpara de escritorio con brazo articulado,Lámpara de escritorio con brazo articulado,,,345,440,alta,False,True
49222,TAQ-516MR,100 taquetes (tarugos) para ensamble de madera,100 taquetes (tarugos) para ensamble de madera,,,79,557,alta,False,True
49245,R-506,"y 3 (8 cm) con extensión tipo teléfono, × Regadera",y 3 (8 cm) con extensión tipo teléfono,× Regadera,,137,458,alta,False,True
49255,A-800,,,,,350,458,media,True,False
49270,RS-604,"Resumideros cuadradosde latón, 360 g 4"" (100 mm) 1 k⁄v"" (45 mm) Cromo 2",Resumideros cuadradosde latón,"360 g 4"" (100 mm) 1 k⁄v"" (45 mm) Cromo 2",,345,493,alta,False,True
49271,RS-606,"Resumideros cuadradosde latón, 680 g 6"" (150 mm) 1 k⁄v"" (45 mm) Cromo 2",Resumideros cuadradosde latón,"680 g 6"" (150 mm) 1 k⁄v"" (45 mm) Cromo 2",,625,493,alta,False,True
49293,CV-CARCE,"Kit de instalación para regadera sin manerales, .DFGc7@E D3B.",Kit de instalación para regadera sin manerales,.DFGc7@E D3B.,,118,509,alta,False,True
49294,CPVC-CARCE,"Kit de instalación para regadera con manerales, Cartuchos rep.",Kit de instalación para regadera con manerales,Cartuchos rep.,,105,506,alta,False,True
49321,MUL-3UN,,× 2 × 2,9 × 5 × 9 cm Negro,,400,408,media,True,False
49322,MUL-3U,,× 2 × 2,9 × 5 × 9 cm Blanco,,400,408,media,True,False
49323,LES-300L,"Lámpara LED de escritorio, recargable 3 tonos de luz","Lámpara LED de escritorio, recargable 3 tonos de luz",,,400,440,alta,False,True
49333,CE-231,Contra de plástico con arillo cromado para lavabo,Contra de plástico con arillo cromado para lavabo,,,46,490,alta,False,True
49334,CE-293,"bote , universales universales","bote , universales universales",,,110,491,alta,False,True
49347,FLE-3,"Flotadores eléctricos, 10 A Interruptor de flotador, eléctrico, 18.6 A, ] =","Flotadores eléctricos, 10 A Interruptor de flotador, eléctrico, 18.6 A",] =,,255,525,alta,False,True
49349,RS-601,"Resumideros cuadrados metálicos, 190 g 4"" (100 mm) 1 1⁄v"" (32 mm) Cromo 4",Resumideros cuadrados metálicos,"190 g 4"" (100 mm) 1 1⁄v"" (32 mm) Cromo 4",,110,493,alta,False,True
49366,CE-218,"flexibles de plástico, con bote contra , para lavabo, 25 cm","flexibles de plástico, con bote contra , para lavabo",25 cm,,79,490,alta,False,True
49372,CODCO-12A,"Codos y tubos conduit pared gruesa HW Ö, i|t 32 cm 1.8 mm 240 g 10 60",Codos y tubos conduit pared gruesa HW Ö,i|t 32 cm 1.8 mm 240 g 10 60,,55,422,alta,False,True
49373,CODCO-34A,"Codos y tubos conduit pared gruesa HW Ö, k|v 37 cm 2 mm 370 g 10 60",Codos y tubos conduit pared gruesa HW Ö,k|v 37 cm 2 mm 370 g 10 60,,73,422,alta,False,True
49374,CODCO-1A,"Codos y tubos conduit pared gruesa HW Ö, [ 45 cm 2.2 mm 595 g 5 30",Codos y tubos conduit pared gruesa HW Ö,[ 45 cm 2.2 mm 595 g 5 30,,110,422,alta,False,True
49406,CBR-5P,,Conectores RJ45 »,,,22,424,media,True,False
49411,AQMM-42,"Maneral para monomando, Cromo",Maneral para monomando,Cromo,,87,459,alta,False,True
49412,R-506S,"y 3 (8 cm) con extensión tipo teléfono, Cabeza",y 3 (8 cm) con extensión tipo teléfono,Cabeza,,79,458,alta,False,True
49413,R-507S,"y 3 (8 cm) con extensión tipo teléfono, Cabeza",y 3 (8 cm) con extensión tipo teléfono,Cabeza,,96,458,alta,False,True
49427,RS-801,"Resumideros cuadrados de latón, 330 g 4"" (100 mm) 1 k⁄v"" (45 mm) Cromo 2",Resumideros cuadrados de latón,"330 g 4"" (100 mm) 1 k⁄v"" (45 mm) Cromo 2",,420,493,alta,False,True
49428,RS-701,"Resumideros cuadrados de acero inoxidable, 305 g 4"" (100 mm) 1 k⁄v"" (45 mm) Natural 4",Resumideros cuadrados de acero inoxidable,"305 g 4"" (100 mm) 1 k⁄v"" (45 mm) Natural 4",,220,493,alta,False,True
49435,,"Manerales metálicos para regadera », AQE-662",Manerales metálicos para regadera »,AQE-662,,,461,baja,True,False
49444,CBR-61G,"Bobinas de cable de red UTP calibre 23 AWG , CAT 6","Bobinas de cable de red UTP calibre 23 AWG , CAT 6",2,,,424,media,True,False
49465,MMO-F-398,para monomandos FP-078 y AQF-84,para monomandos FP-078 y AQF-84,,,118,461,alta,False,True
49469,CBR-6P,,Conectores RJ45 »,,,26,424,media,True,False
49475,ESRO-12X,"de esfera, alta presión 600 psi Válvulas de esfera, 200 y 300 psi, 1⁄2"" (13 mm)","de esfera, alta presión 600 psi Válvulas de esfera, 200 y 300 psi","1⁄2"" (13 mm)",,152,523,alta,False,True
49476,ESRO-34X,"de esfera, alta presión 600 psi Válvulas de esfera, 200 y 300 psi, 3⁄v"" (19 mm)","de esfera, alta presión 600 psi Válvulas de esfera, 200 y 300 psi","3⁄v"" (19 mm)",,240,523,alta,False,True
49477,ESRO-1X,"de esfera, alta presión 600 psi Válvulas de esfera, 200 y 300 psi, 1"" (25 mm)","de esfera, alta presión 600 psi Válvulas de esfera, 200 y 300 psi","1"" (25 mm)",,375,523,alta,False,True
49478,ESRO-1-14X,"de esfera, alta presión 600 psi Válvulas de esfera, 200 y 300 psi, 1 1⁄v"" (32 mm)","de esfera, alta presión 600 psi Válvulas de esfera, 200 y 300 psi","1 1⁄v"" (32 mm)",,530,523,alta,False,True
49479,ESRO-1-12X,"de esfera, alta presión 600 psi Válvulas de esfera, 200 y 300 psi, 1 1⁄2"" (38 mm)","de esfera, alta presión 600 psi Válvulas de esfera, 200 y 300 psi","1 1⁄2"" (38 mm)",,770,523,alta,False,True
49480,ESRO-2X,"de esfera, alta presión 600 psi Válvulas de esfera, 200 y 300 psi, 2"" (50 mm)","de esfera, alta presión 600 psi Válvulas de esfera, 200 y 300 psi","2"" (50 mm)",,1265,523,alta,False,True
49481,ESSO-12X,"de esfera, alta presión 600 psi Válvulas de esfera, 200 y 300 psi, 1⁄2"" (13 mm)","de esfera, alta presión 600 psi Válvulas de esfera, 200 y 300 psi","1⁄2"" (13 mm)",,125,523,alta,False,True
49482,ESSO-34X,"de esfera, alta presión 600 psi Válvulas de esfera, 200 y 300 psi, 3⁄v"" (19 mm)","de esfera, alta presión 600 psi Válvulas de esfera, 200 y 300 psi","3⁄v"" (19 mm)",,240,523,alta,False,True
49495,BCH-400,"Brazos de pared para regadera, R-516 Blanco",Brazos de pared para regadera,R-516 Blanco,,36,458,alta,False,True
49496,VAFLO-12C,Válvula de llenado para tinaco con flotador,Válvula de llenado para tinaco con flotador,,,200,524,alta,False,True
49499,EMP-701L,"Luminarios empotrables LED de cortesía, Cálida 85 lm Negro",Luminarios empotrables LED de cortesía,Cálida 85 lm Negro,,110,438,alta,False,True
49507,CE-236,"flexibles de plástico, 85 cm",flexibles de plástico,85 cm,,118,491,alta,False,True
49508,CE-234,"Céspol rígido de plástico con contra , para lavabo","Céspol rígido de plástico con contra , para lavabo",,,96,490,alta,False,True
49509,CE-232,"flexibles de plástico, 88 cm",flexibles de plástico,88 cm,,72,491,alta,False,True
49525,MUL-627N,,×8,270 Joules 5 × 3 × 29 cm Negro,,195,409,media,True,False
49533,MUL-10N,,×8,7 × 3 × 20 cm Negro,,170,409,media,True,False
49534,MUL-340UN,,× 2,4 × 3 × 20 cm Negro 6,,240,408,media,True,False
49538,RS-601M,"Resumideros cuadrados metálicos, 190 g 4"" (100 mm) 1 1⁄v"" (32 mm) Negro mate 4",Resumideros cuadrados metálicos,"190 g 4"" (100 mm) 1 1⁄v"" (32 mm) Negro mate 4",,145,493,alta,False,True
49539,RS-603M,"Resumideros cuadrados metálicos, 450 g 6"" (150 mm) 1 1⁄2"" (38 mm) Negro mate 4",Resumideros cuadrados metálicos,"450 g 6"" (150 mm) 1 1⁄2"" (38 mm) Negro mate 4",,365,493,alta,False,True
49543,MUL-4EN,,×4 ×3,3 × 3 × 19 cm Negro 36,,73,409,media,True,False
49552,SOB-311S,,"Luminarios de sobreponer, spots dirigibles, E8> 5@1@E",1 12 cm 15 cm,,130,439,media,True,False
49553,SOB-312S,,"Luminarios de sobreponer, spots dirigibles, E8> 5@1@E",2 32 cm 17 cm,,330,439,media,True,False
49554,SOB-313S,,"Luminarios de sobreponer, spots dirigibles, E8> 5@1@E",3 55 cm 17 cm,,515,439,media,True,False
49556,CTV-30W,,"Cámara WiFi robotizada para interiores , 3 MP",,,580,424,media,True,False
49557,CTV-31W,,"Cámara WiFi robotizada para exteriores , 3 MP",,,845,424,media,True,False
49558,CTV-20W,,"Cámara WiFi fija para interiores , 2 MP",,,430,424,media,True,False
49559,CTV-21W,,"Cámara WiFi para exteriores , tipo bala , 2 MP",,,705,424,media,True,False
49574,CTV-22A,"Cámaras CCTV alámbricas para exteriores, tipo bala, 2 MP 3.6 mmNo","Cámaras CCTV alámbricas para exteriores, tipo bala",2 MP 3.6 mmNo,,360,425,alta,False,True
49578,CTV-52A,"Cámaras CCTV alámbricas para exteriores, tipo bala, 5 MP 2.8 mmIntegrado","Cámaras CCTV alámbricas para exteriores, tipo bala",5 MP 2.8 mmIntegrado,,605,425,alta,False,True
49579,CTV-21A,"Cámaras CCTV alámbricas para exteriores, tipo domo, 2 MP 3.6 mmNo","Cámaras CCTV alámbricas para exteriores, tipo domo",2 MP 3.6 mmNo,,360,425,alta,False,True
49580,CTV-51A,"Cámaras CCTV alámbricas para exteriores, tipo domo, 5 MP 2.8 mmIntegrado","Cámaras CCTV alámbricas para exteriores, tipo domo",5 MP 2.8 mmIntegrado,,605,425,alta,False,True
49584,CTV-DVR-4A,"Adaptadores de corriente Videograbadores DVR, 5 MP, 4","Adaptadores de corriente Videograbadores DVR, 5 MP",4,,1240,425,alta,False,True
49585,CTV-DVR-8A,"Adaptadores de corriente Videograbadores DVR, 5 MP, 8","Adaptadores de corriente Videograbadores DVR, 5 MP",8,,1800,425,alta,False,True
49586,CTV-KIT-4A,,5 MP,2.8 mm,,5150,425,media,True,False
49588,CTV-KIT-8A,"Sistemas profesionales de vigilancia CCTV con DVR, 2.8 mm",Sistemas profesionales de vigilancia CCTV con DVR,2.8 mm,,6650,425,alta,False,True
49607,A-900,,,,,575,458,media,True,False
49608,A-905,Accesorios para baño,Accesorios para baño,,,215,458,alta,False,True
49609,A-906,Accesorios para baño,Accesorios para baño,,,79,458,alta,False,True
49610,A-907,,,,,96,458,media,True,False
49611,A-908,,,,,103,458,media,True,False
49612,A-917,"Accesorios para baño, ×",Accesorios para baño,×,,130,458,alta,False,True
49620,CB-24,,Candado rígido tipo “U” x2,7,,229,570,media,True,False
49622,CB-55,,Candados metálicos para freno de disco de motocicleta x2,Chico 5.5 mm 70 50 30 5,,240,570,media,True,False
49623,CB-100,,Candados metálicos para freno de disco de motocicleta x2,Grande 10 mm 90 55 30 5,,287,570,media,True,False
49628,AQMR-62N,Manerales metálicos para regadera »,Manerales metálicos para regadera »,,,715,461,alta,False,True
49629,AQMR-62M,Manerales metálicos para regadera »,Manerales metálicos para regadera »,,,700,461,alta,False,True
49662,ELA-75DI,"Accesorios para baño, acabado cromo, Rep. dispensador 4","Accesorios para baño, acabado cromo",Rep. dispensador 4,,103,474,alta,False,True
49663,ELA-75DIN,"Accesorios para baño, acabado níquel satinado, Rep. dispensador 4","Accesorios para baño, acabado níquel satinado",Rep. dispensador 4,,103,474,alta,False,True
49664,ELA-70,"Sistema de montaje de repuesto, 24",Sistema de montaje de repuesto,24,,14.50,474,alta,False,True
49665,ELA-75,"Accesorios para baño, acabado cromo, Dispensador 4","Accesorios para baño, acabado cromo",Dispensador 4,,230,474,alta,False,True
49666,ELA-75N,"Accesorios para baño, acabado níquel satinado, Dispensador 4","Accesorios para baño, acabado níquel satinado",Dispensador 4,,275,474,alta,False,True
49667,ELA-73,"Accesorios para baño, acabado cromo, 4","Accesorios para baño, acabado cromo",4,,130,474,alta,False,True
49668,ELA-71,,,4,,170,474,media,True,False
49669,ELA-74,,,4,,160,474,media,True,False
49670,ELA-77,"Accesorios para baño, acabado cromo, 4","Accesorios para baño, acabado cromo",4,,250,474,alta,False,True
49672,ELA-76,"Accesorios para baño, acabado cromo, 4","Accesorios para baño, acabado cromo",4,,355,474,alta,False,True
49673,ELA-73N,"Accesorios para baño, acabado níquel satinado, 4","Accesorios para baño, acabado níquel satinado",4,,160,474,alta,False,True
49674,ELA-71N,,,4,,180,474,media,True,False
49675,ELA-74N,,,4,,185,474,media,True,False
49676,ELA-77N,"Accesorios para baño, acabado níquel satinado, 4","Accesorios para baño, acabado níquel satinado",4,,280,474,alta,False,True
49678,ELA-76N,"Accesorios para baño, acabado níquel satinado, 4","Accesorios para baño, acabado níquel satinado",4,,380,474,alta,False,True
49679,ELA-78,"Accesorios para baño, acabado cromo, 1","Accesorios para baño, acabado cromo",1,,1515,474,alta,False,True
49680,ELA-78N,"Accesorios para baño, acabado níquel satinado, 1","Accesorios para baño, acabado níquel satinado",1,,1800,474,alta,False,True
49681,ELA-7000,Juego de 6 accesorios para baño acabado cromo,Juego de 6 accesorios para baño acabado cromo,,,1240,474,alta,False,True
49682,ELA-7000N,Juego de 6 accesorios para baño acabado níquel satinado,Juego de 6 accesorios para baño acabado níquel satinado,,,1390,474,alta,False,True
49683,ELA-79,"Sistema de montaje de repuesto, 24",Sistema de montaje de repuesto,24,,22,474,alta,False,True
49710,CODO-SB,"Contactos dúplex, Blanco Bolsa 127 V 15 A",Contactos dúplex,Blanco Bolsa 127 V 15 A,,24,391,alta,False,True
49711,PPAN-SB,"Placas ciegas, Policarbonato Blanco",Placas ciegas,Policarbonato Blanco,,11,390,alta,False,True
49712,PPDI-SB,"Placas ciegas, Policarbonato Blanco",Placas ciegas,Policarbonato Blanco,,11,390,alta,False,True
49717,SOB-401S,,"Luminarios de sobreponer, spot dirigible, E8> 5@1@",Redondo,,215,439,media,True,False
49719,SOB-403S,,"Luminarios de sobreponer, spot dirigible, E8> 5@1@",Cuadrado,,225,439,media,True,False
49740,CS-75DQBDerecha,,"x3 instala-fácil , llave de puntos",,,280,572,baja,True,False
49745,TAE-8X45AG,"Taquetes expansivos con armella abierta, m|sx"" 50 mm 3⁄8"" 143 kg 100 1 8",Taquetes expansivos con armella abierta,"m|sx"" 50 mm 3⁄8"" 143 kg 100 1 8",,720,556,alta,False,True
49746,TAE-10X60AG,"Taquetes expansivos con armella abierta, k|z"" 65 mm o⁄sx"" 183 kg 50 1 8",Taquetes expansivos con armella abierta,"k|z"" 65 mm o⁄sx"" 183 kg 50 1 8",,625,556,alta,False,True
49747,TAE-12X70AG,"Taquetes expansivos con armella abierta, i|t"" 75 mm 1⁄2"" 296 kg 25 1 8",Taquetes expansivos con armella abierta,"i|t"" 75 mm 1⁄2"" 296 kg 25 1 8",,515,556,alta,False,True
49748,TAE-16X80AG,"Taquetes expansivos con armella abierta, m|z"" 90 mm 3⁄v"" 408 kg 25 1 4",Taquetes expansivos con armella abierta,"m|z"" 90 mm 3⁄v"" 408 kg 25 1 4",,870,556,alta,False,True
49759,FLE-2,"Flotadores eléctricos, 10 A Interruptor de flotador, eléctrico, 18.6 A, \ =","Flotadores eléctricos, 10 A Interruptor de flotador, eléctrico, 18.6 A",\ =,,235,525,alta,False,True
49760,FLE-6,"Flotadores eléctricos, 10 A Interruptor de flotador, eléctrico, 18.6 A, ` =","Flotadores eléctricos, 10 A Interruptor de flotador, eléctrico, 18.6 A",` =,,400,525,alta,False,True
49761,FLE-10,"Flotadores eléctricos, 10 A Interruptor de flotador, eléctrico, 18.6 A, [Y =","Flotadores eléctricos, 10 A Interruptor de flotador, eléctrico, 18.6 A",[Y =,,575,525,alta,False,True
49770,TQ-26J,Juego de taquetes plásticos con pijas,Juego de taquetes plásticos con pijas,,,47,556,alta,False,True
49781,"A""F-82,A""F-88","Juegos de manerales metálicos para mezcladoras, Cromo",Juegos de manerales metálicos para mezcladoras,Cromo,,200,459,baja,True,False
49784,CTV-122FA,"Adaptadores de corriente, 2 A",Adaptadores de corriente,2 A,,140,425,alta,False,True
49785,AQMR-61,"Manerales metálicos para regadera », Cromo",Manerales metálicos para regadera »,Cromo,,340,461,alta,False,True
49786,AQMR-62,"Manerales metálicos para regadera », Cromo",Manerales metálicos para regadera »,Cromo,,535,461,alta,False,True
49787,CTV-125FA,"Adaptadores de corriente, 5 A",Adaptadores de corriente,5 A,,215,425,alta,False,True
49788,CTV-14CP,Cable divisor de alimentación tipo pulpo Conectores de alimentación,Cable divisor de alimentación tipo pulpo Conectores de alimentación,,,24,425,alta,False,True
49789,CTV-20CS,"Cables coaxiales de video y energía, tipo siamés para CCTV, 20 m","Cables coaxiales de video y energía, tipo siamés para CCTV",20 m,,200,425,alta,False,True
49790,AQCR-60,"Cuellos tipo bar para mezcladoras, Cromo",Cuellos tipo bar para mezcladoras,Cromo,,165,459,alta,False,True
49792,CTV-30CS,"Cables coaxiales de video y energía, tipo siamés para CCTV, 30 m","Cables coaxiales de video y energía, tipo siamés para CCTV",30 m,,250,425,alta,False,True
49793,CTV-8TR,Par de transceptores de video pasivos (Balun) BNC,Par de transceptores de video pasivos (Balun) BNC,,,109,425,alta,False,True
49794,CTV-1M,"Conectores de alimentación, Macho",Conectores de alimentación,Macho,,4.70,425,alta,False,True
49795,CTV-1H,"Conectores de alimentación, Hembra",Conectores de alimentación,Hembra,,4.70,425,alta,False,True
49810,CV-971,"Tuercas unión, i⁄t 20 mm 10 170",Tuercas unión,i⁄t 20 mm 10 170,,96,508,alta,False,True
49811,CV-972,"Tuercas unión, k⁄v 25 mm 10 130",Tuercas unión,k⁄v 25 mm 10 130,,110,508,alta,False,True
49812,CV-973,"Tuercas unión, 1 32 mm 5 70",Tuercas unión,1 32 mm 5 70,,225,508,alta,False,True
49816,CV-981,"unión mixtas, con inserto de latón niquelado, 1⁄2"" i⁄t 20 mm 5 130","unión mixtas, con inserto de latón niquelado","1⁄2"" i⁄t 20 mm 5 130",,200,508,alta,False,True
49817,CV-982,"unión mixtas, con inserto de latón niquelado, 3⁄v"" k⁄v 25 mm 5 100","unión mixtas, con inserto de latón niquelado","3⁄v"" k⁄v 25 mm 5 100",,235,508,alta,False,True
49818,CV-983,"unión mixtas, con inserto de latón niquelado, 1"" 1 32 mm 2 50","unión mixtas, con inserto de latón niquelado","1"" 1 32 mm 2 50",,430,508,alta,False,True
49821,AQCR-81,"Cuellos flexibles para mezcladoras de fregadero, Cromo",Cuellos flexibles para mezcladoras de fregadero,Cromo,,180,460,alta,False,True
49822,CV-221,"Reducciones bushing, k|v i|t 25 20 \Y 680",Reducciones bushing,k|v i|t 25 20 \Y 680,,4.70,509,alta,False,True
49823,CV-222,"Reducciones bushing, [ i|t 32 20 [Y 500",Reducciones bushing,[ i|t 32 20 [Y 500,,6.30,509,alta,False,True
49824,CV-223,"Reducciones bushing, [ k|v 32 25 [Y 400",Reducciones bushing,[ k|v 32 25 [Y 400,,7.70,509,alta,False,True
49828,V-052,Juego de 2 llaves de empotrar con manerales,Juego de 2 llaves de empotrar con manerales,Juego,,545,509,alta,False,True
49834,CV-763,"Tees, 1 1 1 32 32 32 10 120",Tees,1 1 1 32 32 32 10 120,,21,509,alta,False,True
49838,CV-711,"rosca central con inserto de latón niquelado, i⁄t 20 mm 1⁄2 10 140",rosca central con inserto de latón niquelado,i⁄t 20 mm 1⁄2 10 140,,72,508,alta,False,True
49839,CV-701,"rosca central con inserto de latón niquelado, i⁄t 20 mm 1⁄2 10 130",rosca central con inserto de latón niquelado,i⁄t 20 mm 1⁄2 10 130,,47,508,alta,False,True
49843,CV-721,"Tees, k|v i|t i|t 25 20 20 [Y 240",Tees,k|v i|t i|t 25 20 20 [Y 240,,11,509,alta,False,True
49844,CV-722,"Tees, k|v k|v i|t 25 25 20 [Y 240",Tees,k|v k|v i|t 25 25 20 [Y 240,,9.50,509,alta,False,True
49845,CV-723,"Tees, k|v i|t k|v 25 20 25 [Y 240",Tees,k|v i|t k|v 25 20 25 [Y 240,,11,509,alta,False,True
49855,CV-511,"Codos 90° con inserto de latón niquelado, 1⁄2"" i⁄t 20 mm 10",Codos 90° con inserto de latón niquelado,"1⁄2"" i⁄t 20 mm 10",,59,508,alta,False,True
49856,CV-512,"Codos 90° con inserto de latón niquelado, 3⁄v"" k⁄v 25 mm 10",Codos 90° con inserto de latón niquelado,"3⁄v"" k⁄v 25 mm 10",,87,508,alta,False,True
49857,CV-513,"Codos 90° con inserto de latón niquelado, 1"" 1 32 mm 10",Codos 90° con inserto de latón niquelado,"1"" 1 32 mm 10",,165,508,alta,False,True
49860,MUL-6EN,"Multicontactos económicos , 6 entradas ×6 ×6, Negro","Multicontactos económicos , 6 entradas ×6 ×6",Negro,,79,409,alta,False,True
49861,CV-501,"Codos 90° con inserto de latón niquelado, 1⁄2"" i⁄t 20 mm 10",Codos 90° con inserto de latón niquelado,"1⁄2"" i⁄t 20 mm 10",,47,508,alta,False,True
49862,CV-502,"Codos 90° con inserto de latón niquelado, 3⁄v"" k⁄v 25 mm 10",Codos 90° con inserto de latón niquelado,"3⁄v"" k⁄v 25 mm 10",,62,508,alta,False,True
49863,CV-503,"Codos 90° con inserto de latón niquelado, 1"" 1 32 mm 10",Codos 90° con inserto de latón niquelado,"1"" 1 32 mm 10",,118,508,alta,False,True
49867,CV-861,"Codos, i|t i|t 20 20 [Y",Codos,i|t i|t 20 20 [Y,,,509,media,True,False
49868,CV-871,"Codos macho-hembra, i|t 20 20 [Y",Codos macho-hembra,i|t 20 20 [Y,,,509,media,True,False
49873,CV-361,"Tapones, i|t 20 [Y 1,300",Tapones,"i|t 20 [Y 1,300",,,509,media,True,False
49874,CV-362,"Tapones, k|v 25 [Y 750",Tapones,k|v 25 [Y 750,,,509,media,True,False
49891,CV-261,"Coples, i|t 20 \Y 800",Coples,i|t 20 \Y 800,,,509,media,True,False
49892,CV-262,"Coples, k|v 25 \Y 500",Coples,k|v 25 \Y 500,,,509,media,True,False
49893,CV-263,"Coples, 1 32 10 290",Coples,1 32 10 290,,,509,media,True,False
49897,CV-001,"Tubos de 4 m Tees, i|t 20 2.8 [Y 2",Tubos de 4 m Tees,i|t 20 2.8 [Y 2,,,509,media,True,False
49898,CV-002,"Tubos de 4 m Tees, k|v 25 3.5 [Y 2",Tubos de 4 m Tees,k|v 25 3.5 [Y 2,,,509,media,True,False
49899,CV-003,"Tubos de 4 m Tees, [ 32 4.4 _ 2 %ees reducidas",Tubos de 4 m Tees,[ 32 4.4 _ 2 %ees reducidas,,,509,media,True,False
49900,"k|v""","Válvulas robustas para flotador, para tinaco, (19 mm) 320g 3 48","Válvulas robustas para flotador, para tinaco",(19 mm) 320g 3 48,,340,522,baja,True,False
49901,VAFLO-1-R,"Válvula robusta para flotador, para cisterna, 1 (25 mm) 560g 1 48","Válvula robusta para flotador, para cisterna",1 (25 mm) 560g 1 48,,600,522,alta,False,True
49979,LLJ-110Z,"Llaves para manguera, 110 g",Llaves para manguera,110 g,TRUPER,43,520,alta,False,True
49989,PAEL-1CD,"Parrillas eléctricas quemador tipo disco, Blanco 1,000 W 5 8 A 12",Parrillas eléctricas quemador tipo disco,"Blanco 1,000 W 5 8 A 12",,310,407,alta,False,True
49990,PAEL-2CD,"Parrillas eléctricas quemador tipo disco, Blanco 2,000 W (1,000 W cu) 5 16 A 8",Parrillas eléctricas quemador tipo disco,"Blanco 2,000 W (1,000 W cu) 5 16 A 8",,525,407,alta,False,True
49991,SL-14L,"de luces con 5@1@E Series, 24 W [^®` = 24 24 + 2 repuestos 2.4 kg",de luces con 5@1@E Series,24 W [^®` = 24 24 + 2 repuestos 2.4 kg,,1350,439,alta,False,True
49992,SL-7L,"de luces con 5@1@E Series, 12 W a®] = 12 12 + 1 repuesto 1.3 kg",de luces con 5@1@E Series,12 W a®] = 12 12 + 1 repuesto 1.3 kg,,760,439,alta,False,True
49993,SL-14I,,de luces con 5@1@E 8>1a>deE1e>FeE,264 W [^®` = 24 24 + 12 repuestos 2.4 kg,,1300,439,media,True,False
49994,SL-7I,,de luces con 5@1@E 8>1a>deE1e>FeE,132 W a®] = 12 12 + 6 repuestos 1.3 kg,,730,439,media,True,False
50006,R-BAR,Rack de piso para barretas y grifas,Rack de piso para barretas y grifas,,,4000,610,alta,False,True
50020,DESP-BAV-GR,,»,29 31 × 25 × 31 cm,,2000,602,media,True,False
50021,DESP-BAV-CH,,»,13 23 × 18 × 23 cm,,1500,602,media,True,False
50031,R-PYP,Rack de pared para 5 modelos de palas mango “Y”,Rack de pared para 5 modelos de palas mango “Y”,,,2500,611,alta,False,True
50050,R-GIR,Rack giratorio para palas y bieldos,Rack giratorio para palas y bieldos,,,2500,611,alta,False,True
50056,RACK-3,Rack hexagonal para 3 carretillas,Rack hexagonal para 3 carretillas,,,1000,610,alta,False,True
50086,R-PUN,Rack de piso para 6 palas,Rack de piso para 6 palas,,,500,611,alta,False,True
50096,R-POD-G,Rack para 4 podadoras,Rack para 4 podadoras,,,6000,610,alta,False,True
50099,RACK-ML,Rack de piso para herramienta de mango largo,Rack de piso para herramienta de mango largo,,,1500,611,alta,False,True
50102,R-CAT,Rack de empotrar para carretilla,Rack de empotrar para carretilla,,,200,610,alta,False,True
5016,cm),"Motosierras de 50 cc , 2.7 HP","Motosierras de 50 cc , 2.7 HP",,,5250,275,baja,True,False
50160,R-3CAT,Rack de piso para 3 carretillas estibadas,Rack de piso para 3 carretillas estibadas,,,3000,610,alta,False,True
5018,cm),"Motosierras de 50 cc , 2.7 HP","Motosierras de 50 cc , 2.7 HP",,,5400,275,baja,True,False
5020,cm),"Motosierras de 50 cc , 2.7 HP","Motosierras de 50 cc , 2.7 HP",,,5500,275,baja,True,False
50208,R-LIJ,,»,,,1000,602,media,True,False
5030,cm,"Bolsas con cinchos plásticos, Natural 50 20 120",Bolsas con cinchos plásticos,Natural 50 20 120,,60,398,baja,True,False
5032,"1⁄v""","Cubretaladros de 1 3⁄v"" de acero inoxidable de PVC","Cubretaladros de 1 3⁄v"" de acero inoxidable de PVC",,,8.50,489,baja,True,False
50329,R-PINT-A,,»,,TRUPER,500,602,media,True,False
50330,R-PINT-120,Rack de piso para 120 pinturas en aerosol,Rack de piso para 120 pinturas en aerosol,,TRUPER,3000,611,alta,False,True
50333,R-BOMB,Rack de piso para 8 bombas de agua,Rack de piso para 8 bombas de agua,,,2000,610,alta,False,True
5035,cm,"Bolsas con cinchos plásticos, Natural 25 20 120",Bolsas con cinchos plásticos,Natural 25 20 120,,39,398,baja,True,False
5040,CUTA-44M,"Cubretaladros de 1 3⁄v"" de acero inoxidable de PVC","Cubretaladros de 1 3⁄v"" de acero inoxidable de PVC",,,8.50,489,alta,False,True
5050,cm,"Bolsas con cinchos plásticos, Natural 25 10 60",Bolsas con cinchos plásticos,Natural 25 10 60,,55,398,baja,True,False
5060,cm,"Bolsas con cinchos plásticos, Natural 25 10 60",Bolsas con cinchos plásticos,Natural 25 10 60,,92,398,baja,True,False
5090,Y®c,"Malla plafón de acero galvanizado, rollo de 22 m, = 8 kg","Malla plafón de acero galvanizado, rollo de 22 m",'= 8 kg,,730,546,baja,True,False
5100,T-5100,Refacciones para tijeras de poda (una mano),Refacciones para tijeras de poda (una mano),,,25,371,alta,False,True
5106,T6,"Estuches con 5 puntas torx iguales , largo 1"" (25 mm)","Estuches con 5 puntas torx iguales , largo 1"" (25 mm)",,,36,316,alta,False,True
5107,T7,"Estuches con 5 puntas torx iguales , largo 1"" (25 mm)","Estuches con 5 puntas torx iguales , largo 1"" (25 mm)",,,36,316,alta,False,True
5108,T8,"Estuches con 5 puntas torx iguales , largo 1"" (25 mm)","Estuches con 5 puntas torx iguales , largo 1"" (25 mm)",,,36,316,alta,False,True
5109,T9,"Estuches con 5 puntas torx iguales , largo 1"" (25 mm)","Estuches con 5 puntas torx iguales , largo 1"" (25 mm)",,,36,316,alta,False,True
5110,T10,"Estuches con 5 puntas torx iguales , largo 1"" (25 mm)","Estuches con 5 puntas torx iguales , largo 1"" (25 mm)",,,36,316,alta,False,True
5115,T15,"Estuches con 5 puntas torx iguales , largo 1"" (25 mm)","Estuches con 5 puntas torx iguales , largo 1"" (25 mm)",,,36,316,alta,False,True
5120,T20,"Estuches con 5 puntas torx iguales , largo 1"" (25 mm)","Estuches con 5 puntas torx iguales , largo 1"" (25 mm)",,,36,316,alta,False,True
5125,T25,"Estuches con 5 puntas torx iguales , largo 1"" (25 mm)","Estuches con 5 puntas torx iguales , largo 1"" (25 mm)",,,36,316,alta,False,True
5127,T27,"Estuches con 5 puntas torx iguales , largo 1"" (25 mm)","Estuches con 5 puntas torx iguales , largo 1"" (25 mm)",,,36,316,alta,False,True
5130,T30,"Estuches con 5 puntas torx iguales , largo 1"" (25 mm)","Estuches con 5 puntas torx iguales , largo 1"" (25 mm)",,,36,316,alta,False,True
5140,PUDE-6140,"con seguro iguales , largo 1"" (25 mm), T40","con seguro iguales , largo 1"" (25 mm)",T40,,39,316,alta,False,True
51575,R-CAMA,"Rack para escobas, 5 Rollos 100 × 45 × 45 cm",Rack para escobas,5 Rollos 100 × 45 × 45 cm,,2000,610,alta,False,True
51576,R-MAN,"Rack para escobas, 3 Rollos 100 × 64 × 65 cm",Rack para escobas,3 Rollos 100 × 64 × 65 cm,,2750,610,alta,False,True
51578,R-LIJ2,Rack de piso para 19 modelos de lijas,Rack de piso para 19 modelos de lijas,,,2200,611,alta,False,True
5206,T6,"iguales , largo 2"" (50 mm) con seguro iguales , largo con seguro iguales , largo 1"" (25 mm) 2"" (50 mm)","iguales , largo 2"" (50 mm) con seguro iguales , largo con seguro iguales , largo 1"" (25 mm) 2"" (50 mm)",,,55,316,alta,False,True
5207,T7,"iguales , largo 2"" (50 mm) con seguro iguales , largo con seguro iguales , largo 1"" (25 mm) 2"" (50 mm)","iguales , largo 2"" (50 mm) con seguro iguales , largo con seguro iguales , largo 1"" (25 mm) 2"" (50 mm)",,,55,316,alta,False,True
5208,T8,"iguales , largo 2"" (50 mm) con seguro iguales , largo con seguro iguales , largo 1"" (25 mm) 2"" (50 mm)","iguales , largo 2"" (50 mm) con seguro iguales , largo con seguro iguales , largo 1"" (25 mm) 2"" (50 mm)",,,55,316,alta,False,True
5209,T9,"iguales , largo 2"" (50 mm) con seguro iguales , largo con seguro iguales , largo 1"" (25 mm) 2"" (50 mm)","iguales , largo 2"" (50 mm) con seguro iguales , largo con seguro iguales , largo 1"" (25 mm) 2"" (50 mm)",,,55,316,alta,False,True
5210,T10,"iguales , largo 2"" (50 mm) con seguro iguales , largo con seguro iguales , largo 1"" (25 mm) 2"" (50 mm)","iguales , largo 2"" (50 mm) con seguro iguales , largo con seguro iguales , largo 1"" (25 mm) 2"" (50 mm)",,,55,316,alta,False,True
5215,T15,"iguales , largo 2"" (50 mm) con seguro iguales , largo con seguro iguales , largo 1"" (25 mm) 2"" (50 mm)","iguales , largo 2"" (50 mm) con seguro iguales , largo con seguro iguales , largo 1"" (25 mm) 2"" (50 mm)",,,55,316,alta,False,True
5220,T20,"iguales , largo 2"" (50 mm) con seguro iguales , largo con seguro iguales , largo 1"" (25 mm) 2"" (50 mm)","iguales , largo 2"" (50 mm) con seguro iguales , largo con seguro iguales , largo 1"" (25 mm) 2"" (50 mm)",,,55,316,alta,False,True
5225,T25,"iguales , largo 2"" (50 mm) con seguro iguales , largo con seguro iguales , largo 1"" (25 mm) 2"" (50 mm)","iguales , largo 2"" (50 mm) con seguro iguales , largo con seguro iguales , largo 1"" (25 mm) 2"" (50 mm)",,,55,316,alta,False,True
5227,T27,"iguales , largo 2"" (50 mm) con seguro iguales , largo con seguro iguales , largo 1"" (25 mm) 2"" (50 mm)","iguales , largo 2"" (50 mm) con seguro iguales , largo con seguro iguales , largo 1"" (25 mm) 2"" (50 mm)",,,55,316,alta,False,True
5230,T30,"iguales , largo 2"" (50 mm) con seguro iguales , largo con seguro iguales , largo 1"" (25 mm) 2"" (50 mm)","iguales , largo 2"" (50 mm) con seguro iguales , largo con seguro iguales , largo 1"" (25 mm) 2"" (50 mm)",,,55,316,alta,False,True
523915,,punta torx,punta torx,,,51,127,baja,True,False
523920,,punta torx,punta torx,,,51,127,baja,True,False
523925,,punta torx,punta torx,,,51,127,baja,True,False
523927,,punta torx,punta torx,,,51,127,baja,True,False
523930,,punta torx,punta torx,,,51,127,baja,True,False
523940,,punta torx,punta torx,,,51,127,baja,True,False
523945,,punta torx,punta torx,,,55,127,baja,True,False
523950,,punta torx,punta torx,,,55,127,baja,True,False
523955,,punta torx,punta torx,,,58,127,baja,True,False
523960,,punta torx,punta torx,,,62,127,baja,True,False
5240,PUDE-6140,"con seguro iguales , largo 1"" (25 mm), T40","con seguro iguales , largo 1"" (25 mm)",T40,,39,316,alta,False,True
5253,H,"Nudos universales y nudos universales, 7 piezas, M 1i|t"" (4 1=)","Nudos universales y nudos universales, 7 piezas","M 1i|t"" (4 1=)",,66,127,alta,False,True
5254,H,"Nudos universales y nudos universales, 7 piezas, M 1i|t"" (4 1=)","Nudos universales y nudos universales, 7 piezas","M 1i|t"" (4 1=)",,95,127,alta,False,True
5255,H,"Nudos universales y nudos universales, 7 piezas, M 1"" (2®5 1=)","Nudos universales y nudos universales, 7 piezas","M 1"" (2®5 1=)",,51,127,alta,False,True
5256,H,"Nudos universales y nudos universales, 7 piezas, M 1i|ut"" (3 1=)","Nudos universales y nudos universales, 7 piezas","M 1i|ut"" (3 1=)",,47,127,alta,False,True
5260,,"Extensiones, 3"" (8 1=)",Extensiones,"3"" (8 1=)",,66,128,baja,True,False
5261,,"Extensiones, 8"" (20 1=)",Extensiones,"8"" (20 1=)",,118,128,baja,True,False
5262,,"Extensiones, 9 mm","Extensiones, 9 mm",,,325,128,baja,True,False
5266,,"Extensiones, 6"" (15 1=)",Extensiones,"6"" (15 1=)",,105,128,baja,True,False
5270,,"Nudos universales y nudos universales, 7 piezas, 2"" (5 1=)","Nudos universales y nudos universales, 7 piezas","2"" (5 1=)",,102,127,baja,True,False
5285,,"Barras corredizas, 10"" (25 1=) 6",Barras corredizas,"10"" (25 1=) 6",,200,128,baja,True,False
53001,EX-HE-JP1,Exhibidor de jaladeras y perillas (1 tablero),Exhibidor de jaladeras y perillas (1 tablero),,,966,604,alta,False,True
53002,EX-HE-JP2,Exhibidor de jaladeras y perillas (2 tableros),Exhibidor de jaladeras y perillas (2 tableros),,,2058,604,alta,False,True
53436,rpm,"abrasivas para esmeril, óxido de aluminio carburo de silicio , 6""","abrasivas para esmeril, óxido de aluminio carburo de silicio , 6""",,,125,151,baja,True,False
5432,,Escuadras para muros de yeso,Escuadras para muros de yeso,,,,164,baja,True,False
5434,,"Arnés de pecho, 1 anillo “D”","Arnés de pecho, 1 anillo “D”",,,365,342,baja,True,False
5435,,"Arnés de cuerpo completo, 1 anillo “D”, (ANSI)","Arnés de cuerpo completo, 1 anillo “D”, (ANSI)",,,660,342,baja,True,False
5436,,"Arnés de cuerpo completo, 3 anillos “D”, (ANSI)","Arnés de cuerpo completo, 3 anillos “D”, (ANSI)",,,730,342,baja,True,False
5437,,"Arnés de cuerpo completo, 3 anillos “D”, (ANSI)","Arnés de cuerpo completo, 3 anillos “D”, (ANSI)",,,765,342,baja,True,False
5438,,"Arnés de cuerpo completo, 5 anillos “D”, (ANSI)","Arnés de cuerpo completo, 5 anillos “D”, (ANSI)",,,830,342,baja,True,False
543920,,Dados punta bristol,Dados punta bristol,,,87,127,baja,True,False
543925,Medida,Dados punta bristol,Dados punta bristol,,,87,127,baja,True,False
543930,M6,Dados punta bristol,Dados punta bristol,,,87,127,alta,False,True
543940,M8,Dados punta bristol,Dados punta bristol,,,87,127,alta,False,True
543945,M10,Dados punta bristol,Dados punta bristol,,,87,127,alta,False,True
543950,M12,Dados punta bristol,Dados punta bristol,,,87,127,alta,False,True
543955,M14,Dados punta bristol,Dados punta bristol,,,87,127,alta,False,True
5453,H,"Nudos universales y nudos universales, 7 piezas, M 2"" (5 1=)","Nudos universales y nudos universales, 7 piezas","M 2"" (5 1=)",,185,127,alta,False,True
5455,H,"Adaptadores de impacto Nudos universales de impacto, M 3 24",Adaptadores de impacto Nudos universales de impacto,M 3 24,,465,131,alta,False,True
5460,"2i|t""","Extensiones, 9 mm","Extensiones, 9 mm",,,72,128,baja,True,False
5461,,"Extensiones de impacto, 5"" (13 1=)",Extensiones de impacto,"5"" (13 1=)",,165,131,baja,True,False
5463,,"Extensiones de impacto, 9"" (23 1=)",Extensiones de impacto,"9"" (23 1=)",,240,131,baja,True,False
5470,"2i|v""","Nudos universales y nudos universales, 7 piezas, 1=)","Nudos universales y nudos universales, 7 piezas",1=),,145,127,baja,True,False
5486,mm,"Extensiones, 25 mm, 4","Extensiones, 25 mm",4,,270,128,baja,True,False
55159,R-HIMP-3M,Rack para herramientas de alto impacto,Rack para herramientas de alto impacto,,,5500,611,alta,False,True
55244,M-EST,Mesa para exhibición de máquinas estacionarias,Mesa para exhibición de máquinas estacionarias,,,3500,611,alta,False,True
55257,R-IMP-G,Rack giratorio para venta de impulso,Rack giratorio para venta de impulso,,,400,602,alta,False,True
5528,Anchode,"Flexómetro Gripper , resistente a impactos 2 m, tipo llavero, de cinta: 13 mm (1⁄2e) Cinta recubierta de laca","Flexómetro Gripper , resistente a impactos 2 m, tipo llavero",de cinta: 13 mm (1⁄2e) Cinta recubierta de laca,,,173,baja,True,False
55287,EX-F-A-800,Exhibidor con juego de accesorios A-800,Exhibidor con juego de accesorios A-800,,,390,606,alta,False,True
55460,EX-F-AQA-4000,Exhibidor con juego de 6 accesorios AQA-4000,Exhibidor con juego de 6 accesorios AQA-4000,,,845,607,alta,False,True
55467,EX-F-AQM-71,Exhibidor con monomando para regadera AQM-71,Exhibidor con monomando para regadera AQM-71,,,675,607,alta,False,True
55480,EX-MM,Exhibidor con manerales de acrílico para lavabofregadero,Exhibidor con manerales de acrílico para lavabofregadero,,,273,606,alta,False,True
55481,EX-MR,Exhibidor con manerales de acrílico para regadera,Exhibidor con manerales de acrílico para regadera,,,420,606,alta,False,True
55543,EX-LL-F,Exhibidor con llave para fregadero LL-F,Exhibidor con llave para fregadero LL-F,,,305,605,alta,False,True
55729,R-TOR-1,Rack de 48 gavetas,Rack de 48 gavetas,,,4500,611,alta,False,True
55783,EX-CG-FOS,Exhibidor de conexiones,Exhibidor de conexiones,,,1821,603,alta,False,True
55785,EX-CC-FOS,Exhibidor de conexiones,Exhibidor de conexiones,,,2367,603,alta,False,True
55786,EX-CLG-FOS,Exhibidor de conexiones,Exhibidor de conexiones,,,2235,603,alta,False,True
55787,EX-CPVC-FOS,Exhibidor de conexiones,Exhibidor de conexiones,,,1352,603,alta,False,True
55788,EX-CV-FOS,Exhibidor de conexiones,Exhibidor de conexiones,,,2776,603,alta,False,True
55789,EX-LIM,Exhibidor con limas,Exhibidor con limas,,,600,602,alta,False,True
55863,R-ES,Rack para escobas,Rack para escobas,,,300,610,alta,False,True
55883,R-FJ,Rack despachador con franelas y jergas,Rack despachador con franelas y jergas,,,8000,589,alta,False,True
55905,EX80-CON-1T,"Exhibidor de construcción , 1 tablero, 80 × 80 cm","Exhibidor de construcción , 1 tablero",80 × 80 cm,,4336,608,alta,False,True
55906,EX80-CON-2T,"Exhibidor de construcción 2 tableros, 80 × 160 cm",Exhibidor de construcción 2 tableros,80 × 160 cm,,7970,608,alta,False,True
55907,EX80-CAR-1T,"Exhibidor de carpintería , 1 tablero, 80 × 80 cm","Exhibidor de carpintería , 1 tablero",80 × 80 cm,,5515,608,alta,False,True
55908,EX80-CAR-2T,"Exhibidor de carpintería 2 tableros, 80 × 160 cm",Exhibidor de carpintería 2 tableros,80 × 160 cm,,8690,608,alta,False,True
55909,EX80-MEC-1T,"Exhibidor de mecánica , 1 tablero, 80 × 80 cm","Exhibidor de mecánica , 1 tablero",80 × 80 cm,,6033,608,alta,False,True
55910,EX80-MEC-2T,"Exhibidor de mecánica 2 tableros, 80 × 160 cm",Exhibidor de mecánica 2 tableros,80 × 160 cm,,12911,608,alta,False,True
55911,EX80-JAR-1T,"Exhibidor de jardinería , 1 tablero, 80 × 80 cm","Exhibidor de jardinería , 1 tablero",80 × 80 cm,,2959,608,alta,False,True
55912,EX80-JAR-2T,"Exhibidor de jardinería 2 tableros, 80 × 160 cm",Exhibidor de jardinería 2 tableros,80 × 160 cm,,5329,608,alta,False,True
55913,EX80-IND-1T,"Exhibidor de seguridad industrial 1 tablero, 80 × 80 cm",Exhibidor de seguridad industrial 1 tablero,80 × 80 cm,,2376,608,alta,False,True
55914,EX80-PRE-1T,"Exhibidor de herramientas , 1 tablero, 80 × 80 cm","Exhibidor de herramientas , 1 tablero",80 × 80 cm,,3105,608,alta,False,True
55915,EX80-PRE-2T,"Exhibidor de herramientas , 2 tableros, 80 × 160 cm","Exhibidor de herramientas , 2 tableros",80 × 160 cm,,5918,608,alta,False,True
55943,EX-PVC-FOS,Exhibidor de conexiones,Exhibidor de conexiones,,,612,603,alta,False,True
55951,MAQ-NEU,,30%,,TRUPER,95571,110,media,True,False
55952,EX-KIT-CFE,Exhibidor kit CFE,Exhibidor kit CFE,,,689,603,alta,False,True
55955,EX-CM-FOS,Exhibidor de conexiones de polipropileno y latón,Exhibidor de conexiones de polipropileno y latón,,,933,603,alta,False,True
55956,DESP-BAV-GR-C,Despachador de brocas HSS para metal 29 compartimentos,Despachador de brocas HSS para metal 29 compartimentos,,,16250,64,alta,False,True
55957,DESP-BAV-CH-C,Despachador de brocas HSS para metal 13 compartimentos,Despachador de brocas HSS para metal 13 compartimentos,,,8100,64,alta,False,True
55971,EX-AQA-4004,Exhibidor con juego de 4 accesorios AQA-4004,Exhibidor con juego de 4 accesorios AQA-4004,,,665,607,alta,False,True
55984,MAQ-SOL,,,,,122650,361,media,True,False
55998,EX-TBM-71,Exhibidor con monomando TBM-71,Exhibidor con monomando TBM-71,,,625,607,alta,False,True
55999,EX-TBE-062,Exhibidor con manerales tipo palanca TBE-062,Exhibidor con manerales tipo palanca TBE-062,,,902,607,alta,False,True
56005,PRO-LAMP,Probador de lámparas,Probador de lámparas,,,300,611,alta,False,True
56006,EX-ATIN-FOS,Exhibidor de accesorios para tinaco,Exhibidor de accesorios para tinaco,,,1882,603,alta,False,True
56040,MECH-350I,"Trapeadores tipo mechudo cabezal intercambiable, 350 6",Trapeadores tipo mechudo cabezal intercambiable,350 6,,87,588,alta,False,True
56041,MECH-250I,"Trapeadores tipo mechudo cabezal intercambiable, 250 6",Trapeadores tipo mechudo cabezal intercambiable,250 6,,79,588,alta,False,True
56370,EX-CALE-S,Calentador solar de exhibición,Calentador solar de exhibición,,,1500,611,alta,False,True
56385,R-ESC,Rack para 5 escaleras tipo tijera,Rack para 5 escaleras tipo tijera,,,2000,610,alta,False,True
5653,H,"Nudos universales y nudos universales, 7 piezas, M 2"" (5 1=)","Nudos universales y nudos universales, 7 piezas","M 2"" (5 1=)",,165,127,alta,False,True
5667,,"Extensiones de impacto, 7"" (18 1=)",Extensiones de impacto,"7"" (18 1=)",,700,131,baja,True,False
5670,"3i|t""","Nudos universales y nudos universales, 7 piezas, (9 1=)","Nudos universales y nudos universales, 7 piezas",(9 1=),,420,127,baja,True,False
5685,,"Barras corredizas, 18"" (45 1=) 1",Barras corredizas,"18"" (45 1=) 1",,660,128,baja,True,False
5686,mm,"Extensiones, 25 mm, 1","Extensiones, 25 mm",1,,830,128,baja,True,False
57016,JALI-50A,Jaladores Trapeadores de microfibra,Jaladores Trapeadores de microfibra,,,96,588,alta,False,True
57017,JALI-40,Jaladores Trapeadores de microfibra,Jaladores Trapeadores de microfibra,,,96,588,alta,False,True
57018,JALI-40A,Jaladores Trapeadores de microfibra,Jaladores Trapeadores de microfibra,,,87,588,alta,False,True
57026,EX-BA-VK,Exhibidor de artefactos eléctricos,Exhibidor de artefactos eléctricos,,,750,602,alta,False,True
57027,R-A-CAT,Rack para armar carretillas,Rack para armar carretillas,,,3000,610,alta,False,True
57033,R-ESC-D,Rack para 10 escaleras,Rack para 10 escaleras,,,10000,610,alta,False,True
58085,,Refacciones para tijeras de poda (una mano),Refacciones para tijeras de poda (una mano),,,25,371,baja,True,False
59300,,,»,,,4.70,380,baja,True,False
59500,NA,,»,,,4.70,380,media,True,False
59959,MECH-350C,"Trapeadores tipo mechudo cabezal intercambiable, 350 6",Trapeadores tipo mechudo cabezal intercambiable,350 6,,51,588,alta,False,True
59960,MECH-250C,"Trapeadores tipo mechudo cabezal intercambiable, 250 6",Trapeadores tipo mechudo cabezal intercambiable,250 6,,43,588,alta,False,True
59965,JALI-20E,,50 cm,,,58,588,media,True,False
59972,JALI-25,Jalador limpiavidrios 25 cm,Jalador limpiavidrios 25 cm,,,36,588,alta,False,True
59973,EX-LT-VK,Exhibidor de artefactos eléctricos,Exhibidor de artefactos eléctricos,,,1058,602,alta,False,True
6020,cm),Barras,Barras,,,3450,275,baja,True,False
6040,cm,"metálicos mosquitos, recargables","metálicos mosquitos, recargables",,,2390,407,baja,True,False
6110,T10,"con seguro iguales , largo 1"" (25 mm)","con seguro iguales , largo 1"" (25 mm)",,,39,316,alta,False,True
6115,T15,"con seguro iguales , largo 1"" (25 mm)","con seguro iguales , largo 1"" (25 mm)",,,39,316,alta,False,True
6120,T20,"con seguro iguales , largo 1"" (25 mm)","con seguro iguales , largo 1"" (25 mm)",,,39,316,alta,False,True
6125,T25,"con seguro iguales , largo 1"" (25 mm)","con seguro iguales , largo 1"" (25 mm)",,,39,316,alta,False,True
6127,T27,"con seguro iguales , largo 1"" (25 mm)","con seguro iguales , largo 1"" (25 mm)",,,39,316,alta,False,True
6130,T30,"con seguro iguales , largo 1"" (25 mm)","con seguro iguales , largo 1"" (25 mm)",,,39,316,alta,False,True
6136,`e,"abrasivas para esmeril, óxido de aluminio carburo de silicio , 6"", 36 \_ == 1"" 4,500 rpm","abrasivas para esmeril, óxido de aluminio carburo de silicio , 6""","36 \_ == 1"" 4,500 rpm",,200,151,baja,True,False
6140,T40,"con seguro iguales , largo 1"" (25 mm)","con seguro iguales , largo 1"" (25 mm)",,,39,316,alta,False,True
6160,`e,"abrasivas para esmeril, óxido de aluminio carburo de silicio , 6"", 60 \_ == 1"" 4,500 rpm","abrasivas para esmeril, óxido de aluminio carburo de silicio , 6""","60 \_ == 1"" 4,500 rpm",,200,151,baja,True,False
6210,T10,"con seguro iguales , largo 2"" (50 mm)","con seguro iguales , largo 2"" (50 mm)",,,55,316,alta,False,True
6215,T15,"con seguro iguales , largo 2"" (50 mm)","con seguro iguales , largo 2"" (50 mm)",,,55,316,alta,False,True
6220,T20,"con seguro iguales , largo 2"" (50 mm)","con seguro iguales , largo 2"" (50 mm)",,,55,316,alta,False,True
6225,T25,"con seguro iguales , largo 2"" (50 mm)","con seguro iguales , largo 2"" (50 mm)",,,55,316,alta,False,True
6227,T27,"con seguro iguales , largo 2"" (50 mm)","con seguro iguales , largo 2"" (50 mm)",,,55,316,alta,False,True
6230,T30,"con seguro iguales , largo 2"" (50 mm)","con seguro iguales , largo 2"" (50 mm)",,,55,316,alta,False,True
6240,T40,"con seguro iguales , largo 2"" (50 mm)","con seguro iguales , largo 2"" (50 mm)",,,55,316,alta,False,True
6300,,,»,,,5.50,380,baja,True,False
63436,rpm,"abrasivas para esmeril, óxido de aluminio carburo de silicio , 6""","abrasivas para esmeril, óxido de aluminio carburo de silicio , 6""",,,165,151,baja,True,False
63460,`e,"abrasivas para esmeril, óxido de aluminio carburo de silicio , 6"", 60 [c == 1"" 4,500 rpm","abrasivas para esmeril, óxido de aluminio carburo de silicio , 6""","60 [c == 1"" 4,500 rpm",,165,151,baja,True,False
6500,NA,"Conectores macho tipo F, precio por bolsa","Conectores macho tipo F, precio por bolsa",,,4.50,380,alta,False,True
661144,contra,,,página,,,,baja,True,False
661155,,,,,,,,baja,True,False
661166,contra,,,página,,,,baja,True,False
661177,,,,,,,,baja,True,False
661188,contra,,,página,,,,baja,True,False
661199,,,,,,,,baja,True,False
662200,contra,,,página,,,,baja,True,False
662211,,,,,,,,baja,True,False
662222,contra,,,página,,,,baja,True,False
662233,,,,,,,,baja,True,False
7000,,Juego de 6 accesorios para baño acabado negro mate,Juego de 6 accesorios para baño acabado negro mate,,,1095,467,baja,True,False
7002,,"Termocople soldable, 0020",Termocople soldable,0020,,,495,baja,True,False
7015,mm,"de corte preciso para metal, 8,600 rpm 10 60",de corte preciso para metal,"8,600 rpm 10 60",,32,152,baja,True,False
7018,mm,"de corte preciso para acero inoxidable Discos de corte preciso para metal, 8,600 rpm",de corte preciso para acero inoxidable Discos de corte preciso para metal,"8,600 rpm",,72,152,baja,True,False
7020,mm,"de corte preciso para metal, 8,600 rpm 10 60",de corte preciso para metal,"8,600 rpm 10 60",,35,152,baja,True,False
7040,"o⁄8""","laminados, Discos laminados, alto rendimiento, Discos plástico respaldo de fibra de vidrio respaldo, 8,600 rpm","laminados, Discos laminados, alto rendimiento, Discos plástico respaldo de fibra de vidrio respaldo","8,600 rpm",,160,151,baja,True,False
7060,"o⁄8""","laminados, Discos laminados, alto rendimiento, Discos plástico respaldo de fibra de vidrio respaldo, 8,600 rpm","laminados, Discos laminados, alto rendimiento, Discos plástico respaldo de fibra de vidrio respaldo","8,600 rpm",,160,151,baja,True,False
7080,"o⁄8""","laminados, Discos laminados, alto rendimiento, Discos plástico respaldo de fibra de vidrio respaldo, 8,600 rpm","laminados, Discos laminados, alto rendimiento, Discos plástico respaldo de fibra de vidrio respaldo","8,600 rpm",,160,151,baja,True,False
7102,mm,"Estuches con 5 puntas hexagonales milimétricas iguales , largo 1"" (25 mm)","Estuches con 5 puntas hexagonales milimétricas iguales , largo 1"" (25 mm)",,,36,316,baja,True,False
7103,mm,"Estuches con 5 puntas hexagonales milimétricas iguales , largo 1"" (25 mm)","Estuches con 5 puntas hexagonales milimétricas iguales , largo 1"" (25 mm)",,,36,316,baja,True,False
7104,mm,"Estuches con 5 puntas hexagonales milimétricas iguales , largo 1"" (25 mm)","Estuches con 5 puntas hexagonales milimétricas iguales , largo 1"" (25 mm)",,,36,316,baja,True,False
7105,mm,"Estuches con 5 puntas hexagonales milimétricas iguales , largo 1"" (25 mm)","Estuches con 5 puntas hexagonales milimétricas iguales , largo 1"" (25 mm)",,,36,316,baja,True,False
7106,mm,"Estuches con 5 puntas hexagonales milimétricas iguales , largo 1"" (25 mm)","Estuches con 5 puntas hexagonales milimétricas iguales , largo 1"" (25 mm)",,,36,316,baja,True,False
7108,mm,"Estuches con 5 puntas hexagonales milimétricas iguales , largo 1"" (25 mm)","Estuches con 5 puntas hexagonales milimétricas iguales , largo 1"" (25 mm)",,,47,316,baja,True,False
7109,"k|ut""","Estuches con 5 puntas hexagonales standard iguales , largo 1"" (25 mm)","Estuches con 5 puntas hexagonales standard iguales , largo 1"" (25 mm)",,,36,316,baja,True,False
7112,"i|z""","Estuches con 5 puntas hexagonales standard iguales , largo 1"" (25 mm)","Estuches con 5 puntas hexagonales standard iguales , largo 1"" (25 mm)",,,36,316,baja,True,False
7115,"m|ut""","Estuches con 5 puntas hexagonales standard iguales , largo 1"" (25 mm)","Estuches con 5 puntas hexagonales standard iguales , largo 1"" (25 mm)",,,36,316,baja,True,False
7118,"k|sx""","Estuches con 5 puntas hexagonales standard iguales , largo 1"" (25 mm)","Estuches con 5 puntas hexagonales standard iguales , largo 1"" (25 mm)",,,36,316,baja,True,False
7120,,"Gabinete y caja de herramientas, 2 en 1","Gabinete y caja de herramientas, 2 en 1",,,6400,163,baja,True,False
7125,"i|v""","Estuches con 5 puntas hexagonales standard iguales , largo 1"" (25 mm)","Estuches con 5 puntas hexagonales standard iguales , largo 1"" (25 mm)",,,36,316,baja,True,False
7131,"m|sx""","Estuches con 5 puntas hexagonales standard iguales , largo 1"" (25 mm)","Estuches con 5 puntas hexagonales standard iguales , largo 1"" (25 mm)",,,47,316,baja,True,False
7202,mm,"Estuches con 5 puntas hexagonales milimétricas iguales , largo 2"" (50 mm)","Estuches con 5 puntas hexagonales milimétricas iguales , largo 2"" (50 mm)",,,55,316,baja,True,False
7203,mm,"Estuches con 5 puntas hexagonales milimétricas iguales , largo 2"" (50 mm)","Estuches con 5 puntas hexagonales milimétricas iguales , largo 2"" (50 mm)",,,55,316,baja,True,False
7204,mm,"Estuches con 5 puntas hexagonales milimétricas iguales , largo 2"" (50 mm)","Estuches con 5 puntas hexagonales milimétricas iguales , largo 2"" (50 mm)",,,55,316,baja,True,False
7205,mm,"Estuches con 5 puntas hexagonales milimétricas iguales , largo 2"" (50 mm)","Estuches con 5 puntas hexagonales milimétricas iguales , largo 2"" (50 mm)",,,55,316,baja,True,False
7206,mm,"Estuches con 5 puntas hexagonales milimétricas iguales , largo 2"" (50 mm)","Estuches con 5 puntas hexagonales milimétricas iguales , largo 2"" (50 mm)",,,55,316,baja,True,False
7208,mm,"Estuches con 5 puntas hexagonales milimétricas iguales , largo 2"" (50 mm)","Estuches con 5 puntas hexagonales milimétricas iguales , largo 2"" (50 mm)",,,66,316,baja,True,False
7209,"k|ut""","Estuches con 5 puntas hexagonales standard iguales , largo 2"" (50 mm)","Estuches con 5 puntas hexagonales standard iguales , largo 2"" (50 mm)",,,55,316,baja,True,False
7212,"i|z""","Estuches con 5 puntas hexagonales standard iguales , largo 2"" (50 mm)","Estuches con 5 puntas hexagonales standard iguales , largo 2"" (50 mm)",,,55,316,baja,True,False
7215,"m|ut""","Estuches con 5 puntas hexagonales standard iguales , largo 2"" (50 mm)","Estuches con 5 puntas hexagonales standard iguales , largo 2"" (50 mm)",,,55,316,baja,True,False
7218,"k|sx""","Estuches con 5 puntas hexagonales standard iguales , largo 2"" (50 mm)","Estuches con 5 puntas hexagonales standard iguales , largo 2"" (50 mm)",,,55,316,baja,True,False
7225,"i|v""","Estuches con 5 puntas hexagonales standard iguales , largo 2"" (50 mm)","Estuches con 5 puntas hexagonales standard iguales , largo 2"" (50 mm)",,,55,316,baja,True,False
7231,"m|sx""","Estuches con 5 puntas hexagonales standard iguales , largo 2"" (50 mm)","Estuches con 5 puntas hexagonales standard iguales , largo 2"" (50 mm)",,,66,316,baja,True,False
7312,,Dados largos de impacto,Dados largos de impacto,,,155,131,baja,True,False
7314,,Dados largos de impacto,Dados largos de impacto,,,155,131,baja,True,False
7316,,Dados largos de impacto,Dados largos de impacto,,,158,131,baja,True,False
7317,,Dados largos de impacto,Dados largos de impacto,,,180,131,baja,True,False
7318,,Dados largos de impacto,Dados largos de impacto,,,158,131,baja,True,False
7319,,Dados largos de impacto,Dados largos de impacto,,,180,131,baja,True,False
7320,,Dados largos de impacto,Dados largos de impacto,,,180,131,baja,True,False
7321,,Dados largos de impacto,Dados largos de impacto,,,180,131,baja,True,False
7322,,Dados largos de impacto,Dados largos de impacto,,,180,131,baja,True,False
7324,,Dados largos de impacto,Dados largos de impacto,,,180,131,baja,True,False
7326,,Dados largos de impacto,Dados largos de impacto,,,180,131,baja,True,False
7327,,"Dados largos de impacto, mm",Dados largos de impacto,mm,,,131,baja,True,False
7328,,Dados largos de impacto,Dados largos de impacto,,,180,131,baja,True,False
7334,D-7319-MLPD,Dados largos de impacto,Dados largos de impacto,,,180,131,alta,False,True
7336,D-7321-MLPD,Dados largos de impacto,Dados largos de impacto,,,180,131,alta,False,True
7350,,"7 cajones , 1 compartimento","7 cajones , 1 compartimento",,,15750,163,baja,True,False
7412,,Dados cortos de impacto,Dados cortos de impacto,,,77,131,baja,True,False
7414,,Dados cortos de impacto,Dados cortos de impacto,,,77,131,baja,True,False
7416,,Dados cortos de impacto,Dados cortos de impacto,,,77,131,baja,True,False
7418,,Dados cortos de impacto,Dados cortos de impacto,,,77,131,baja,True,False
7420,,Dados cortos de impacto,Dados cortos de impacto,,,83,131,baja,True,False
7422,o⁄sx,Dados cortos de impacto,Dados cortos de impacto,,,95,131,baja,True,False
7424,i⁄t,Dados cortos de impacto,Dados cortos de impacto,,,95,131,baja,True,False
7426,,Dados cortos de impacto,Dados cortos de impacto,,,105,131,baja,True,False
7427,,"Dados largos de impacto, mm",Dados largos de impacto,mm,,,131,baja,True,False
7428,,Dados cortos de impacto,Dados cortos de impacto,,,109,131,baja,True,False
7516,,Dados largos de impacto,Dados largos de impacto,,,560,131,baja,True,False
7517,,Dados largos de impacto,Dados largos de impacto,,,560,131,baja,True,False
7518,,Dados largos de impacto,Dados largos de impacto,,,560,131,baja,True,False
7519,,Dados largos de impacto,Dados largos de impacto,,,560,131,baja,True,False
7520,,Dados largos de impacto,Dados largos de impacto,,,560,131,baja,True,False
7521,,Dados largos de impacto,Dados largos de impacto,,,560,131,baja,True,False
7522,,Dados largos de impacto,Dados largos de impacto,,,600,131,baja,True,False
7523,,Dados largos de impacto,Dados largos de impacto,,,600,131,baja,True,False
7524,,Dados largos de impacto,Dados largos de impacto,,,645,131,baja,True,False
7528,Anchode,"Flexómetro Gripper , resistente a impactos 2 m, tipo llavero, de cinta: 13 mm (1⁄2e) Cinta recubierta de laca","Flexómetro Gripper , resistente a impactos 2 m, tipo llavero",de cinta: 13 mm (1⁄2e) Cinta recubierta de laca,,,173,baja,True,False
8015,m,"sombra monofilamento por rollo, 7 kg",sombra monofilamento por rollo,7 kg,,1300,547,baja,True,False
8025,m,"sombra monofilamento por rollo, 10 kg",sombra monofilamento por rollo,10 kg,,2200,547,baja,True,False
8050,m,"sombra monofilamento por rollo, 20 kg",sombra monofilamento por rollo,20 kg,,4200,547,baja,True,False
80911,mm,,,,,77,213,baja,True,False
81011,mm,,,,,77,213,baja,True,False
81314,mm,,,,,116,213,baja,True,False
8136,rpm,"abrasivas para esmeril, óxido de aluminio carburo de silicio , 6""","abrasivas para esmeril, óxido de aluminio carburo de silicio , 6""",,,300,151,baja,True,False
8160,be,"abrasivas para esmeril, óxido de aluminio carburo de silicio , 6"", 60 \_ == 1"" 3,300 rpm","abrasivas para esmeril, óxido de aluminio carburo de silicio , 6""","60 \_ == 1"" 3,300 rpm",,300,151,baja,True,False
81617,mm,,,,,137,213,baja,True,False
8180,k|z,"Llaves de estrías, o|sx 195 mm",Llaves de estrías,o|sx 195 mm,,77,213,baja,True,False
8181,i|t,"Llaves de estrías, q|sx 210 mm",Llaves de estrías,q|sx 210 mm,,118,213,baja,True,False
8182,m|z,"Llaves de estrías, ii|sx 236 mm",Llaves de estrías,ii|sx 236 mm,,137,213,baja,True,False
8183,jm|ut,"Llaves de estrías, ik|sx 275 mm",Llaves de estrías,ik|sx 275 mm,,200,213,baja,True,False
8184,k|v,"Llaves de estrías, o|z 277 mm",Llaves de estrías,o|z 277 mm,,200,213,baja,True,False
8185,im|sx,"Llaves de estrías, [ 370 mm",Llaves de estrías,[ 370 mm,,290,213,baja,True,False
8186,i|sx,"Llaves de estrías, [ i|z 395 mm",Llaves de estrías,[ i|z 395 mm,,355,213,baja,True,False
81922,mm,,,,,200,213,baja,True,False
8204,,,"Estuche con 4 puntas 0r8EF@< 1@m08>adaE , <ar6@ 3"" (75 mm)",,,200,317,baja,True,False
82426,mm,,,,,290,213,baja,True,False
8361,Fría,"Tubos LED, pantalla de policarbonato, 3,800 lm 1","Tubos LED, pantalla de policarbonato","3,800 lm 1",,315,430,baja,True,False
9005,mm,"(iguales) , largo 2 1⁄2 (65 mm) std iguales , largo 2 i|t"" (65 mm)","(iguales) , largo 2 1⁄2 (65 mm) std iguales , largo 2 i|t"" (65 mm)",,,55,317,baja,True,False
9006,mm,"(iguales) , largo 2 1⁄2 (65 mm) std iguales , largo 2 i|t"" (65 mm)","(iguales) , largo 2 1⁄2 (65 mm) std iguales , largo 2 i|t"" (65 mm)",,,55,317,baja,True,False
9008,mm,"(iguales) , largo 2 1⁄2 (65 mm) std iguales , largo 2 i|t"" (65 mm)","(iguales) , largo 2 1⁄2 (65 mm) std iguales , largo 2 i|t"" (65 mm)",,,58,317,baja,True,False
9010,,"(iguales) , largo 2 1⁄2 (65 mm) std iguales , largo 2 i|t"" (65 mm), 10","(iguales) , largo 2 1⁄2 (65 mm) std iguales , largo 2 i|t"" (65 mm)",10,,72,317,baja,True,False
9012,mm,"(iguales) , largo 2 1⁄2 (65 mm) std iguales , largo 2 i|t"" (65 mm)","(iguales) , largo 2 1⁄2 (65 mm) std iguales , largo 2 i|t"" (65 mm)",,,87,317,baja,True,False
90120,CAZ-60BX,"C uchilla de repuesto para cortadores de azulejo, CAZ-90XÖ 22 mm 12",C uchilla de repuesto para cortadores de azulejo,CAZ-90XÖ 22 mm 12,,270,113,alta,False,True
90125,mm),Extensiones magnéticas para puntas,Extensiones magnéticas para puntas,,,109,317,baja,True,False
9018,k⁄sx,"(iguales) , largo 2 1⁄2 (65 mm) std iguales , largo 2 i|t"" (65 mm)","(iguales) , largo 2 1⁄2 (65 mm) std iguales , largo 2 i|t"" (65 mm)",,,60,317,baja,True,False
9020,mm,"de corte preciso para metal, 6,600 rpm 10 60",de corte preciso para metal,"6,600 rpm 10 60",,42,152,baja,True,False
9025,i⁄v,"(iguales) , largo 2 1⁄2 (65 mm) std iguales , largo 2 i|t"" (65 mm)","(iguales) , largo 2 1⁄2 (65 mm) std iguales , largo 2 i|t"" (65 mm)",,,60,317,baja,True,False
9027,k⁄z,"(iguales) , largo 2 1⁄2 (65 mm) std iguales , largo 2 i|t"" (65 mm)","(iguales) , largo 2 1⁄2 (65 mm) std iguales , largo 2 i|t"" (65 mm)",,,72,317,baja,True,False
9031,m⁄sx,"(iguales) , largo 2 1⁄2 (65 mm) std iguales , largo 2 i|t"" (65 mm)","(iguales) , largo 2 1⁄2 (65 mm) std iguales , largo 2 i|t"" (65 mm)",,,72,317,baja,True,False
9060,mm,,Estuches con 5 extensiones magnéticas 7eLa6@>a<eE 86Ga<eE,,,123,317,baja,True,False
9070,mm,,Estuches con 5 extensiones magnéticas 7eLa6@>a<eE 86Ga<eE,,,130,317,baja,True,False
9075,mm),Extensiones magnéticas para puntas,Extensiones magnéticas para puntas,,,77,317,baja,True,False
9087,o⁄sx,"(iguales) , largo 2 1⁄2 (65 mm) std iguales , largo 2 i|t"" (65 mm)","(iguales) , largo 2 1⁄2 (65 mm) std iguales , largo 2 i|t"" (65 mm)",,,87,317,baja,True,False
9090,i⁄t,,Extensiones magnéticas arF81G<adaE para puntas,(90 mm),,158,317,baja,True,False
9100,mm,,Estuches con 5 extensiones magnéticas 7eLa6@>a<eE 86Ga<eE,,,165,317,baja,True,False
9101,,"Rodajas de hule, placa giratoria con balero, × 70 6 36","Rodajas de hule, placa giratoria con balero",× 70 6 36,,152,550,baja,True,False
